seed,scenario_count,pv_penetration,forecast_error,duration_h,placement_index,energy_kwh,power_kw,pv_kw,expected_cost,active_losses,voltage_deviation,transformer_peak,degradation,constraint_violation,chromosome,feasible
1,50,1.0,0.0,2.0,3,382.0242613104172,51.23161470489193,84.0297386074056,919.8354536111237,51.02352413716474,0.013177182529446057,84.8914794943866,0.0005934949765254643,0.0008927421127728798,"[2.9967536221099547, 382.0242613104172, 51.23161470489193, 84.0297386074056, -0.3705484842455923, -0.34321889881887313, 0.09869721469019788, 0.18015968627877418, 0.3514270145390201, 0.4697075177635918, -0.04750609091520021, 0.09061672704420809, 0.5958535522662477, -0.4894669435988171, -0.8474085760671063, 0.9041660371550303, 0.5934618700546114, -0.7518628636828336, 0.05844561526072023, 0.2231594607436429, -0.22301887060197653, -0.27481095181911586, 0.3493787908695549, 0.09634587666428197, -0.6828899320265747, 0.901191772636994, -0.679363951261908, 0.8325161086984465, 0.491229445043722, -0.03399796818503594, -0.4473739718096945, -0.7107954428977222, -0.48782916359583073, -0.065235285225894, 0.8006664778916288, -0.9114517831923294, -0.0854961349780645, 0.9145887345070747, 0.6237767653333953, -0.03616624205525659, 0.3431752679614066, 0.6900461831366929, 0.8993804844470621, -0.7999551846654979, 0.9922123977475547, -0.27947223063271376, -0.8516194462910736, 0.4658427909963016, -0.4340576579178139, -0.5103206529807834, -0.42054379684150733, -0.8045686848312199, -0.6749799980970224, 0.9146912438331611, 0.173340249211413, -0.9342505796419105, -0.1500155870696272, 0.3704071797996853, -0.7118500942363991, 0.44587782867959186, -0.968524152024503, -0.8362840058455159, -0.6950710969780223, -0.8550780883306864, -0.06881309403456912, 0.7756957735147021, -0.3666831156519734, -0.9570722474456173, 0.6245899159660764, 0.6266457394994479, -0.339193613361073, 0.9263634334794699, 0.5131659520977276, -0.08496194948126579, -0.7314401704555349, -0.2265388536562769, -0.3216102144396529, -0.7290761054466416, -0.24938336762985436, 0.4121519378109518, 0.8536556860285441, 0.24482361580366507, -0.8336763955969446, -0.7736516799071553, 0.9435721872206054, -0.10808338089183839, -0.7330929212572928, 0.21073932471382606, -0.05993604557173377, 0.6298841165206327, 0.10364779391035026, 0.8664600510028007, 0.2602772899651452, 0.3428559285249344, 0.6452071512848188, -0.8294273967250478, -0.8688736951631602, 0.8050746155287025, 0.965786133175374, 0.969978463321028, -0.2846624370588447, 0.509159246524995, -0.48169509611294437, 0.203779866147477, 0.3917599972578792, 0.10063650340148333, 0.08013934853650075, -0.0020270953859702345, -0.5928566682127967, 0.9982499561285596, 0.24878142896139044, -0.0838408790277616, 0.10043076337226726, -0.46138220372149363, -0.352561581907022, -0.7997247916112662, 0.26124522775974124, -0.48762396970793215, 0.769612892761345, 0.8940123374713802, 0.4226167010434484, 0.9992494497547005, -0.7234501867523369, 0.6606373083631576, -0.8644068743974209, -0.6797713664384583, 0.951657079156021, -0.15050745099685398, 0.09034266740755238, -0.8829767500525285, 0.1951382508614056, 0.8327683896225972, -0.8744115576917928, 0.5975570029340566, -0.456429737394241, 0.5388283191937636, 0.5952228418652631, -0.4656168309974784, -0.4405738403600776, 0.9939021115103727, 0.4918967603526452, -0.48665614858877987, 0.3574727171544454, 0.7025887626024501, -0.6633777178435014, -0.8906684358546264, -0.6321427763624785, -0.5130145759438349, -0.7083077675117299, 0.044440055901616926, 0.6937962179431034, 0.5123825005496188, -0.506539000117479, 0.5255148388103486, -0.44430317594278335, -0.25028119884816113, -0.8931488695656533, 0.6667504021684264, -0.6462361652191, -0.6656215940850092, -0.3101521337354223, 0.2846417574688192, -0.005342669238719862, 0.1875999619925135, 0.6661895376170672, -0.17834800706262455, 0.2885496962656141, 0.6164224227643367, -0.8061509538940383, 0.34315885300182053, -0.7138440077895005, -0.11614117709192451, 0.4435680987107086, 0.2067628624630995, -0.23774735773757902, 0.3647867357929419, -0.612070106101558, -0.35248904966179884, 0.1274373127816133, -0.12748113122171562, -0.7549486984619995, -0.9741822292499469, 0.38252860639678127, 0.6743530069751866, -0.9182949111717025, -0.12246663241071232, 0.6407249924175062, -0.8357136303384545, 0.33172787451241265, 0.887607826143072, 0.5921392263975847, -0.9108134919592981, -0.4898334179564902, -0.830855950115767, 0.13873689583015847, 0.19003775115658667]",False
1,50,1.0,0.0,2.0,3,382.0242613104172,51.23161470489193,84.0297386074056,919.8354602180721,51.02352430265224,0.013177182616799876,84.8914794943866,0.0005934950310381576,0.0008927421158889531,"[2.9967536221099547, 382.0242613104172, 51.23161470489193, 84.0297386074056, -0.3705484842455923, -0.34321889881887313, 0.09869721469019788, 0.18015968627877418, 0.351427016096417, 0.4697075177635918, -0.04750609091520021, 0.1522299896369515, 0.5958535522662477, -0.4894669435988171, -0.8465276712099883, 0.9041660371550303, 0.5934618700546114, -0.7518628636828336, 0.05844561526072023, 0.2231594607436429, -0.22301887060197653, -0.27481095181911586, 0.3493787908695549, 0.09285306453256349, -0.6828899320265747, 0.901191772636994, -0.6793683972889811, 0.8325160808226088, 0.491229445043722, -0.03399789301886943, -0.4473739718096945, -0.7109206946537144, -0.48782916359583073, -0.065235285225894, 0.8006665020354754, -0.9114517831923294, -0.0854961349780645, 0.9145887345070747, 0.6237756968072132, -0.03616624205525659, 0.3431752679614066, 0.6900461831366929, 0.8993804844470621, -0.7999551846654979, 0.9922123977475547, -0.27947223063271376, -0.8516194462910736, 0.46584007696572, -0.4340576579178139, -0.5103206529807834, -0.42054379684150733, -0.8045686848312199, -0.6749805319885739, 0.9146912438331611, 0.173340249211413, -0.9063287976765679, -0.1500155870696272, 0.3704071797996853, -0.7118500942363991, 0.44587782867959186, -0.968524152024503, -0.8362840058455159, -0.6950710969780223, -0.856085399960805, -0.06881309723636037, 0.7756957735147021, -0.3666831156519734, -0.9570722474456173, 0.6245899159660764, 0.6266457394994479, -0.339193613361073, 0.9263634334794699, 0.5131659520977276, -0.08496194948126579, -0.7314401704555349, -0.2265388536562769, -0.3216102144396529, -0.7290761054466416, -0.24938336762985436, 0.4121519378109518, 0.853655694752399, 0.2448235510448183, -0.8336763955969446, -0.7736516799071553, 0.9435721301867337, -0.10808338089183839, -0.7330930314163081, 0.15929776255197803, -0.05993608538641027, 0.6298841165206327, 0.10364779391035026, 0.8664600510028007, 0.2602772899651452, 0.3428559285249344, 0.6452071512848188, -0.8294274753955313, -0.8688736951631602, 0.8050746155287025, 0.965786133175374, 0.969978404930923, -0.2846624370588447, 0.5092297618923894, -0.48169509611294437, 0.203779866147477, 0.3917599972578792, 0.10063650340148333, 0.08013934853650075, -0.0020270953859702345, -0.5928566737474706, 0.9982499561285596, 0.24878142896139044, -0.0838408790277616, 0.10043076337226726, -0.46138220372149363, -0.352561581904062, -0.7997247916112662, 0.26124522775974124, -0.48762396970793215, 0.7695759607830981, 0.8940123374713802, 0.4226167010434484, 0.9992494431548532, -0.7234501867523369, 0.6606373083631576, -0.8644068743974209, -0.6797713664384583, 0.951657079156021, -0.15062394138543436, 0.09034493773263201, -0.8829737347693257, 0.19513825133116403, 0.8012587086910704, -0.8744115576917928, 0.5975570029340566, -0.456429737394241, 0.5388283191937636, 0.5952228418652631, -0.4656168309974784, -0.4405738403600776, 0.9940475386351789, 0.4918967603526452, -0.48665614858877987, 0.3574727171544454, 0.7025887626024501, -0.6633777178435014, -0.8906775243026035, -0.6321425400060999, -0.5130145759438349, -0.7083077675117299, 0.044440055901616926, 0.6937962179431034, 0.5123825005496188, -0.506539000117479, 0.5255148388103486, -0.44430317594278335, -0.25028119884816113, -0.8931488695656533, 0.6667504021684264, -0.6462361652191, -0.6656215940850092, -0.3101521337354223, 0.2846417574688192, -0.005362365184377528, 0.1875999619925135, 0.6661895376170672, -0.17834806964156744, 0.2885496962656141, 0.6164224227643367, -0.8060510741872625, 0.34315885300182053, -0.6787529185742365, -0.11614117709192451, 0.4435680987107086, 0.2067628624630995, -0.23774735773757902, 0.3647867357929419, -0.6120706067631887, -0.35248904966179884, 0.1274373127816133, -0.12748113122171562, -0.7549486984619995, -0.9741822292499469, 0.38252860639678127, 0.6743530339744086, -0.9182946649373948, -0.12246663241071232, 0.6407249924175062, -0.8357136303384545, 0.33172787451241265, 0.887607826143072, 0.5921392263975847, -0.9108134919592981, -0.4898334179564902, -0.830855950115767, 0.13873689583015847, 0.19003775115658667]",False
1,50,1.0,0.0,2.0,3,382.0242613104172,51.23161470489193,84.0297386074056,919.8354896879739,51.02352689289943,0.013177182585094432,84.89147949438669,0.0005934952715702566,0.0008927423236004423,"[2.9967536221099547, 382.0242613104172, 51.23161470489193, 84.0297386074056, -0.3705484842455923, -0.34321889881887313, 0.09869721469019788, 0.18015968627877418, 0.3514270145390201, 0.4697075177635918, -0.04750609091520021, 0.09061672704420809, 0.5958535522662477, -0.4894669435988171, -0.8474085760671063, 0.9041660371550303, 0.5934618700546114, -0.7518628636828336, 0.05844561526072023, 0.2231594607436429, -0.22301887060197653, -0.27481095181911586, 0.3493787908695549, 0.09634587666428197, -0.6828899320265747, 0.901191772636994, -0.679363951261908, 0.8325161086984465, 0.491229445043722, -0.03399796818503594, -0.4473739718096945, -0.7108022922295215, -0.48782916359583073, -0.065235285225894, 0.8006664778916288, -0.9114517831923294, -0.0854961349780645, 0.9145887345070747, 0.6237767653333953, -0.03616624205525659, 0.3431752679614066, 0.6900461831366929, 0.926158166781212, -0.7999551846654979, 0.9922123977475547, -0.27947223063271376, -0.8516194462910736, 0.4657997102380554, -0.4340576579178139, -0.5103206529807834, -0.42054379684150733, -0.8045686848312199, -0.6749799980970224, 0.9146912438331611, 0.173340249211413, -0.9342505796419105, -0.1500155870696272, 0.3704071797996853, -0.7118500942363991, 0.44587782867959186, -0.968524152024503, -0.8362840058455159, -0.6950710969780223, -0.8172753853241291, -0.06881301520781621, 0.7756957735147021, -0.3666831156519734, -0.9570722474456173, 0.6245899159660764, 0.6266457394994479, -0.339193613361073, 0.9263634334794699, 0.5131659520977276, -0.08496194948126579, -0.7314401704555349, -0.2265388536562769, -0.3216102144396529, -0.7290761054466416, -0.24938336762985436, 0.4121519378109518, 0.8536556860285441, 0.24482361580366507, -0.8336763955969446, -0.7736516799071553, 0.94357309182674, -0.10808338089183839, -0.7330929212572928, 0.21073932471382606, -0.05993873933871632, 0.6298841165206327, 0.10364779391035026, 0.8664600510028007, 0.2602772899651452, 0.3428559285249344, 0.6452071512848188, -0.8294188326004099, -0.8688736951631602, 0.8050746155287025, 0.965786133175374, 0.9699738041954771, -0.2846624370588447, 0.509159246524995, -0.48169509611294437, 0.203779866147477, 0.3917599972578792, 0.10063650340148333, 0.08013934853650075, -0.0020270953859702345, -0.5928566682127967, 0.9982499561285596, 0.24878142896139044, -0.0838408790277616, 0.10043076337226726, -0.3141700686817137, -0.352561581907022, -0.7997247916112662, 0.26124522775974124, -0.48762396970793215, 0.769612892761345, 0.8940123374713802, 0.4226167010434484, 0.9992498489772758, -0.7234501867523369, 0.6606373083631576, -0.8644068743974209, -0.6797713664384583, 0.951657079156021, -0.15050874159754898, 0.09034266740755238, -0.8829767500525285, 0.1951382618893005, 0.833029198738018, -0.8744115576917928, 0.5975570029340566, -0.456429737394241, 0.5388283191937636, 0.5952228418652631, -0.4656168309974784, -0.4405738403600776, 0.9827052417411211, 0.4918967603526452, -0.48665614858877987, 0.3574727171544454, 0.7025887626024501, -0.6633777178435014, -0.8906684358546264, -0.6321427763624785, -0.5130145759438349, -0.7083077675117299, 0.044440055901616926, 0.6937962179431034, 0.5123825005496188, -0.506539000117479, 0.5255148388103486, -0.44430317594278335, -0.25028119884816113, -0.8931488695656533, 0.6667504021684264, -0.6462361652191, -0.6656215940850092, -0.3101521337354223, 0.2846417574688192, -0.005342669238719862, 0.1875999619925135, 0.6661895376170672, -0.17834800706262455, 0.2885496962656141, 0.6164224227643367, -0.8061509538940383, 0.34315885300182053, -0.7138440077895005, -0.11614117709192451, 0.4435680987107086, 0.2067628624630995, -0.23774735773757902, 0.3647867357929419, -0.612070106101558, -0.35248904966179884, 0.1274373127816133, -0.12748113122171562, -0.7549486984619995, -0.9741822292499469, 0.38252860639678127, 0.6743530069751866, -0.9182948948803408, -0.12246663241071232, 0.6407249924175062, -0.8357136303384545, 0.33172787451241265, 0.887607826143072, 0.5921392263975847, -0.9108134919592981, -0.4898334179564902, -0.830855950115767, 0.13873689583015847, 0.19003775115658667]",False
1,50,1.0,0.0,2.0,3,382.0242613104172,51.23161470489193,84.0297386074056,919.8354962949245,51.02352705838788,0.013177182672448294,84.8914794943866,0.0005934953260829445,0.0008927423267165285,"[2.9967536221099547, 382.0242613104172, 51.23161470489193, 84.0297386074056, -0.3705484842455923, -0.34321889881887313, 0.09869721469019788, 0.18015968627877418, 0.351427016096417, 0.4697075177635918, -0.04750609091520021, 0.1522299896369515, 0.5958535522662477, -0.4894669435988171, -0.8465276712099883, 0.9041660371550303, 0.5934618700546114, -0.7518628636828336, 0.05844561526072023, 0.2231594607436429, -0.22301887060197653, -0.27481095181911586, 0.3493787908695549, 0.09285306453256349, -0.6828899320265747, 0.901191772636994, -0.6793683972889811, 0.8325160808226088, 0.491229445043722, -0.03399789301886943, -0.4473739718096945, -0.7109275439855137, -0.48782916359583073, -0.065235285225894, 0.8006665020354754, -0.9114517831923294, -0.0854961349780645, 0.9145887345070747, 0.6237756968072132, -0.03616624205525659, 0.3431752679614066, 0.6900461831366929, 0.8993804844470621, -0.7999551846654979, 0.9922123977475547, -0.27947223063271376, -0.8516194462910736, 0.4657969962074737, -0.4340576579178139, -0.5103206529807834, -0.42054379684150733, -0.8045686848312199, -0.6749805319885739, 0.9146912438331611, 0.173340249211413, -0.9342505796419105, -0.1500155870696272, 0.3704071797996853, -0.7118500942363991, 0.44587782867959186, -0.968524152024503, -0.8362840058455159, -0.6950710969780223, -0.8182826969542478, -0.06881301840960746, 0.7756957735147021, -0.3666831156519734, -0.9570722474456173, 0.6245899159660764, 0.6266457394994479, -0.339193613361073, 0.9263634334794699, 0.5131659520977276, -0.08496194948126579, -0.7314401704555349, -0.2265388536562769, -0.3216102144396529, -0.7290761054466416, -0.24938336762985436, 0.4121519378109518, 0.853655694752399, 0.2448235510448183, -0.8336763955969446, -0.7736516799071553, 0.9435730347928681, -0.10808338089183839, -0.7330930314163081, 0.15929776255197803, -0.05993877915339282, 0.6298841165206327, 0.10364779391035026, 0.8664600510028007, 0.2602772899651452, 0.3428559285249344, 0.6452071512848188, -0.8294189112708934, -0.8688736951631602, 0.8050746155287025, 0.965786133175374, 0.9699737458053722, -0.2846624370588447, 0.5092297618923894, -0.48169509611294437, 0.203779866147477, 0.3917599972578792, 0.10063650340148333, 0.08013934853650075, -0.0020270953859702345, -0.5928566737474706, 0.9982499561285596, 0.24878142896139044, -0.0838408790277616, 0.10043076337226726, -0.46138220372149363, -0.352561581904062, -0.7997247916112662, 0.26124522775974124, -0.48762396970793215, 0.7695759607830981, 0.8940123374713802, 0.4226167010434484, 0.9992498423774283, -0.7234501867523369, 0.6606373083631576, -0.8644068743974209, -0.6797713664384583, 0.951657079156021, -0.15062523198612937, 0.09034493773263201, -0.8829737347693257, 0.19513826235905896, 0.8015195178064911, -0.8744115576917928, 0.5975570029340566, -0.456429737394241, 0.5388283191937636, 0.5952228418652631, -0.4656168309974784, -0.4405738403600776, 0.9828506713146284, 0.4918967603526452, -0.48665614858877987, 0.3574727171544454, 0.7025887626024501, -0.6633777178435014, -0.8906775243026035, -0.6321425400060999, -0.5130145759438349, -0.7083077675117299, 0.044440055901616926, 0.6937962179431034, 0.5123825005496188, -0.506539000117479, 0.5255148388103486, -0.44430317594278335, -0.25028119884816113, -0.8931488695656533, 0.6667504021684264, -0.6462361652191, -0.6656215940850092, -0.3101521337354223, 0.2846417574688192, -0.005362365184377528, 0.1875999619925135, 0.6661895376170672, -0.17834806964156744, 0.2885496962656141, 0.6164224227643367, -0.8060510741872625, 0.34315885300182053, -0.6787529185742365, -0.11614117709192451, 0.4435680987107086, 0.2067628624630995, -0.23774735773757902, 0.3647867357929419, -0.6120706067631887, -0.35248904966179884, 0.1274373127816133, -0.12748113122171562, -0.7549486984619995, -0.9741822292499469, 0.38252860639678127, 0.6743530339744086, -0.918294648646033, -0.12246663241071232, 0.6407249924175062, -0.8357136303384545, 0.33172787451241265, 0.887607826143072, 0.5921392263975847, -0.9108134919592981, -0.4898334179564902, -0.830855950115767, 0.13873689583015847, 0.19003775115658667]",False
1,50,1.0,0.0,2.0,3,382.0242613104172,51.23161470489193,84.02973891764637,919.8356594463687,51.02354071992296,0.013177182946151415,84.8914794943866,0.000593496526213233,0.000892743249668277,"[2.9967536221099547, 382.0242613104172, 51.23161470489193, 84.02973891764637, -0.3705484842455923, -0.34321889881887313, 0.09869721469019788, 0.18015968627877418, 0.35142701460735726, 0.4697075177635918, -0.04750609091520021, 0.1522299896369515, 0.5958535522662477, -0.4894669435988171, -0.8229929728112312, 0.9041660371550303, 0.5934618700546114, -0.7518628636828336, 0.05844561526072023, 0.2231594607436429, -0.22301887060197653, -0.27481095140419615, 0.3493787908695549, 0.09634587666428197, -0.6828899320265747, 0.901191772636994, -0.6793634601523828, 0.8325160953014787, 0.491229445043722, -0.03399796818503594, -0.4473739718096945, -0.7109298659565091, -0.48782916359583073, -0.065235285225894, 0.800666002366539, -0.9114517831923294, -0.0854961349780645, 0.9145887345070747, 0.6238547538521687, -0.03616624205525659, 0.3431752679614066, 0.6900461831366929, 0.8993804844470621, -0.7999551846654979, 0.9922123977475547, -0.27947223063271376, -0.8516194462910736, 0.46474353190111656, -0.4340576579178139, -0.5103206529807834, -0.42054379684150733, -0.8045686848312199, -0.6749791758189249, 0.9146912438331611, 0.173340249211413, -0.9730074835285175, -0.1500155870696272, 0.3704071797996853, -0.7118500942363991, 0.44587782867959186, -0.968524152024503, -0.8362840058455159, -0.6950710969780223, -0.855078087990493, -0.06881301840960746, 0.7756957735147021, -0.3666831156519734, -0.9570722474456173, 0.6245899159660764, 0.6266457394994479, -0.339193613361073, 0.9263634334794699, 0.5131659520977276, -0.08496194948126579, -0.7314401704555349, -0.2265388536562769, -0.3216102144396529, -0.7290761054466416, -0.24938336762985436, 0.4121519378109518, 0.8536555667384415, 0.244823552810731, -0.8336763955969446, -0.7736516799071553, 0.9435730347928681, -0.10808338089183839, -0.7330930250139794, 0.21073932471382606, -0.05995057272785331, 0.6298841165206327, 0.10364779391035026, 0.8664600510028007, 0.2602772899651452, 0.3428559285249344, 0.6452071512848188, -0.8292719488274928, -0.8688736951631602, 0.8050746155287025, 0.965786133175374, 0.969978463321028, -0.2846624370588447, 0.509159246524995, -0.48169509611294437, 0.203779866147477, 0.3917599972578792, 0.10063650340148333, 0.08013934853650075, -0.0020270953859702345, -0.5928566690854286, 0.9982499561285596, 0.24878142896139044, -0.0838408790277616, 0.10043076337226726, -0.46138220372149363, -0.352561581907022, -0.7997247916112662, 0.26124522775974124, -0.48762396970793215, 0.7695759607830981, 0.8940123374713802, 0.4226167010434484, 0.6558926667044681, -0.7234501867523369, 0.6606373083631576, -0.8644068743974209, -0.6797713664384583, 0.951657079156021, -0.15062566213176862, 0.09034493773263201, -0.8829768779870475, 0.19513826235905896, 0.8327683896225972, -0.8744115576917928, 0.5975570029340566, -0.456429737394241, 0.5388283191937636, 0.5952228418652631, -0.4656168309974784, -0.4405738403600776, 0.9828252603292785, 0.4918967603526452, -0.48665614858877987, 0.3574727171544454, 0.7025887626024501, -0.6633777178435014, -0.8906684358546264, -0.6321427763624785, -0.5130145759438349, -0.7083063996054325, 0.044440055901616926, 0.6937962179431034, 0.5123825005496188, -0.506539000117479, 0.5255148388103486, -0.44430317594278335, -0.25028119884816113, -0.8931488695656533, 0.6667504021684264, -0.6462361652191, -0.6656215940850092, -0.3101521337354223, 0.2846417574688192, -0.005429200543701527, 0.1875999619925135, 0.6661895376170672, -0.1783480702722309, 0.2885496962656141, 0.6164224227643367, -0.8061507011692292, 0.34315885300182053, -0.6787529185742365, -0.11614117709192451, 0.4435680987107086, 0.2067628624630995, -0.23774735773757902, 0.3647867357929419, -0.6120701063463351, -0.35248904966179884, 0.1274373127816133, -0.12748113122171562, -0.7549486984619995, -0.9741822292499469, 0.38252860639678127, 0.6743417892289418, -0.9182949111717025, -0.12246663241071232, 0.6407249924175062, -0.8357136303384545, 0.33172787451241265, 0.887607826143072, 0.5921392263975847, -0.9108134919592981, -0.4898334113562298, -0.830855950115767, 0.13873689583015847, 0.19003775115658667]",False
1,50,1.0,0.0,2.0,3,382.0242613104172,51.23161470489193,84.02973891764637,919.8356596719442,51.023540791696526,0.013177182947969152,84.8914794943866,0.0005934965224357221,0.0008927432496683199,"[2.9967536221099547, 382.0242613104172, 51.23161470489193, 84.02973891764637, -0.3705484842455923, -0.34321889881887313, 0.09869721469019788, 0.18015968627877418, 0.35142701460735726, 0.4697075177635918, -0.04750609091520021, 0.1522299896369515, 0.5958535522662477, -0.4894669435988171, -0.8229929728112312, 0.9041660371550303, 0.5934618700546114, -0.7518628636828336, 0.05844561526072023, 0.2231594607436429, -0.22301887060197653, -0.27481095140419615, 0.3493787908695549, 0.09634587666428197, -0.6828899320265747, 0.901191772636994, -0.6793634601523828, 0.8325160950184806, 0.491229445043722, -0.03399796818503594, -0.4473739718096945, -0.7109298655293745, -0.48782916359583073, -0.065235285225894, 0.800666002366539, -0.9114517831923294, -0.0854961349780645, 0.9145887345070747, 0.6238547665163808, -0.03616624205525659, 0.3431752679614066, 0.6900461831366929, 0.8993804844470621, -0.7999551846654979, 0.9922123977475547, -0.27947223063271376, -0.8516194462910736, 0.46474353190111656, -0.4340576579178139, -0.5103206529807834, -0.42054379684150733, -0.8045686848312199, -0.6749791352253088, 0.9146912438331611, 0.173340249211413, -0.9338505135654579, -0.1500155870696272, 0.3704071797996853, -0.7118500942363991, 0.44587782867959186, -0.968524152024503, -0.8362840058455159, -0.6950710969780223, -0.8550780883334759, -0.06881301840960746, 0.7756957735147021, -0.3666831156519734, -0.9570722474456173, 0.6245899159660764, 0.6266457394994479, -0.339193613361073, 0.9263634334794699, 0.5131659520977276, -0.08496194948126579, -0.7314401704555349, -0.2265388536562769, -0.3216102144396529, -0.7290761054466416, -0.24938336762985436, 0.39652842862955834, 0.8536555667384415, 0.244823552810731, -0.8336763955969446, -0.7736516799071553, 0.9435730347928681, -0.10808338089183839, -0.7330930250139794, 0.21073932471382606, -0.05995057272785331, 0.6298841165206327, 0.10364779391035026, 0.8664600510028007, 0.2602772899651452, 0.3428559285249344, 0.6452071512848188, -0.8292719488274928, -0.8688736951631602, 0.8050746155287025, 0.965786133175374, 0.969978463321028, -0.2846624370588447, 0.509159246524995, -0.48169509611294437, 0.203779866147477, 0.3917599972578792, 0.10063650340148333, 0.08013934853650075, -0.0020270953859702345, -0.5928566733956632, 0.9982499561285596, 0.24878142896139044, -0.0838408790277616, 0.10043076337226726, -0.46138220372149363, -0.352561581907022, -0.7997247916112662, 0.26124522775974124, -0.48762396970793215, 0.7695759607830981, 0.8940123374713802, 0.4226167010434484, 0.6541127224733891, -0.7234501867523369, 0.6606373083631576, -0.8644068743974209, -0.6797713664384583, 0.951657079156021, -0.15062566213176862, 0.09034493773263201, -0.8829768796313976, 0.19513826235905896, 0.8327683896225972, -0.8744115576917928, 0.5975570029340566, -0.456429737394241, 0.5388283191937636, 0.5952228418652631, -0.4656168309974784, -0.4405738403600776, 0.9828524018631176, 0.4918967603526452, -0.48665614858877987, 0.3574727171544454, 0.7025887626024501, -0.6633777178435014, -0.8906684358546264, -0.6321427763624785, -0.5130145759438349, -0.708307648970886, 0.044440055901616926, 0.6937962179431034, 0.5123825005496188, -0.506539000117479, 0.5255148388103486, -0.44430317594278335, -0.25028119884816113, -0.8931488695656533, 0.6667504021684264, -0.6462361652191, -0.6656215940850092, -0.3101521337354223, 0.2846417574688192, -0.005429200543701527, 0.1875999619925135, 0.6661895376170672, -0.1783480702722309, 0.2885496962656141, 0.6164224227643367, -0.8061507011692292, 0.34315885300182053, -0.6787529185742365, -0.11614117709192451, 0.4435680987107086, 0.2067628624630995, -0.23774735773757902, 0.3647867357929419, -0.6120701061002589, -0.35248904966179884, 0.1274373127816133, -0.12748113122171562, -0.7549486984619995, -0.9741822292499469, 0.38252860639678127, 0.6743417892289418, -0.9182946450728511, -0.12246663241071232, 0.6407249924175062, -0.8357136303384545, 0.33172787451241265, 0.887607826143072, 0.5921392263975847, -0.9108134919592981, -0.4898334113562298, -0.830855950115767, 0.13873689583015847, 0.19003775115658667]",False
1,50,1.0,0.0,2.0,3,382.0242613104172,51.23161470489193,84.02973891764637,919.8356546880212,51.023539205827085,0.013177182907808359,84.8914794943866,0.0005934966059030157,0.0008927432496683348,"[2.9967536221099547, 382.0242613104172, 51.23161470489193, 84.02973891764637, -0.3705484842455923, -0.34321889881887313, 0.09869721469019788, 0.18015968627877418, 0.35142701460735726, 0.4697075177635918, -0.04750609091520021, 0.1522299896369515, 0.5864097678464154, -0.4894669435988171, -0.8229929728112312, 0.9041660371550303, 0.5934618700546114, -0.7518628636828336, 0.05844561526072023, 0.2231594607436429, -0.22301887060197653, -0.27481095140419615, 0.3493787908695549, 0.09634587666428197, -0.6828899320265747, 0.901191772636994, -0.6793634601523828, 0.8325161084101574, 0.491229445043722, -0.03399796818503594, -0.4473739718096945, -0.7109298860174329, -0.48782916359583073, -0.065235285225894, 0.800666002366539, -0.9114517831923294, -0.0854961349780645, 0.9145887345070747, 0.6238572588837917, -0.03616624205525659, 0.3431752679614066, 0.6900461831366929, 0.8993804844470621, -0.7999551846654979, 0.9922123977475547, -0.27947223063271376, -0.8516194462910736, 0.46474353190111656, -0.4340576579178139, -0.5103206529807834, -0.42054379684150733, -0.8045686848312199, -0.6749800321755256, 0.9146912438331611, 0.173340249211413, -0.9730074835285175, -0.1500155870696272, 0.3704071797996853, -0.7118500942363991, 0.44587782867959186, -0.968524152024503, -0.8362840058455159, -0.6950710969780223, -0.8550780879940585, -0.06881301840960746, 0.7756957735147021, -0.3666831156519734, -0.9570722474456173, 0.6245899159660764, 0.6266457394994479, -0.339193613361073, 0.9263634334794699, 0.5131659520977276, -0.08496194948126579, -0.7314401704555349, -0.2265388536562769, -0.3216102144396529, -0.7290761054466416, -0.24938336762985436, 0.4121519378109518, 0.8536555667384415, 0.244823552810731, -0.8336763955969446, -0.7736516799071553, 0.9435730347928681, -0.10808338089183839, -0.7330930250139794, 0.21073932471382606, -0.05995057272785331, 0.6298841165206327, 0.10364779391035026, 0.8664600510028007, 0.2602772899651452, 0.3428559285249344, 0.6452071512848188, -0.8292719488274928, -0.8688736951631602, 0.8050746155287025, 0.965786133175374, 0.969978463321028, -0.2846624370588447, 0.509159246524995, -0.48169509611294437, 0.203779866147477, 0.3917599972578792, 0.10063650340148333, 0.08013934853650075, -0.0020270953859702345, -0.5928566690854286, 0.9982499561285596, 0.24878142896139044, -0.0838408790277616, 0.10043076337226726, -0.46138220372149363, -0.352561581907022, -0.7997247916112662, 0.26124522775974124, -0.48762396970793215, 0.7695759607830981, 0.8940123374713802, 0.4226167010434484, 0.9854711310495399, -0.7234501867523369, 0.6606373083631576, -0.8644068743974209, -0.6797713664384583, 0.951657079156021, -0.15062566213176862, 0.09034493773263201, -0.8829769407612146, 0.19513826235905896, 0.8327683896225972, -0.8744115576917928, 0.5975570029340566, -0.456429737394241, 0.5388283191937636, 0.5952228418652631, -0.4656168309974784, -0.4405738403600776, 0.9828252603292785, 0.4918967603526452, -0.48665614858877987, 0.3574727171544454, 0.7025887626024501, -0.6633777178435014, -0.8906684358546264, -0.6321427763624785, -0.5130145759438349, -0.7083065085776862, 0.044440055901616926, 0.6937962179431034, 0.5123825005496188, -0.506539000117479, 0.5255148388103486, -0.44430317594278335, -0.25028119884816113, -0.8931488695656533, 0.6667504021684264, -0.6462361652191, -0.6656215940850092, -0.3101521337354223, 0.2846417574688192, -0.005429200543701527, 0.1875999619925135, 0.6661895376170672, -0.1783480702722309, 0.2885496962656141, 0.6164224227643367, -0.8061507011692292, 0.34315885300182053, -0.6787529185742365, -0.11614117709192451, 0.4435680987107086, 0.2067628624630995, -0.3073397496156085, 0.3647867357929419, -0.6120701063463351, -0.35248904966179884, 0.1274373127816133, -0.12748113122171562, -0.7549486984619995, -0.9741822292499469, 0.38252860639678127, 0.6743417892289418, -0.9182949111717025, -0.12246663241071232, 0.6407249924175062, -0.8357136303384545, 0.33172787451241265, 0.887607826143072, 0.5921392263975847, -0.9108134919592981, -0.4898334113562298, -0.830855950115767, 0.13873689583015847, 0.19003775115658667]",False
1,50,1.0,0.0,2.0,3,382.0242613104172,51.23161470489193,84.02973891764637,919.8356549135758,51.02353927759933,0.01317718290962587,84.8914794943866,0.0005934966021255048,0.0008927432496683407,"[2.9967536221099547, 382.0242613104172, 51.23161470489193, 84.02973891764637, -0.3705484842455923, -0.34321889881887313, 0.09869721469019788, 0.18015968627877418, 0.35142701460735726, 0.4697075177635918, -0.04750609091520021, 0.1522299896369515, 0.5958535522662477, -0.4894669435988171, -0.8229929728112312, 0.9041660371550303, 0.5934618700546114, -0.7518628636828336, 0.05844561526072023, 0.2231594607436429, -0.22301887060197653, -0.27481095140419615, 0.3493787908695549, 0.09634587666428197, -0.6828899320265747, 0.901191772636994, -0.6793634601523828, 0.8325161081271594, 0.491229445043722, -0.03399796818503594, -0.4473739718096945, -0.7109298855902983, -0.48782916359583073, -0.065235285225894, 0.800666002366539, -0.9114517831923294, -0.0854961349780645, 0.9145887345070747, 0.623857271548004, -0.03616624205525659, 0.3431752679614066, 0.6900461831366929, 0.8993804844470621, -0.7999551846654979, 0.9922123977475547, -0.27947223063271376, -0.8516194462910736, 0.46474353190111656, -0.4340576579178139, -0.5103206529807834, -0.42054379684150733, -0.8045686848312199, -0.6749799915819096, 0.9146912438331611, 0.173340249211413, -0.9338505135654579, -0.1500155870696272, 0.3704071797996853, -0.7118500942363991, 0.44587782867959186, -0.968524152024503, -0.8362840058455159, -0.6950710969780223, -0.8550780883370412, -0.06881301840960746, 0.7756957735147021, -0.3666831156519734, -0.9570722474456173, 0.6245899159660764, 0.6266457394994479, -0.339193613361073, 0.9263634334794699, 0.5131659520977276, -0.08496194948126579, -0.7314401704555349, -0.2265388536562769, -0.3216102144396529, -0.7290761054466416, -0.24938336762985436, 0.4121519378109518, 0.8536555667384415, 0.244823552810731, -0.8336763955969446, -0.7736516799071553, 0.9435730347928681, -0.10808338089183839, -0.7330930250139794, 0.21073932471382606, -0.05995057272785331, 0.6298841165206327, 0.10364779391035026, 0.8664600510028007, 0.2602772899651452, 0.3428559285249344, 0.6452071512848188, -0.8292719488274928, -0.8688736951631602, 0.8050746155287025, 0.965786133175374, 0.969978463321028, -0.2846624370588447, 0.509159246524995, -0.48169509611294437, 0.203779866147477, 0.3917599972578792, 0.10063650340148333, 0.08013934853650075, -0.0020270953859702345, -0.5928566733956632, 0.9982499561285596, 0.24878142896139044, -0.0838408790277616, 0.10043076337226726, -0.46138220372149363, -0.352561581907022, -0.7997247916112662, 0.26124522775974124, -0.48762396970793215, 0.7695759607830981, 0.8940123374713802, 0.4226167010434484, 0.9853724570477916, -0.7234501867523369, 0.6606373083631576, -0.8644068743974209, -0.6797713664384583, 0.951657079156021, -0.15062566213176862, 0.09034493773263201, -0.8829769424055646, 0.19513826235905896, 0.8327683896225972, -0.8744115576917928, 0.5975570029340566, -0.456429737394241, 0.5388283191937636, 0.5952228418652631, -0.4656168309974784, -0.4405738403600776, 0.9828524018631176, 0.4918967603526452, -0.48665614858877987, 0.3574727171544454, 0.7025887626024501, -0.6633777178435014, -0.8906684358546264, -0.6321427763624785, -0.5130145759438349, -0.7083077579431397, 0.044440055901616926, 0.6937962179431034, 0.5123825005496188, -0.506539000117479, 0.5255148388103486, -0.44430317594278335, -0.25028119884816113, -0.8931488695656533, 0.6667504021684264, -0.6462361652191, -0.6656215940850092, -0.3101521337354223, 0.2846417574688192, -0.005429200543701527, 0.1875999619925135, 0.6661895376170672, -0.1783480702722309, 0.2885496962656141, 0.6164224227643367, -0.8061507011692292, 0.34315885300182053, -0.6787529185742365, -0.11614117709192451, 0.4435680987107086, 0.2067628624630995, -0.23774735773757902, 0.3647867357929419, -0.6120701061002589, -0.35248904966179884, 0.1274373127816133, -0.12748113122171562, -0.7549486984619995, -0.9741822292499469, 0.38252860639678127, 0.6743417892289418, -0.9182946450728511, -0.12246663241071232, 0.6407249924175062, -0.8357136303384545, 0.33172787451241265, 0.887607826143072, 0.5921392263975847, -0.9108134919592981, -0.4898334113562298, -0.830855950115767, 0.13873689583015847, 0.19003775115658667]",False
1,50,1.0,0.0,2.0,3,382.0242613104172,51.23161470489193,84.02973891764637,919.8356549135758,51.02353927759933,0.01317718290962587,84.8914794943866,0.0005934966021255048,0.0008927432496683407,"[2.9967536221099547, 382.0242613104172, 51.23161470489193, 84.02973891764637, -0.3705484842455923, -0.34321889881887313, 0.09869721469019788, 0.18015968627877418, 0.35142701460735726, 0.4697075177635918, -0.04750609091520021, 0.1522299896369515, 0.5958535522662477, -0.4894669435988171, -0.8229929728112312, 0.9041660371550303, 0.5934618700546114, -0.7518628636828336, 0.05844561526072023, 0.2231594607436429, -0.22301887060197653, -0.27481095140419615, 0.3493787908695549, 0.09634587666428197, -0.6828899320265747, 0.901191772636994, -0.6793634601523828, 0.8325161081271594, 0.491229445043722, -0.03399796818503594, -0.4473739718096945, -0.7109298855902983, -0.48782916359583073, -0.065235285225894, 0.800666002366539, -0.9114517831923294, -0.0854961349780645, 0.9145887345070747, 0.623857271548004, -0.03616624205525659, 0.3431752679614066, 0.6900461831366929, 0.8993804844470621, -0.7999551846654979, 0.9922123977475547, -0.27947223063271376, -0.8516194462910736, 0.46474353190111656, -0.4340576579178139, -0.5103206529807834, -0.42054379684150733, -0.8045686848312199, -0.6749799915819096, 0.9146912438331611, 0.173340249211413, -0.9338505135654579, -0.1500155870696272, 0.3704071797996853, -0.7118500942363991, 0.44587782867959186, -0.968524152024503, -0.8362840058455159, -0.6950710969780223, -0.8550780883370412, -0.06881301840960746, 0.7756957735147021, -0.3666831156519734, -0.9570722474456173, 0.6245899159660764, 0.6266457394994479, -0.339193613361073, 0.9263634334794699, 0.5131659520977276, -0.08496194948126579, -0.7314401704555349, -0.2265388536562769, -0.3216102144396529, -0.7290761054466416, -0.24938336762985436, 0.4121519378109518, 0.8536555667384415, 0.244823552810731, -0.8336763955969446, -0.7736516799071553, 0.9435730347928681, -0.10808338089183839, -0.7330930250139794, 0.21073932471382606, -0.05995057272785331, 0.6298841165206327, 0.10364779391035026, 0.8664600510028007, 0.2602772899651452, 0.3428559285249344, 0.6452071512848188, -0.8292719488274928, -0.8688736951631602, 0.8050746155287025, 0.965786133175374, 0.969978463321028, -0.2846624370588447, 0.509159246524995, -0.48169509611294437, 0.203779866147477, 0.3917599972578792, 0.10063650340148333, 0.08013934853650075, -0.0020270953859702345, -0.5928566733956632, 0.9982499561285596, 0.24878142896139044, -0.0838408790277616, 0.10043076337226726, -0.46138220372149363, -0.352561581907022, -0.7997247916112662, 0.26124522775974124, -0.48762396970793215, 0.7695759607830981, 0.8940123374713802, 0.4226167010434484, 0.9853724570477916, -0.7234501867523369, 0.6606373083631576, -0.8644068743974209, -0.6797713664384583, 0.951657079156021, -0.15062566213176862, 0.09034493773263201, -0.8829769424055646, 0.19513826235905896, 0.8327683896225972, -0.8744115576917928, 0.5975570029340566, -0.456429737394241, 0.5388283191937636, 0.5952228418652631, -0.4656168309974784, -0.4405738403600776, 0.9828524018631176, 0.4918967603526452, -0.48665614858877987, 0.3574727171544454, 0.7025887626024501, -0.6633777178435014, -0.8906684358546264, -0.6321427763624785, -0.5517845969587944, -0.7083077579431397, 0.044440055901616926, 0.6937962179431034, 0.5123825005496188, -0.506539000117479, 0.5255148388103486, -0.44430317594278335, -0.25028119884816113, -0.8931488695656533, 0.6667504021684264, -0.6462361652191, -0.6656215940850092, -0.3101521337354223, 0.2846417574688192, -0.005429200543701527, 0.1875999619925135, 0.6661895376170672, -0.1783480702722309, 0.2885496962656141, 0.6164224227643367, -0.8061507011692292, 0.34315885300182053, -0.6787529185742365, -0.11614117709192451, 0.4435680987107086, 0.2067628624630995, -0.23774735773757902, 0.3647867357929419, -0.6120701061002589, -0.35248904966179884, 0.1274373127816133, -0.12748113122171562, -0.7549486984619995, -0.9741822292499469, 0.38252860639678127, 0.6743417892289418, -0.9182946450728511, -0.12246663241071232, 0.6407249924175062, -0.8357136303384545, 0.33172787451241265, 0.887607826143072, 0.5921392263975847, -0.9108134919592981, -0.4898334113562298, -0.830855950115767, 0.13873689583015847, 0.19003775115658667]",False
1,50,1.0,0.0,2.0,3,382.0242613104172,51.23161470489193,84.02973891764637,919.8356633325544,51.02354204054446,0.013177182997235972,84.8914794943866,0.0005934964553635145,0.0008927432496683511,"[2.9967536221099547, 382.0242613104172, 51.23161470489193, 84.02973891764637, -0.3705484842455923, -0.34321889881887313, 0.09869721469019788, 0.18015968627877418, 0.35142701460735726, 0.4697075177635918, -0.04750609091520021, 0.1522299896369515, 0.5958535522662477, -0.4894669435988171, -0.8229929728112312, 0.9041660371550303, 0.5934618700546114, -0.7518628636828336, 0.05844561526072023, 0.2231594607436429, -0.22301887060197653, -0.27481095720580523, 0.3493787908695549, 0.09634587666428197, -0.6828899320265747, 0.901191772636994, -0.6793634601523828, 0.8325160953014787, 0.491229445043722, -0.03399796818503594, -0.4473739718096945, -0.7109757609421664, -0.48782916359583073, -0.065235285225894, 0.800666002366539, -0.9114517831923294, -0.0854961349780645, 0.9145887345070747, 0.623778157251525, -0.03616624205525659, 0.3431752679614066, 0.6900461831366929, 0.8993804844470621, -0.7999551846654979, 0.9922123977475547, -0.27947223063271376, -0.8516194462910736, 0.46474353190111656, -0.4340576579178139, -0.5103206529807834, -0.42054379684150733, -0.8045686848312199, -0.6749791758189249, 0.9146912438331611, 0.173340249211413, -0.97535717951942, -0.1500155870696272, 0.3704071797996853, -0.7118500942363991, 0.44587782867959186, -0.968524152024503, -0.8362840058455159, -0.6950710969780223, -0.8550780885866772, -0.06881231960965095, 0.7756957735147021, -0.3666831156519734, -0.9570722474456173, 0.6245899159660764, 0.6266457394994479, -0.339193613361073, 0.9263634334794699, 0.5131659520977276, -0.08496194948126579, -0.7314401704555349, -0.2265388536562769, -0.3216102144396529, -0.7290761054466416, -0.24893066892060267, 0.4121519378109518, 0.8536555667384415, 0.244823552810731, -0.8336763955969446, -0.7736516799071553, 0.9435730347928681, -0.10808338089183839, -0.7330930250139794, 0.21073932471382606, -0.05995057272785331, 0.6298841165206327, 0.10364779391035026, 0.8664600510028007, 0.2602772899651452, 0.3428559285249344, 0.6452071512848188, -0.8292719488274928, -0.8688736951631602, 0.8050746155287025, 0.965786133175374, 0.969978463321028, -0.2846624370588447, 0.509159246524995, -0.48169509611294437, 0.203779866147477, 0.3917599972578792, 0.10063650340148333, 0.08013934853650075, -0.0020270953859702345, -0.5928566690854286, 0.9982499561285596, 0.24878142896139044, -0.0838408790277616, 0.10043076337226726, -0.46138220372149363, -0.352561581907022, -0.7997247916112662, 0.26124522775974124, -0.48762396970793215, 0.7710048717366119, 0.8940123374713802, 0.4226167010434484, 0.6709207874070252, -0.7234501867523369, 0.6606373083631576, -0.8644068743974209, -0.6797713664384583, 0.951657079156021, -0.15062566213176862, 0.09034493773263201, -0.8829770129757564, 0.19513826235905896, 0.8327683896225972, -0.8744115576917928, 0.5975570029340566, -0.456429737394241, 0.5388283191937636, 0.5952228418652631, -0.4656168309974784, -0.4405738403600776, 0.9828252603292785, 0.4918967603526452, -0.48665614858877987, 0.3988402107202115, 0.7025887626024501, -0.6633777178435014, -0.8906684358546264, -0.6321427763624785, -0.5130145759438349, -0.7083063996054325, 0.044440055901616926, 0.6937962179431034, 0.5123824535228958, -0.506539000117479, 0.5255148388103486, -0.44430317594278335, -0.25028119884816113, -0.8931488695656533, 0.6667504021684264, -0.6462361652191, -0.6656215940850092, -0.3101521337354223, 0.2846417574688192, -0.005371313602920086, 0.1875999619925135, 0.6661895376170672, -0.1783480702722309, 0.2885496962656141, 0.6164224227643367, -0.8061507011692292, 0.34315885300182053, -0.6787529185742365, -0.11614117709192451, 0.4435680987107086, 0.2067628624630995, -0.23774735773757902, 0.3647867357929419, -0.612070106103841, -0.35248904966179884, 0.1274373127816133, -0.12748113122171562, -0.7549486984619995, -0.9741822292499469, 0.38252860639678127, 0.6743417892289418, -0.9182946402145238, -0.12246663241071232, 0.6407249924175062, -0.8357136303384545, 0.33172787451241265, 0.887607826143072, 0.5921392263975847, -0.9108134919592981, -0.4898334113562298, -0.830855950115767, 0.13873689583015847, 0.19003775115658667]",False
1,50,1.0,0.0,2.0,3,382.0242613104172,51.23161470489193,84.02973891392382,919.8356548042974,51.02353924140812,0.01317718290874244,84.89147949438669,0.0005934966040263143,0.0008927432496692207,"[2.9967536221099547, 382.0242613104172, 51.23161470489193, 84.02973891392382, -0.3705484842455923, -0.34321889881887313, 0.09869721469019788, 0.18015968627877418, 0.35142701460735726, 0.4697075177635918, -0.04750609091520021, 0.1522299896369515, 0.5958535522662477, -0.4894669435988171, -0.822993806452029, 0.9041660371550303, 0.5934618700546114, -0.7518628636828336, 0.05844561526072023, 0.2231594607436429, -0.22301887060197653, -0.2748109517915473, 0.3493787908695549, 0.09634587666428197, -0.6828899320265747, 0.901191772636994, -0.6793634601523828, 0.8325161086984465, 0.491229445043722, -0.03399796818503594, -0.4473739718096945, -0.7109274581188978, -0.48782916359583073, -0.065235285225894, 0.800666002366539, -0.9114517831923294, -0.0854961349780645, 0.9145887345070747, 0.6237756968072132, -0.03616624205525659, 0.3431752679614066, 0.6900461831366929, 0.8993804844470621, -0.7999551846654979, 0.9922123977475547, -0.27947223063271376, -0.8516194462910736, 0.46474353190111656, -0.4340576579178139, -0.5103206529807834, -0.42054379684150733, -0.8045686848312199, -0.6749800120082527, 0.9146912438331611, 0.173340249211413, -0.9345557694069786, -0.1500155870696272, 0.3704071797996853, -0.7118500942363991, 0.44587782867959186, -0.968524152024503, -0.8362840058455159, -0.6950710969780223, -0.8550780883306864, -0.06881301840960746, 0.7756957735147021, -0.3666831156519734, -0.9570722474456173, 0.6245899159660764, 0.6266457394994479, -0.339193613361073, 0.9263634334794699, 0.5131659520977276, -0.08496194948126579, -0.7314401704555349, -0.2265388536562769, -0.3216102144396529, -0.7290761054466416, -0.24938336762985436, 0.4121519378109518, 0.8536555667384415, 0.24482355051812954, -0.8336763955969446, -0.7736516799071553, 0.9435730347928681, -0.10808338089183839, -0.7330930315118401, 0.21073932471382606, -0.05995057272785331, 0.6298841165206327, 0.10364779391035026, 0.8664600510028007, 0.2602772899651452, 0.3428559285249344, 0.6452071512848188, -0.8292719488274928, -0.8688736951631602, 0.8050746155287025, 0.965786133175374, 0.969978463321028, -0.2846624370588447, 0.509159246524995, -0.48169509611294437, 0.203779866147477, 0.3917599972578792, 0.10063650340148333, 0.08013934853650075, -0.0020270953859702345, -0.5928566692516459, 0.9982499561285596, 0.24878142896139044, -0.0838408790277616, 0.10043076337226726, -0.46138220372149363, -0.352561581907022, -0.7997247916112662, 0.26124522775974124, -0.48762396970793215, 0.7695759607830981, 0.8940123374713802, 0.4226167010434484, 0.9992494497547005, -0.7234501867523369, 0.6606373083631576, -0.8644068743974209, -0.6797713664384583, 0.951657079156021, -0.15062566213176862, 0.09034493773263201, -0.8829737575792708, 0.19513826235905896, 0.8327683896225972, -0.8744115576917928, 0.5975570029340566, -0.456429737394241, 0.5388283191937636, 0.5952228418652631, -0.4656168309974784, -0.4405738403600776, 0.9828269630209618, 0.4918967603526452, -0.48665614858877987, 0.3574727171544454, 0.7025887626024501, -0.6633777178435014, -0.8906684358546264, -0.6321427763624785, -0.5130145759438349, -0.7083077675117299, 0.044440055901616926, 0.6937962179431034, 0.5123825005496188, -0.506539000117479, 0.5255148388103486, -0.44430317594278335, -0.25028119884816113, -0.8931488695656533, 0.6667504021684264, -0.6462361652191, -0.6656215940850092, -0.3101521337354223, 0.2846417574688192, -0.005429200543701527, 0.1875999619925135, 0.6661895376170672, -0.1783480702722309, 0.2885496962656141, 0.6164224227643367, -0.806150704175157, 0.34315885300182053, -0.6787529185742365, -0.11614117709192451, 0.4435680987107086, 0.2067628624630995, -0.23774735773757902, 0.3647867357929419, -0.612070106101558, -0.35248904966179884, 0.1274373127816133, -0.12748113122171562, -0.7549486984619995, -0.9741822292499469, 0.38252860639678127, 0.6743417892289418, -0.9182946498715177, -0.12246663241071232, 0.6407249924175062, -0.8357136303384545, 0.33172787451241265, 0.887607826143072, 0.5921392263975847, -0.9108134919592981, -0.4898334179564902, -0.830855950115767, 0.13873689583015847, 0.19003775115658667]",False
1,50,1.0,0.0,2.0,3,382.0242613104172,51.23161470489193,84.02973891286499,919.8356549007618,51.02353927169958,0.013177182909518885,84.8914794943866,0.0005934966024309184,0.0008927432496693977,"[2.9967536221099547, 382.0242613104172, 51.23161470489193, 84.02973891286499, -0.3705484842455923, -0.34321889881887313, 0.09869721469019788, 0.18015968627877418, 0.35142701460735726, 0.4697075177635918, -0.04750609091520021, 0.1522299896369515, 0.5958535522662477, -0.4894669435988171, -0.8229929266542405, 0.9041660371550303, 0.5934618700546114, -0.7518628636828336, 0.05844561526072023, 0.2231594607436429, -0.22301887060197653, -0.27481095144398776, 0.3493787908695549, 0.09634587666428197, -0.6828899320265747, 0.901191772636994, -0.6793634601523828, 0.8325161069458455, 0.491229445043722, -0.03399796818503594, -0.4473739718096945, -0.7109298659565091, -0.48782916359583073, -0.065235285225894, 0.800666002366539, -0.9114517831923294, -0.0854961349780645, 0.9145887345070747, 0.6237787251044454, -0.03616624205525659, 0.3431752679614066, 0.6900461831366929, 0.8993804844470621, -0.7999551846654979, 0.9922123977475547, -0.27947223063271376, -0.8516194462910736, 0.46474353190111656, -0.4340576579178139, -0.5103206529807834, -0.42054379684150733, -0.8045686848312199, -0.6749799948639216, 0.9146912438331611, 0.173340249211413, -0.9345372208636609, -0.1500155870696272, 0.3704071797996853, -0.7118500942363991, 0.44587782867959186, -0.968524152024503, -0.8362840058455159, -0.6950710969780223, -0.8550780879900937, -0.06881301840960746, 0.7756957735147021, -0.3666831156519734, -0.9570722474456173, 0.6245899159660764, 0.6266457394994479, -0.339193613361073, 0.9263634334794699, 0.5131659520977276, -0.08496194948126579, -0.7314401704555349, -0.2265388536562769, -0.3216102144396529, -0.7290761054466416, -0.24938336762985436, 0.4121519378109518, 0.8536555667384415, 0.24482361459956276, -0.8336763955969446, -0.7736516799071553, 0.9435730347928681, -0.10808338089183839, -0.7330930314163081, 0.21073932471382606, -0.05995057272785331, 0.6298841165206327, 0.10364779391035026, 0.8664600510028007, 0.2602772899651452, 0.3428559285249344, 0.6452071512848188, -0.8292719488274928, -0.8688736951631602, 0.8050746155287025, 0.965786133175374, 0.969978463321028, -0.2846624370588447, 0.509159246524995, -0.48169509611294437, 0.203779866147477, 0.3917599972578792, 0.10063650340148333, 0.08013934853650075, -0.0020270953859702345, -0.5494431721028554, 0.9982499561285596, 0.24878142896139044, -0.0838408790277616, 0.10043076337226726, -0.46138220372149363, -0.352561581907022, -0.7997247916112662, 0.26124522775974124, -0.48762396970793215, 0.7695759607830981, 0.8940123374713802, 0.4226167010434484, 0.9842375430023764, -0.7234501867523369, 0.6606373083631576, -0.8644068743974209, -0.6797713664384583, 0.951657079156021, -0.15062566213176862, 0.09034493773263201, -0.8829743166782926, 0.19513826235905896, 0.8327683896225972, -0.8744115576917928, 0.5975570029340566, -0.456429737394241, 0.5388283191937636, 0.5952228418652631, -0.4656168309974784, -0.4405738403600776, 0.9828506713146284, 0.4918967603526452, -0.48665614858877987, 0.3574727171544454, 0.7025887626024501, -0.6633777178435014, -0.8906684358546264, -0.6321427763624785, -0.5130145759438349, -0.7083077675117299, 0.044440055901616926, 0.6937962179431034, 0.5123825013770342, -0.506539000117479, 0.5255148388103486, -0.44430317594278335, -0.25028119884816113, -0.8931488695656533, 0.6667504021684264, -0.6462361652191, -0.6656215940850092, -0.3101521337354223, 0.2846417574688192, -0.005429200543701527, 0.1875999619925135, 0.6661895376170672, -0.1783480702722309, 0.2885496962656141, 0.6164224227643367, -0.8061509538940383, 0.34315885300182053, -0.6787529185742365, -0.11614117709192451, 0.4435680987107086, 0.2067628624630995, -0.23774735773757902, 0.3647867357929419, -0.612070106101558, -0.35248904966179884, 0.1274373127816133, -0.12748113122171562, -0.7549486984619995, -0.9741822292499469, 0.38252860639678127, 0.6743417892289418, -0.9182949111717025, -0.12246663241071232, 0.6407249924175062, -0.8357136303384545, 0.31031978006742406, 0.887607826143072, 0.5921392263975847, -0.9108134919592981, -0.4898334179564902, -0.830855950115767, 0.13873689583015847, 0.19003775115658667]",False
2,50,1.0,0.0,2.0,5,19.658936221560808,45.79880366680836,24.58293471458756,992.0092933677563,50.91388102086128,0.01367458491486389,84.8914794943866,0.0026788502958043406,0.0009581785840651821,"[4.836714914957451, 19.658936221560808, 45.79880366680836, 24.58293471458756, -0.8243234056103587, -0.1468550497391487, 0.07728315381885612, -0.8161124862640162, -0.6352372739759268, 0.96127520293298, 0.7046598148112386, -0.9523207114887686, 0.673742729989209, -0.41980264042623505, 0.7779460379555296, -0.316233170112464, 0.3315591984069202, 0.8349656707124213, -0.26230641381195424, -0.7685141981959995, -0.22981610074317993, 0.9266469034841321, -0.1127344072634957, 0.7270507954976344, 0.7116436658111014, -0.14470015163079378, 0.8767282273903663, -0.5363516446643585, -0.7327445730428833, -0.5247361447410749, -0.9932549895512842, -0.15588150795773156, -0.43318773527679477, 0.4575722705080285, -0.5974991100044275, -0.32135292931418946, -0.5226035907999779, -0.5368724722943796, -0.15391851695489395, -0.9139444927678405, -0.561075050126411, -0.5394642086713045, 0.04467729267918733, -0.14158890484773576, -0.915200048683102, 0.917948399944731, -0.8619272383719274, 0.6250679061935936, -0.6545919193178716, 0.5516466501228109, 0.24203721831341374, 0.005076605933905655, -0.5035754921091048, -0.6828223951038835, 0.877036536550008, 0.9089889167710367, -0.5273624608012026, -0.761076377875372, 0.8588350478810075, -0.6506112981357912, 0.5807176797307941, 0.5822651764495628, 0.2175261395326945, 0.7520178961019559, 0.33088647342158756, -0.06778816639162799, 0.031528549418473384, 0.024374561500367105, 0.7223670175436308, -0.8684082050574687, -0.8531881628855302, -0.2731448661467704, -0.13288071119410502, -0.5467841359360981, -0.19947522867687384, 0.7848810163234607, -0.32720272091945984, 0.76316169181512, -0.3034467740796692, 0.7032117234390064, -0.7472509951073307, 0.9919365727562403, 0.4334952739104616, 0.5725173819937243, -0.7194387065765825, 0.8387300196867118, -0.986520995092862, -0.9623353404851153, 0.9348601943333882, 0.08754688123167874, 0.03349145830036195, -0.7004206859540023, -0.29429173341347714, 0.8797324131002586, -0.8881860863164212, 0.9285540173027866, 0.20153468983313194, 0.6074424605530337, -0.12125956540078509, -0.4912494916181813, 0.7266027775386092, -0.7288224432732623, -0.08155483161455807, 0.2377223177089144, -0.5186984265025475, -0.21081549091795362, -0.33397812273710625, 0.3423858194719841, 0.04036639953962477, 0.9981963744567705, 0.6803638317141506, -0.7234413083963906, 0.3372978522470055, -0.11551571281533204, -0.355899538053032, -0.37698807271064577, 0.4974872402715985, -0.855450303340499, 0.6681451290267529, -0.5915860184124166, 0.8088765373638848, 0.037520743749624996, -0.5050375297118523, -0.08802724792864369, 0.9877449601902119, -0.08020467669142366, -0.2995532360430901, -0.08722714969171178, -0.8802648125062539, 0.45720054304754554, 0.7144705404163504, 0.03808437985633026, 0.9114028259459865, 0.3287765493927805, -0.8687312376476777, 0.15704703588281632, 0.837157665593232, -0.6770547654679085, 0.059185071724017435, 0.8901681835593593, 0.581673512454216, 0.665910764324668, -0.7790845809457855, 0.7118346215929959, -0.2134757243567711, 0.7252518077721363, 0.12257121195485378, -0.25519694023455514, -0.143627820840738, -0.9696413097570811, 0.7691168204756424, 0.780405049615684, 0.05809672541365245, 0.8322672279292811, 0.31679330187234894, -0.7306576139445522, -0.06336727293625002, 0.9804493046811954, -0.3873008873401387, 0.5687652842355698, 0.511197712292283, -0.9704903855927424, 0.7569465421368944, -0.3648588302152183, -0.8758610464924107, 0.06401905924352691, 0.029991843751518088, -0.6171475620655451, -0.22218964681402759, -0.8519739257244612, -0.6796521908252587, 0.6756106801119807, -0.07697140022824168, 0.34659302187180746, -0.804896848952538, -0.4320540272052308, -0.2635307698018977, 0.7705626578542336, -0.2482774468485667, -0.2663533526173573, 0.3744399275545173, 0.004076668468665268, 0.5028548651580962, 0.7981258872056513, 0.7575031377849788, 0.6744405137592178, -0.9490449822593442, -0.5960626730292393, -0.1631733610766516, 0.6930591781261572, -0.5155339950289152, 0.09207165628623037, -0.4340142209845015, -0.5014120863860172, 0.9140353094431053, 0.4644220369440171]",False
2,50,1.0,0.0,2.0,5,19.658936221560808,45.768568984387514,24.582934714064134,992.0082834993407,50.91314093687495,0.01367455268284277,84.89147949438619,0.002677348911050426,0.000958178584065595,"[4.836676013371386, 19.658936221560808, 45.768568984387514, 24.582934714064134, -0.8243234053819417, -0.1468550497391487, 0.07728315381885612, -0.8160206400918653, -0.6352372739260246, 0.96127520293298, 0.7046598148112386, -0.9523207114887686, 0.6737072101545469, -0.41980264042623505, 0.7779460379555296, -0.316233174224075, 0.33155919877783674, 0.8369043556459925, -0.26230641381195424, -0.7685141929302896, -0.2294735385105287, 0.9266469034841321, -0.11273038815925278, 0.7270507954976344, 0.7116436658111014, -0.14470015399946187, 0.8767310981076728, -0.5363516446643585, -0.7327445730428833, -0.5247361447410749, -0.9932549960109807, -0.15588223575991503, -0.43318773527679477, 0.4575722285757811, -0.5974991100044275, -0.3213501571019548, -0.5226035829621686, -0.5368724722943796, -0.15391851695489395, -0.9139444927678405, -0.5610750501264775, -0.5387942821023282, 0.044676086180343244, -0.1320266785493665, -0.915200048683102, 0.9179506024822495, -0.8624152288989807, 0.6250675433284059, -0.6545922426752457, 0.41974986867397124, 0.24203721831341374, 0.005073804074115046, -0.5035754921091048, -0.6828203341192784, 0.8770365366301199, 0.9048309003795456, -0.5273624608012026, -0.7620519298676447, 0.8588350478810075, -0.6506113082629854, 0.5807176797307941, 0.5822651764464312, 0.21745659584806304, 0.7520178961019559, 0.33088647342158756, -0.06778530967726559, 0.031528549418473384, 0.024374561500367105, 0.7223670175436308, -0.868598178125114, -0.853188112150424, -0.2726413089736229, -0.13288071119121, -0.5430282491785599, -0.19947522867687384, 0.7848810163234607, -0.3271943905907963, 0.76316169181512, -0.3034467743041818, 0.7032117234390064, -0.7472509951074199, 0.9919365727562403, 0.433495740479095, 0.5835643876424973, -0.7194387065765825, 0.8387300196869126, -0.9865230228757847, -0.962354298364083, 0.9348601943333882, 0.0683347637916731, 0.03349145807585875, -0.7004206859540023, -0.29429173341347714, 0.8797324131002586, -0.8881860863164212, 0.9285540173027866, 0.20153530050371232, 0.4983694018390321, -0.12125956540078509, -0.4912494916181813, 0.7266279924727753, -0.7288227004654816, -0.08155442346988619, 0.2377223177089144, -0.5186984265025475, -0.2834912875237776, -0.33397812273710625, 0.3423858194719841, 0.03844343647501701, 0.9982025519642392, 0.680363837154179, -0.7234413083963906, 0.3442437397999371, 0.019568184725886666, -0.355899538053032, -0.3769903068731463, 0.4974872402715985, -0.855450303340499, 0.6681451290267529, -0.5702756441261086, 0.8088779910771162, 0.037520743749624996, -0.5050092916989058, -0.08802724792864369, 0.9877449601902119, -0.08020475755986639, -0.28393996311837366, -0.08722714969171178, -0.8381345319904794, 0.499120805211405, 0.7144705404163504, 0.03808437985633026, 0.9114028434063116, 0.3287765493927805, -0.8687312376476777, 0.15704703588281632, 0.837157665593232, -0.6770668075694837, 0.0591823760581176, 0.8901681835593593, 0.5816727930687773, 0.665910764324668, -0.7790844439748161, 0.7118346215929959, -0.2134757243567711, 0.7278253554106833, 0.12257446447643817, -0.25519694023455514, -0.143627820840738, -0.969635543222129, 0.7691168204756424, 0.780405049615684, 0.058097130959600084, 0.8322672279292811, 0.31700116211536794, -0.7306576139445522, -0.06336723184466594, 0.9804493046811954, -0.3873008873401387, 0.5687652842355698, 0.5109206371164331, -0.9704903855927317, 0.756944670221481, -0.3648588723399144, -0.8758610464924107, 0.06401905924352691, 0.02999183471242505, -0.6171475620655451, -0.22218964681402759, -0.8191850831308343, -0.729390178671732, 0.6756106801119807, -0.07697422240822269, 0.34659302187180746, -0.805474605454319, -0.43205282887650764, -0.2635307696133399, 0.7705625991207727, -0.24864837600019848, -0.2537604785076454, 0.37431358423305194, 0.004076668468665268, 0.5047890670924016, 0.7981258872056513, 0.7575031377849788, 0.673312445512704, -0.9502633141148763, -0.5960626730292393, -0.1631733610766516, 0.6930591781261572, -0.5155339950289152, 0.09207165628623037, -0.4340139952145718, -0.5014392582200784, 0.9140353094431053, 0.8506528032392695]",False
2,50,1.0,0.0,2.0,5,19.658936221560808,45.79880366680836,24.58293471365017,992.0092669801862,50.91387901627462,0.013674584525070704,84.89147949438669,0.0026788502958043406,0.0009581785840658795,"[4.836675558626951, 19.658936221560808, 45.79880366680836, 24.58293471365017, -0.8243234056103587, -0.1468550497391487, 0.07728315381885612, -0.8161124862640162, -0.6352372739759268, 0.96127520293298, 0.7046598148112386, -0.9523207114887686, 0.6737077249894996, -0.41980264042623505, 0.7779460379555296, -0.31623455289722124, 0.33155920460441074, 0.8349656707124213, -0.26230641381195424, -0.7685141981959995, -0.22981610074317993, 0.9266469034841321, -0.1127344072634957, 0.7270507954976344, 0.7116436658111014, -0.14470015163079378, 0.8766942692960205, -0.5363516446643585, -0.7327445730428833, -0.5247361447410749, -0.993254997964123, -0.15588150795773156, -0.43318773527679477, 0.4575722705080285, -0.5974991100044275, -0.32135306951364906, -0.5226035908572014, -0.5368724722943796, -0.15391851695489395, -0.9139444927678405, -0.5610750501294357, -0.5394649413619439, 0.04467694811515391, -0.1415888543921563, -0.915200048683102, 0.917948399944731, -0.8624257293547567, 0.6250679061935936, -0.6545922471332211, 0.5516466501228109, 0.24203721831341374, 0.005183583101795512, -0.5035754921091048, -0.6828223951038835, 0.877036536550008, 0.9089889167710367, -0.5273624608012026, -0.7620519298676447, 0.8588350478810075, -0.6506112981357912, 0.5807176797307941, 0.5822651764476595, 0.2175261395326945, 0.7520178961019559, 0.33088647342158756, -0.06778808444448722, 0.031528549418473384, 0.024374561500367105, 0.7223670175436308, -0.8684052572397941, -0.8531881138712346, -0.2731435107859536, -0.13288071119410502, -0.5467854457825844, -0.19947522867687384, 0.7848810163234607, -0.3272046962371692, 0.76316169181512, -0.3034467740796625, 0.7032117234390064, -0.7472509951073307, 0.9919365727562403, 0.4334952739104616, 0.5725290150184404, -0.7194387065765825, 0.8387300196867118, -0.9865210104034245, -0.9623353404851153, 0.9348601943333882, 0.08788207228948541, 0.033491458595322286, -0.7004206859540023, -0.29429173341347714, 0.8797324131002586, -0.8881860863164212, 0.9285540173027866, 0.20153468983313194, 0.6074424605530337, -0.12125956540078509, -0.4912494916181813, 0.7266027775386092, -0.7288224285405744, -0.08155438236948034, 0.2377223177089144, -0.5186984265025475, -0.21019836135888656, -0.33397812273710625, 0.3423858194719841, 0.04036639953962477, 0.9982062703268237, 0.6803639119937713, -0.7234413083963906, 0.33766663361118726, 0.02780954624550625, -0.355899538053032, -0.3769902455346763, 0.4974872402715985, -0.855450303340499, 0.6681451290267529, -0.5918291522887663, 0.8088765373638848, 0.037520743749624996, -0.5050381596426929, -0.08802724792864369, 0.9877449601902119, -0.08019456906792707, -0.2995532360430901, -0.08722714969171178, -0.8802634900365356, 0.45720054304754554, 0.7144705404163504, 0.03808437985633026, 0.9114028259459865, 0.3287765493927805, -0.8687312376476777, 0.15704703588281632, 0.837157665593232, -0.6770547654679085, 0.05931340398191441, 0.8901681835593593, 0.581673512454216, 0.665910764324668, -0.7790844341710327, 0.7118346215929959, -0.2134757243567711, 0.7908331300290627, 0.12257121195485378, -0.25519694023455514, -0.143627820840738, -0.9696409837057153, 0.7691168204756424, 0.780405049615684, 0.05809672541365245, 0.8322672279292811, 0.316699815762827, -0.7306576139445522, -0.06336727293625002, 0.9804493046811954, -0.3873008873401387, 0.5687652842355698, 0.5111893607033203, -0.9704903855927424, 0.7569465421368944, -0.36485873723728557, -0.8758610464924107, 0.06401905924352691, 0.029991835587450562, -0.6171475620655451, -0.22218964681402759, -0.8519739257244612, -0.729390178671732, 0.6756106801119807, -0.07697140022824168, 0.34659302187180746, -0.8048986891730503, -0.4320540272052308, -0.2635307696118085, 0.7705612811274294, -0.2482774468485667, -0.2663533526173573, 0.3744399275545173, 0.004076668468665268, 0.5026252394621762, 0.7981258872056513, 0.7575031377849788, 0.6733127648203588, -0.94899473935668, -0.5960626730292393, -0.1631733610766516, 0.9287820174729338, -0.5155339950289152, 0.09207165628623037, -0.4340141614413463, -0.5014226523450027, 0.9140353094431053, 0.4644220369440171]",False
2,50,1.0,0.0,2.0,5,19.658936221560808,45.79880366680836,24.58293471365017,992.0092933686963,50.913881020899204,0.013674584914876227,84.89147949438669,0.0026788502958043406,0.0009581785840659385,"[4.836714914957451, 19.658936221560808, 45.79880366680836, 24.58293471365017, -0.8243234056103587, -0.1468550497391487, 0.07728315381885612, -0.8161124862640162, -0.6352372739759268, 0.96127520293298, 0.7046598148112386, -0.9523207114887686, 0.6737427309216928, -0.41980264042623505, 0.7779460379555296, -0.3162324088790237, 0.3315591984069202, 0.8349656707124213, -0.26230641381195424, -0.7685141981959995, -0.22981610074317993, 0.9266469034841321, -0.1127344072634957, 0.7270507954976344, 0.7116436658111014, -0.14470015163079378, 0.8767297387851971, -0.5363516446643585, -0.7327445730428833, -0.5247361447410749, -0.9932549895512842, -0.15588150795773156, -0.43318773527679477, 0.4575722705080285, -0.5974991100044275, -0.32135306951364906, -0.5226035908572014, -0.5368724722943796, -0.15391851695489395, -0.9139444927678405, -0.5610750501294357, -0.5394649413619439, 0.04467694811515391, -0.1415966836837979, -0.915200048683102, 0.917948399944731, -0.8619272383719274, 0.6250679061935936, -0.6545922471956479, 0.5516466501228109, 0.24203721831341374, 0.005076605933905655, -0.5035754921091048, -0.6828223951038835, 0.877036536550008, 0.9089889167710367, -0.5273624608012026, -0.7620519298676447, 0.8588350478810075, -0.6506112981357912, 0.5807176797307941, 0.5822651764495628, 0.2175261395326945, 0.7520178961019559, 0.33088647342158756, -0.06778816477576398, 0.031528549418473384, 0.024374561500367105, 0.7223670175436308, -0.8684082050574687, -0.8531881628855302, -0.2731448661467704, -0.13288071119410502, -0.5467558457033377, -0.19947522867687384, 0.7848810163234607, -0.32720272091945984, 0.76316169181512, -0.3034467740796625, 0.7032117234390064, -0.7472509951073307, 0.9919365727562403, 0.4334952739104616, 0.5725173819937243, -0.7194387065765825, 0.8387300196867118, -0.9865210104034245, -0.9623353404851153, 0.9348601943333882, 0.08788207228948541, 0.033491458595322286, -0.7004206859540023, -0.29429173341347714, 0.8797324131002586, -0.8881860863164212, 0.9285540173027866, 0.20153468983313194, 0.6074424605530337, -0.12125956540078509, -0.4912494916181813, 0.7266027775386092, -0.7288224331572245, -0.08155216901325418, 0.2377223177089144, -0.5186984265025475, -0.21081549091795362, -0.33397812273710625, 0.3423858194719841, 0.04036639953962477, 0.9981963744567705, 0.6803639119937713, -0.7234413083963906, 0.3372978522470055, -0.11551571281533204, -0.355899538053032, -0.37698807271064577, 0.4974872402715985, -0.855450303340499, 0.6681451290267529, -0.5918197255633446, 0.8088765373638848, 0.037520743749624996, -0.5050381596426929, -0.08802724792864369, 0.9877449601902119, -0.08019456906792707, -0.2995532360430901, -0.08722714969171178, -0.8802648125062539, 0.45720054304754554, 0.7144705404163504, 0.03808437985633026, 0.9114028259459865, 0.3287765493927805, -0.8687312376476777, 0.15704703588281632, 0.837157665593232, -0.6770547654679085, 0.05932277760080153, 0.8901681835593593, 0.581673512454216, 0.665910764324668, -0.7790845838037168, 0.7118346215929959, -0.2134757243567711, 0.7908331300290627, 0.12257121195485378, -0.25519694023455514, -0.143627820840738, -0.9696409837057153, 0.7691168204756424, 0.780405049615684, 0.05809672541365245, 0.8322672279292811, 0.30750240280572955, -0.7306576139445522, -0.06336727293625002, 0.9804493046811954, -0.3873008873401387, 0.5687652842355698, 0.511197712292283, -0.9704903855927424, 0.7569465421368944, -0.36485883107378897, -0.8758610464924107, 0.06401905924352691, 0.02999183648593741, -0.6171475620655451, -0.22218964681402759, -0.8519739257244612, -0.729390178671732, 0.6756106801119807, -0.07697140022824168, 0.34659302187180746, -0.8048986891730503, -0.4320540272052308, -0.26353076979917767, 0.7705626322799728, -0.2482774468485667, -0.2663533526173573, 0.3744399275545173, 0.004076668468665268, 0.5028548319202615, 0.7981258872056513, 0.7575031377849788, 0.6733126431874653, -0.94899473935668, -0.5960626730292393, -0.1631733610766516, 0.6930591781261572, -0.5155339950289152, 0.09207165628623037, -0.4340141614413463, -0.5014226523450027, 0.9140353094431053, 0.4644220369440171]",False
2,50,1.0,0.0,2.0,5,19.658936221560808,45.79880366680836,24.58293471365017,992.0092671231513,50.91387887596951,0.013674584525223266,84.89147949438618,0.0026788497846601607,0.0009581785840660206,"[4.836675558626951, 19.658936221560808, 45.79880366680836, 24.58293471365017, -0.8243234056103587, -0.1468550497391487, 0.07728315381885612, -0.8161124862640162, -0.6352372739759268, 0.96127520293298, 0.7046598148112386, -0.9523207114887686, 0.6737422959198665, -0.41980264042623505, 0.7779460379555296, -0.3162344056490946, 0.33155920460441074, 0.8350022114579931, -0.26230641381195424, -0.7685141981959995, -0.22981586495120496, 0.9266469034841321, -0.1127344072634957, 0.7270507954976344, 0.7116436658111014, -0.14468733082255508, 0.8766935009675353, -0.5363516446643585, -0.7327445730428833, -0.5247361447410749, -0.9932549982002706, -0.15588150795773156, -0.43318773527679477, 0.4575722705080285, -0.5974991100044275, -0.3213528674108081, -0.5226035908572014, -0.5368724722943796, -0.15391851695489395, -0.9139444927678405, -0.5610750501294357, -0.5394423356313378, 0.04470469731137169, -0.1415888543921563, -0.915200048683102, 0.917948399944731, -0.8624257293547567, 0.6250679061935936, -0.6545922471332211, 0.5516466501228109, 0.24203721831341374, 0.005184044958255604, -0.5035754921091048, -0.682820280427469, 0.877036536550008, 0.9089889167710367, -0.5273624608012026, -0.7620519298676447, 0.8588350478810075, -0.6506112981357912, 0.5807176797307941, 0.5822651764476595, 0.2175261395326945, 0.7520178961019559, 0.33088647342158756, -0.06778808444448722, 0.031528549418473384, 0.024374561500367105, 0.7223670175436308, -0.8684052572397941, -0.8531881121799848, -0.2731435107859536, -0.13288071119410502, -0.5467854457825844, -0.19947522867687384, 0.7848810163234607, -0.3272046962371692, 0.76316169181512, -0.3034467740796625, 0.7032117234390064, -0.7472509951073307, 0.9919365727562403, 0.4334952739104616, 0.5719792021379294, -0.7194387065765825, 0.8387300196867118, -0.9865210104034245, -0.9623353404851153, 0.9348601943333882, 0.08688435083222923, 0.03349146065786079, -0.7004206859540023, -0.29429173341347714, 0.8797324131002586, -0.8881860863164212, 0.9285540173027866, 0.20153468983313194, 0.6074424605530337, -0.12125956540078509, -0.4912494916181813, 0.7266277856177872, -0.7288224285405744, -0.08155438236948034, 0.2377223177089144, -0.5186984265025475, -0.21019836135888656, -0.33397812273710625, 0.3423858194719841, 0.04036639953962477, 0.9981830434440068, 0.6803639119937713, -0.7234413083963906, 0.33766663361118726, 0.02780954624550625, -0.355899538053032, -0.37699030553487745, 0.4974872402715985, -0.855450303340499, 0.6681451290267529, -0.5915834104934184, 0.8088765373638848, 0.037520743749624996, -0.5050381596426929, -0.08802724792864369, 0.9877449601902119, -0.08019414520845292, -0.2995532360430901, -0.08722714969171178, -0.8802634900365356, 0.45720054304754554, 0.7144705404163504, 0.03808437985633026, 0.9114029538639914, 0.3287765493927805, -0.8687312376476777, 0.15704703588281632, 0.837157665593232, -0.6770548214522977, 0.059313267713978914, 0.8901681835593593, 0.581673512454216, 0.665910764324668, -0.7790844341710327, 0.7118346215929959, -0.2134757243567711, 0.7889406563509271, 0.12257121195485378, -0.25519694023455514, -0.143627820840738, -0.9696409837057153, 0.7691168204756424, 0.780405049615684, 0.05809672541365245, 0.8322672279292811, 0.31672682283667575, -0.7306576139445522, -0.06336727286485337, 0.9804493046811954, -0.3873008873401387, 0.5687652842355698, 0.5111893607033203, -0.9704903855927424, 0.7569446928847193, -0.36485873723728557, -0.8758610464924107, 0.06401905924352691, 0.02999184365307932, -0.6171475620655451, -0.22218964681402759, -0.8519739257244612, -0.729390178671732, 0.6756106801119807, -0.07697140022824168, 0.34659302187180746, -0.8048986891730503, -0.43205293984249843, -0.26353076961185123, 0.7705626321272719, -0.2482774468485667, -0.2663533526173573, 0.3744399275545173, 0.004076668468665268, 0.5026252394621762, 0.7981258872056513, 0.7575031377849788, 0.6733127648203588, -0.94899473935668, -0.5960626730292393, -0.1631733610766516, 0.9287820174729338, -0.5155339950289152, 0.09207165628623037, -0.43401422465532363, -0.5014226523450027, 0.9140353094431053, 0.45570542744897247]",False
2,50,1.0,0.0,2.0,5,19.658936220977466,45.72238985977242,24.58293471365017,992.0086265142868,50.91283595940178,0.01367453880393697,84.89147949438649,0.0026769305894248255,0.000958178584066652,"[4.836756919156863, 19.658936220977466, 45.72238985977242, 24.58293471365017, -0.8243234053534817, -0.1468550497391487, 0.07728315381885612, -0.8179881003442958, -0.6352372689508212, 0.96127520293298, 0.7046598148112386, -0.9523207114887686, 0.6737424843229355, -0.41980264042623505, 0.7779460379555296, -0.3162323873703272, 0.3315591984069202, 0.8368999710680848, -0.26230641381195424, -0.7685141981189482, -0.22981634812843194, 0.9266469034841321, -0.11273481304013516, 0.7270507972076133, 0.7116436658111014, -0.14470015163079378, 0.8767297387851971, -0.5363516446643585, -0.7327445730428833, -0.5247361447410749, -0.9932549895957733, -0.15588223409745797, -0.43318773527679477, 0.4575722705080285, -0.5974991100044275, -0.3213530687751328, -0.5226035829528339, -0.5368724722943796, -0.15391851695489395, -0.9139444927678405, -0.5610750501298782, -0.5394649413619439, 0.04467679464377658, -0.1316051294071103, -0.915200048683102, 0.9179506347128553, -0.8624121144805669, 0.6250968052153788, -0.6545917585301736, 0.5516466498942091, 0.24203721831341374, 0.0050770563646701785, -0.5035754921075334, -0.6828220813215401, 0.877036536550008, 0.9091046996049963, -0.5273624608012026, -0.7620519298676447, 0.8588350478810075, -0.6506123231814369, 0.5807176797307941, 0.5822651764495628, 0.2258090902408394, 0.7520178961019559, 0.33088647342158756, -0.06778528463020063, 0.031528549418473384, 0.024374561500367105, 0.7223670175436308, -0.8682868877100656, -0.8531881628855302, -0.2731452686772293, -0.13288071119410502, -0.5467558457033377, -0.19947522867687384, 0.7847726359145848, -0.32720272091945984, 0.76316169181512, -0.30344677427807215, 0.7032117234390064, -0.7472509951078707, 0.9919365727562403, 0.433495279746365, 0.5835394555097071, -0.7194387065765825, 0.8387300196867118, -0.9865210104034245, -0.9631295141187404, 0.9348601943333882, 0.08788207228948541, 0.033491458595322286, -0.7004206859540023, -0.29429173341347714, 0.8797324131002586, -0.8881860863164212, 0.9285540173027866, 0.2015340785075454, 0.6074424605530337, -0.12125956540078509, -0.4912494916181813, 0.7266027775386092, -0.7288224333318918, -0.08155442639329304, 0.2377223177089144, -0.5187434211241834, -0.20638059103738932, -0.33397812273710625, 0.3423858194719841, 0.03834448830612335, 0.9982024705916299, 0.6803640520643353, -0.7234413083963906, 0.33729975032075976, 0.02301763549851424, -0.355899538053032, -0.37698807271064577, 0.4974872402715985, -0.855450303340499, 0.6681451290267529, -0.6082326112206736, 0.8088765373638848, 0.037520743749624996, -0.5050381596426929, -0.08802724792864369, 0.9877449601902119, -0.08019456906792707, -0.2995532360430901, -0.08722714969171178, -0.8802635290355656, 0.45720054304754554, 0.7144705404163504, 0.03808437985633026, 0.9114028259459865, 0.3287765493927805, -0.8687312376476777, 0.15704703588281632, 0.8371576656120853, -0.6770547654679085, 0.05918803204148945, 0.8901681835593593, 0.5816728136983331, 0.665910764324668, -0.7790845838037168, 0.7118346215929959, -0.2134757243567711, 0.7908331300290627, 0.12257121195485378, -0.25519694023455514, -0.143627820840738, -0.969628340474597, 0.7691168204756424, 0.780405049615684, 0.05809672541365245, 0.8322672279292811, 0.30750240280572955, -0.7306576139445522, -0.06336727319306427, 0.9804493046811954, -0.3873008873401387, 0.5303251293906207, 0.5109150239996489, -0.9704903855927424, 0.7569465421368944, -0.36485883107378897, -0.8758610464924107, 0.06401905924352691, 0.02999183648593741, -0.6171475620655451, -0.22218964681402759, -0.8198466046387971, -0.729390178671732, 0.6756129494902223, -0.07697423545113447, 0.34659302187180746, -0.8049128868576698, -0.4320540272052308, -0.26353076979917767, 0.7705626322799728, -0.24870212887315715, -0.2663533526173573, 0.3744399275545173, 0.004086803024735717, 0.5047769163447039, 0.7981258872056513, 0.7575031377849788, 0.6733126431874653, -0.94899473935668, -0.5960626730292393, -0.1631733610766516, 0.6930591781261572, -0.5155339950289152, 0.09207165628623037, -0.4340141614413463, -0.5014226523450027, 0.9140353094431053, 0.4775971306222587]",False
2,50,1.0,0.0,2.0,5,19.658936220977466,45.72238985977242,24.58293471365017,992.0086265142868,50.91283595940178,0.01367453880393697,84.89147949438649,0.0026769305894248255,0.000958178584066652,"[4.836756919156863, 19.658936220977466, 45.72238985977242, 24.58293471365017, -0.8243234053534817, -0.1468550497391487, 0.07728315381885612, -0.8179881003442958, -0.6352372689508212, 0.96127520293298, 0.7046598148112386, -0.9523207114887686, 0.6737424843229355, -0.41980264042623505, 0.7779460379555296, -0.3162323873703272, 0.3315591984069202, 0.8368999710680848, -0.26230641381195424, -0.7685141981189482, -0.22981634812843194, 0.9266469034841321, -0.11273481304013516, 0.7270507972076133, 0.7116436658111014, -0.14470015163079378, 0.8767297387851971, -0.5363516446643585, -0.7327445730428833, -0.5247361447410749, -0.9932549895957733, -0.15588223409745797, -0.43318773527679477, 0.4575722705080285, -0.5974991100044275, -0.3213530687751328, -0.5226035829528339, -0.5368724722943796, -0.15391851695489395, -0.9139444927678405, -0.5610750501298782, -0.5394649413619439, 0.04467679464377658, -0.1316051294071103, -0.915200048683102, 0.9179506347128553, -0.8624121144805669, 0.6250968052153788, -0.6545917585301736, 0.5516466498942091, 0.24203721831341374, 0.0050770563646701785, -0.5035754921075334, -0.6828220813215401, 0.877036536550008, 0.9091046996049963, -0.5273624608012026, -0.7620519298676447, 0.8588350478810075, -0.6506123231814369, 0.5807176797307941, 0.5822651764495628, 0.2258090902408394, 0.7520178961019559, 0.33088647342158756, -0.06778528463020063, 0.031528549418473384, 0.024374561500367105, 0.7223670175436308, -0.8682868877100656, -0.8531881628855302, -0.2731452686772293, -0.13288071119410502, -0.5467558457033377, -0.19947522867687384, 0.7847726359145848, -0.32720272091945984, 0.76316169181512, -0.30344677427807215, 0.7032117234390064, -0.7472509951078707, 0.9919365727562403, 0.433495279746365, 0.5835394555097071, -0.7194387065765825, 0.8387300196867118, -0.9865210104034245, -0.9631295141187404, 0.9348601943333882, 0.08788207228948541, 0.033491458595322286, -0.7004206859540023, -0.29429173341347714, 0.8797324131002586, -0.8881860863164212, 0.9285540173027866, 0.2015340785075454, 0.6074424605530337, -0.12125956540078509, -0.4912494916181813, 0.7266027775386092, -0.7288224333318918, -0.08155442639329304, 0.2377223177089144, -0.5187434211241834, -0.20638059103738932, -0.33397812273710625, 0.3423858194719841, 0.03834448830612335, 0.9982024705916299, 0.6803640520643353, -0.7234413083963906, 0.33729975032075976, 0.02301763549851424, -0.355899538053032, -0.37698807271064577, 0.4974872402715985, -0.855450303340499, 0.6681451290267529, -0.6082326112206736, 0.8088765373638848, 0.037520743749624996, -0.5050381596426929, -0.08802724792864369, 0.9877449601902119, -0.08019456906792707, -0.2995532360430901, -0.08722714969171178, -0.8802635290355656, 0.45720054304754554, 0.7144705404163504, 0.03808437985633026, 0.9114028259459865, 0.3287765493927805, -0.8687312376476777, 0.15704703588281632, 0.8371576656120853, -0.6770547654679085, 0.05918803204148945, 0.8901681835593593, 0.5816728136983331, 0.665910764324668, -0.7790845838037168, 0.7118346215929959, -0.2134757243567711, 0.7908331300290627, 0.12257121195485378, -0.25519694023455514, -0.143627820840738, -0.969628340474597, 0.7691168204756424, 0.780405049615684, 0.05809672541365245, 0.8322672279292811, 0.30750240280572955, -0.7306576139445522, -0.06336727319306427, 0.9804493046811954, -0.3873008873401387, 0.5303251293906207, 0.5109150239996489, -0.9704903855927424, 0.7569465421368944, -0.36485883107378897, -0.8758610464924107, 0.06401905924352691, 0.0008927393999446226, -0.6171475620655451, -0.22218964681402759, -0.8198466046387971, -0.729390178671732, 0.6756129494902223, -0.07697423545113447, 0.34659302187180746, -0.8049128868576698, -0.4320540272052308, -0.26353076979917767, 0.7705626322799728, -0.24870212887315715, -0.2663533526173573, 0.3744399275545173, 0.004086803024735717, 0.5047769163447039, 0.7981258872056513, 0.7575031377849788, 0.6733126431874653, -0.94899473935668, -0.5960626730292393, -0.1631733610766516, 0.6930591781261572, -0.5155339950289152, 0.09207165628623037, -0.4340141614413463, -0.5014226523450027, 0.9140353094431053, 0.4775971306222587]",False
2,50,1.0,0.0,2.0,5,19.658936221560808,45.768568984387514,24.5829346857787,992.0091642004487,50.91321216709879,0.0136745657420713,84.89147949438649,0.0026773608560634646,0.0009581785840859421,"[4.836676013371386, 19.658936221560808, 45.768568984387514, 24.5829346857787, -0.8243234056103587, -0.1468550497391487, 0.07728315381885612, -0.8160206400918653, -0.6352372739759268, 0.96127520293298, 0.7046598148112386, -0.9523207114887686, 0.6737072101545469, -0.41980264042623505, 0.7779460379555296, -0.3162331488345114, 0.33155919877783674, 0.8369043556459925, -0.26230641381195424, -0.7685141929302896, -0.22947906442439817, 0.9266469034841321, -0.11273038815925278, 0.7270507954976344, 0.7116436658111014, -0.1447003507649381, 0.8770256035572911, -0.5363516446643585, -0.7327445730428833, -0.5247361447410749, -0.9932549960109807, -0.15588150795773156, -0.43318773527679477, 0.45757222907785305, -0.5974991100044275, -0.321350119493645, -0.5226035892135913, -0.5368724722943796, -0.15391851695489395, -0.9139444927678405, -0.5610750501264775, -0.5387942821023282, 0.044676113430833, -0.14159174886870102, -0.915200048683102, 0.9179506024822495, -0.8624152288989807, 0.6250679061935936, -0.6545922426752457, 0.5516466482368022, 0.24203721831341374, 0.005205557833171343, -0.5035754921091048, -0.6828203341192784, 0.8770364904771455, 0.9048309003795456, -0.5273624608012026, -0.7620519298676447, 0.8588350478810075, -0.6506113082629854, 0.5807176797307941, 0.5822651763515604, 0.2175261395326945, 0.7520178961019559, 0.33088647342158756, -0.06778530967726559, 0.031528549418473384, 0.024374561500367105, 0.7223670175436308, -0.868598178125114, -0.853188112150424, -0.2726090367856302, -0.13288071100802173, -0.5429475588847998, -0.19947522867687384, 0.7848810163234607, -0.3270753053707699, 0.76316169181512, -0.3034467743041818, 0.7032117234390064, -0.7472509951074199, 0.9919365727562403, 0.433495740479095, 0.5720909202632407, -0.7194387065765825, 0.8387300196935438, -0.9865228959811666, -0.962354298364083, 0.9348601943333882, 0.06865679731499492, 0.03349142760966277, -0.7004206859540023, -0.29429173341347714, 0.8797324131002586, -0.8881860863164212, 0.9285540173027866, 0.20153525670720307, 0.5085150001275276, -0.12125956540078509, -0.4912494916181813, 0.7266279924727753, -0.7288227012783907, -0.08155442348369121, 0.2377223177089144, -0.5186984265025475, -0.2834912875237776, -0.33397812273710625, 0.3423858194719841, 0.04044459909160166, 0.9982059233424091, 0.6803638346627617, -0.7234413083963906, 0.3442437397999371, 0.019568184725886666, -0.355899538053032, -0.3769903068731463, 0.4974872402715985, -0.855450303340499, 0.6681451290267529, -0.570956512989854, 0.8088779910771162, 0.037520743749624996, -0.505010114824195, -0.08802724792864369, 0.9877449601902119, -0.08020475755986639, -0.28393996311837366, -0.08722714969171178, -0.8802648054660887, 0.499120805211405, 0.7144705404163504, 0.03808437985633026, 0.911402339684376, 0.3287765493927805, -0.8687312376476777, 0.15704703588281632, 0.837157665593232, -0.6758012951619795, 0.059324000882353754, 0.8901681835593593, 0.581673512454216, 0.665910764324668, -0.7790844439748161, 0.7118346215929959, -0.2134757243567711, 0.7278253554106833, 0.12257446447643817, -0.25519694023455514, -0.143627820840738, -0.9696352443234516, 0.7691168204756424, 0.780405049615684, 0.05809712151712076, 0.8322672279292811, 0.31700116211536794, -0.7306576139445522, -0.0633672343225845, 0.9804493046811954, -0.3873008873401387, 0.5687652842355698, 0.5111976531855844, -0.9704903855927317, 0.756944670221481, -0.3648588723399144, -0.8758610464924107, 0.06401905924352691, 0.029991587572183412, -0.6171475620655451, -0.22218964681402759, -0.8519739273580637, -0.729390178671732, 0.6756106801119807, -0.07697140022824168, 0.34659302187180746, -0.805474605454319, -0.4320529091428915, -0.2635307696133399, 0.7705630299165767, -0.2482774468485667, -0.2537604785076454, 0.37431308011539555, 0.004076668468665268, 0.502824443012673, 0.7981258872056513, 0.7575031377849788, 0.6733089376117866, -0.9502633141148763, -0.5960626730292393, -0.1631733610766516, 0.6930591781261572, -0.5155339950289152, 0.09207165628623037, -0.4340139952145718, -0.5002645563260152, 0.9140353094431053, 0.8506528032392695]",False
2,50,1.0,0.0,2.0,5,19.658936220977466,45.72238985977242,24.582934685364737,992.0095072118007,50.91290718692701,0.013674551863067666,84.89147949438618,0.0026769425215335783,0.0009581785840869078,"[4.836756919156863, 19.658936220977466, 45.72238985977242, 24.582934685364737, -0.8243234055818986, -0.1468550497391487, 0.07728315381885612, -0.8179881003442958, -0.6352372690007235, 0.96127520293298, 0.7046598148112386, -0.9523207114887686, 0.6737424843229355, -0.41980264042623505, 0.7779460379555296, -0.3162323619807636, 0.3315591984069202, 0.8368999710680848, -0.26230641381195424, -0.7685141981189482, -0.22982187404230142, 0.9266469034841321, -0.11273481304013516, 0.7270507972076133, 0.7116436658111014, -0.14470034839627002, 0.8770242442348153, -0.5363516446643585, -0.7327445730428833, -0.5247361447410749, -0.9932549895957733, -0.1558815062952745, -0.43318773527679477, 0.4575722710101004, -0.5974991100044275, -0.321353031166823, -0.5226035892042565, -0.5368724722943796, -0.15391851695489395, -0.9139444927678405, -0.5610750501298782, -0.5394649413619439, 0.04467682189426633, -0.1411701997264448, -0.915200048683102, 0.9179506347128553, -0.8624121144805669, 0.6250971680805666, -0.6545917585301736, 0.5516466498942091, 0.24203721831341374, 0.005208810123726476, -0.5035754921075334, -0.6828220813215401, 0.8770364903970335, 0.9091046996049963, -0.5273624608012026, -0.7620519298676447, 0.8588350478810075, -0.6506123231814369, 0.5807176797307941, 0.5822651763546919, 0.22587863392547086, 0.7520178961019559, 0.33088647342158756, -0.06778528463020063, 0.031528549418473384, 0.024374561500367105, 0.7223670175436308, -0.8682868877100656, -0.8531881628855302, -0.27311299648923665, -0.13288071101091672, -0.5466751554095777, -0.19947522867687384, 0.7847726359145848, -0.3270836356994334, 0.76316169181512, -0.30344677427807215, 0.7032117234390064, -0.7472509951078707, 0.9919365727562403, 0.433495279746365, 0.5720659881304505, -0.7194387065765825, 0.8387300196933428, -0.9865208835088063, -0.9631295141187404, 0.9348601943333882, 0.08820410581280723, 0.0334914281291263, -0.7004206859540023, -0.29429173341347714, 0.8797324131002586, -0.8881860863164212, 0.9285540173027866, 0.20153403471103615, 0.6175880588415291, -0.12125956540078509, -0.4912494916181813, 0.7266027775386092, -0.7288224341448007, -0.08155442640709808, 0.2377223177089144, -0.5187434211241834, -0.20638059103738932, -0.33397812273710625, 0.3423858194719841, 0.040345650922708004, 0.9982058419697997, 0.6803640495729179, -0.7234413083963906, 0.33729975032075976, 0.02301763549851424, -0.355899538053032, -0.37698807271064577, 0.4974872402715985, -0.855450303340499, 0.6681451290267529, -0.608913480084419, 0.8088765373638848, 0.037520743749624996, -0.5050389827679821, -0.08802724792864369, 0.9877449601902119, -0.08019456906792707, -0.2995532360430901, -0.08722714969171178, -0.8802633126726231, 0.45720054304754554, 0.7144705404163504, 0.03808437985633026, 0.9114023222240509, 0.3287765493927805, -0.8687312376476777, 0.15704703588281632, 0.8371576656120853, -0.6757892530604044, 0.05932965686572561, 0.8901681835593593, 0.5816735330837719, 0.665910764324668, -0.7790845838037168, 0.7118346215929959, -0.2134757243567711, 0.7908331300290627, 0.12257121195485378, -0.25519694023455514, -0.143627820840738, -0.9696280415759196, 0.7691168204756424, 0.780405049615684, 0.058096715971173114, 0.8322672279292811, 0.30750240280572955, -0.7306576139445522, -0.06336727567098283, 0.9804493046811954, -0.3873008873401387, 0.5303251293906207, 0.5111920400688003, -0.9704903855927424, 0.7569465421368944, -0.36485883107378897, -0.8758610464924107, 0.06401905924352691, 0.02999158934569577, -0.6171475620655451, -0.22218964681402759, -0.8526354488660264, -0.729390178671732, 0.6756129494902223, -0.07697141327115345, 0.34659302187180746, -0.8049128868576698, -0.43205410747161466, -0.26353076979917767, 0.7705630630757767, -0.24833119972152537, -0.2663533526173573, 0.374439423436861, 0.004086803024735717, 0.5028122922649754, 0.7981258872056513, 0.7575031377849788, 0.6733091352865479, -0.94899473935668, -0.5960626730292393, -0.1631733610766516, 0.6930591781261572, -0.5155339950289152, 0.09207165628623037, -0.4340141614413463, -0.5002479504509394, 0.9140353094431053, 0.4775971306222587]",False
2,50,1.0,0.0,2.0,5,19.658936221560808,45.768568984387514,24.58293468015004,992.0094501016918,50.913512394214685,0.013674572964478549,84.8914794943866,0.0026781139440684703,0.0009581785840899274,"[4.836106302476215, 19.658936221560808, 45.768568984387514, 24.58293468015004, -0.8243234056103587, -0.1468550497391487, 0.07728315381885612, -0.8160326353685426, -0.6352372734602401, 0.96127520293298, 0.7046598148112386, -0.9523211216809937, 0.6737072101545469, -0.41980264042623505, 0.7779460379555296, -0.3162334817828861, 0.33155813436679615, 0.8369043556459925, -0.26230641381195424, -0.7685141922594773, -0.22982689641953, 0.9266469034841321, -0.1127344072634957, 0.7270507954976344, 0.7116436658111014, -0.14468679639356788, 0.8770249708719329, -0.5363516446643585, -0.7327445730428833, -0.5247361447410749, -0.9932549917120583, -0.155871995711791, -0.43318773527679477, 0.4575722705080285, -0.5974991100044275, -0.321350134128691, -0.5226035893665062, -0.5368724722943796, -0.15391851695489395, -0.9139444927678405, -0.5610750501264775, -0.5394427196909728, 0.04470616408149743, -0.14158890005263547, -0.915200048683102, 0.9179543819753014, -0.8624153679213202, 0.6250679061935936, -0.6545938949693256, 0.551646650135832, 0.24203721831341374, 0.005066172277650086, -0.5035754921091041, -0.6828203332321359, 0.8770369363316688, 0.9089105748720139, -0.5273624608012026, -0.7620519298676447, 0.8588350478810075, -0.6506112981357912, 0.5807176797307941, 0.5822651763518818, 0.2175261395326945, 0.7520178961019559, 0.3308864731409416, -0.06778530967726559, 0.031528549418473384, 0.024374561500367105, 0.7223670175436308, -0.868598178125114, -0.8531880698181937, -0.2726090367856302, -0.13288071119410502, -0.5467806162889007, -0.19947522867687384, 0.7847721642489419, -0.32707530665088475, 0.76316169181512, -0.3034467742816415, 0.7032117234390064, -0.7472509951073627, 0.9919365727562403, 0.4334952739104616, 0.5720909202632407, -0.7194387065765825, 0.8387300196867118, -0.9865210050597759, -0.9623353404851153, 0.9348601943333882, 0.06865679731499492, 0.03349144412327145, -0.7004206859540023, -0.29429173341347714, 0.8797324131002586, -0.8881860863164212, 0.9285540173027866, 0.20153466411597196, 0.50841154888454, -0.12125956540078509, -0.4912494916181813, 0.7266279924727753, -0.7288224247123071, -0.08155442348369121, 0.2377223177089144, -0.5195448399665947, -0.29083821748603617, -0.33397812273710625, 0.3423858194719841, 0.03842808932475984, 0.9982059233424091, 0.6803638346627617, -0.7234413083963906, 0.3434295015226772, 0.025856807350649838, -0.355899538053032, -0.37699030732856775, 0.4974872402715985, -0.855450303340499, 0.6681451290267529, -0.8496820895868313, 0.8088751645051642, 0.037520743749624996, -0.5050102140286712, -0.08802724792864369, 0.9877449601902119, -0.08020475755986639, -0.2995532360430901, -0.08722714969171178, -0.8802635080639536, 0.4571208837126561, 0.7144705404163504, 0.03808437985633026, 0.9114208302693535, 0.3287765493927805, -0.8687312376476777, 0.15704703588281632, 0.8371576655914037, -0.6752633010877586, 0.059191242833648544, 0.8901681835593593, 0.581673512454216, 0.665910764324668, -0.7790844394722406, 0.7118346215929959, -0.2134757243567711, 0.7278253554106833, 0.12259608001927425, -0.25519694023455514, -0.143627820840738, -0.9478733790410635, 0.7691168204756424, 0.780405049615684, 0.05809672598715151, 0.8322672279292811, 0.3167256592477559, -0.7306576139445522, -0.0633672343225845, 0.9804493046811954, -0.3873008873401387, 0.5687652842355698, 0.5112037558105673, -0.9704903855927317, 0.756944670221481, -0.3648587374351606, -0.8758610464924107, 0.06401905924352691, 0.029991587572183412, -0.6171475620655451, -0.22218964681402759, -0.8519739257244612, -0.729390178671732, 0.675608494635729, -0.07697068201624148, 0.34659302187180746, -0.8054682947821478, -0.4320529091428915, -0.26353111552554387, 0.7705612256739565, -0.24827733903165747, -0.2663533526173573, 0.3744273600336361, 0.0040744727078925935, 0.5026206042738477, 0.7981258872056513, 0.7575031377849788, 0.6733147224735978, -0.9502637327922132, -0.5960626730292393, -0.1631733610766516, 0.6930591781261572, -0.5155339950289152, 0.09207165628623037, -0.43401333388904834, -0.5002645563260152, 0.9140353094431053, 0.8389908605864869]",False
2,50,1.0,0.0,2.0,5,19.658936221560808,45.768568984387514,24.58293468015004,992.0094307285138,50.913510975817154,0.013674572677301157,84.8914794943866,0.0026781141571502877,0.0009581785840899366,"[4.836676013371386, 19.658936221560808, 45.768568984387514, 24.58293468015004, -0.8243234056103587, -0.1468550497391487, 0.07728315381885612, -0.8160206400918653, -0.6352372739759268, 0.96127520293298, 0.7046598148112386, -0.9523207114887686, 0.6737072101545469, -0.41980264042623505, 0.7779460379555296, -0.3162331488345114, 0.3315581107142956, 0.8369043556459925, -0.26230641381195424, -0.7685141981959995, -0.2298269884294749, 0.9266469034841321, -0.1127344072634957, 0.7270507954976344, 0.7116436658111014, -0.14468679639356788, 0.8770256035572911, -0.5363516446643585, -0.7327445730428833, -0.5247361447410749, -0.9932549981996017, -0.15588150795773156, -0.43318773527679477, 0.4575722705080285, -0.5974991100044275, -0.321350119493645, -0.5226035892135913, -0.5368724722943796, -0.15391851695489395, -0.9139444927678405, -0.5610750501264775, -0.5394427196909728, 0.04470616408149743, -0.14158868566910685, -0.915200048683102, 0.9179506024822495, -0.8624152288989807, 0.6250679061935936, -0.6545922426763562, 0.5516466501228109, 0.24203721831341374, 0.005205557833171343, -0.5035754921091048, -0.6828203341192784, 0.877036991164752, 0.9089889167710367, -0.5273624608012026, -0.7620519298676447, 0.8588350478810075, -0.6506112981357912, 0.5807176797307941, 0.582265176357105, 0.2175261395326945, 0.7520178961019559, 0.33088647342158756, -0.06778539026102032, 0.031528549418473384, 0.024374561500367105, 0.8224990208740881, -0.868598178125114, -0.853188112150424, -0.20654204115415503, -0.13288071119410502, -0.5467845555723228, -0.19947522867687384, 0.7848810163234607, -0.3270562288112349, 0.76316169181512, -0.3034467743041818, 0.7032117234390064, -0.7472509951073288, 0.9919365727562403, 0.4334952739104616, 0.5720909068429413, -0.7194387065765825, 0.8387300196867118, -0.9865230391302778, -0.9623353404851153, 0.9348601943333882, 0.06865679731499492, 0.033490758320178955, -0.7004206859540023, -0.29429173341347714, 0.8797324131002586, -0.8881860863164212, 0.9285540173027866, 0.20153468983313194, 0.5057841753121624, -0.12125956540078509, -0.4912494916181813, 0.7266279924727753, -0.7288227012594442, -0.08155450947042046, 0.2377223177089144, -0.5186984265025475, -0.21946403187322544, -0.33397812273710625, 0.3423858194719841, 0.04036662914987138, 0.9981958693846851, 0.6803638346627617, -0.7234413083963906, 0.3442437397999371, -0.12361520185905547, -0.355899538053032, -0.3769903068731463, 0.4974872402715985, -0.855450303340499, 0.6681451290267529, -0.591594529326435, 0.8088779911539064, 0.037520743749624996, -0.5050101140754432, -0.08802724792864369, 0.9877449601902119, -0.08019986144437022, -0.2995532360430901, -0.08722714969171178, -0.8802648265799095, 0.4571208837126561, 0.7144705404163504, 0.03808437985633026, 0.9114208302693535, 0.3287765493927805, -0.8687312376476777, 0.15704703588281632, 0.837157665593232, -0.6758012973612816, 0.05918544801835909, 0.8901681835593593, 0.581673512454216, 0.665910764324668, -0.7790844439748161, 0.7118346215929959, -0.2134757243567711, 0.7278253554106833, 0.12257121195485378, -0.25519694023455514, -0.143627820840738, -0.9696352249722683, 0.7691168204756424, 0.780405049615684, 0.05809672497511371, 0.8322672279292811, 0.3168529667967207, -0.7306576139445522, -0.0633672343225845, 0.9804493046811954, -0.3873008873401387, 0.5687652842355698, 0.5111976531855844, -0.9704903855927317, 0.756944670221481, -0.3648587398302115, -0.8758610464924107, 0.06401905924352691, 0.029991589397587514, -0.6171475620655451, -0.22218964681402759, -0.8519739257244612, -0.729390178671732, 0.6756106801119807, -0.07697140022824168, 0.34659302187180746, -0.8054649707351711, -0.43204380509652845, -0.26353076981302825, 0.7705628942135768, -0.2482774468485667, -0.2663533526173573, 0.37441957652196134, 0.004076668468665268, 0.5026206042738477, 0.7981258872056513, 0.7575031377849788, 0.6733088165203679, -0.9502637327922132, -0.5960626730292393, -0.1631733610766516, 0.6930591781261572, -0.5155339950289152, 0.09207165628623037, -0.4340180719991902, -0.5002645563260152, 0.9140353094431053, 0.8389908605864869]",False
2,50,1.0,0.0,2.0,5,19.658936221560808,45.768568984387514,24.58293468015004,992.0094307285138,50.913510975817154,0.013674572677301157,84.8914794943866,0.0026781141571502877,0.0009581785840899366,"[4.836676013371386, 19.658936221560808, 45.768568984387514, 24.58293468015004, -0.8243234056103587, -0.1468550497391487, 0.07728315381885612, -0.8160206400918653, -0.6352372739759268, 0.96127520293298, 0.7046598148112386, -0.9523207114887686, 0.6737072101545469, -0.41980264042623505, 0.7779460379555296, -0.3162331488345114, 0.3315581170030649, 0.8369043556459925, -0.26230641381195424, -0.7685141981959995, -0.2298269884294749, 0.9266469034841321, -0.1127344072634957, 0.7270507954976344, 0.7116436658111014, -0.14468679639356788, 0.8770256035572911, -0.5363516446643585, -0.7327445730428833, -0.5247361447410749, -0.9932549981996017, -0.15588150795773156, -0.43318773527679477, 0.4575722705080285, -0.5974991100044275, -0.321350119493645, -0.5226035892135913, -0.5368724722943796, -0.15391851695489395, -0.9139444927678405, -0.5610750501264775, -0.5394427196909728, 0.04470616408149743, -0.14158890005263547, -0.915200048683102, 0.9179506024822495, -0.8624152288989807, 0.6250679061935936, -0.6545922426752457, 0.5516466501228109, 0.24203721831341374, 0.005205557833171343, -0.5035754921091048, -0.6828203341192784, 0.877036991164752, 0.9089889167710367, -0.5273624608012026, -0.7620519298676447, 0.8588350478810075, -0.6506112981357912, 0.5807176797307941, 0.5822651763515604, 0.2175261395326945, 0.7520178961019559, 0.33088647342158756, -0.06778530967726559, 0.031528549418473384, 0.024374561500367105, 0.7223670175436308, -0.868598178125114, -0.853188112150424, -0.2726090367856302, -0.13288071119410502, -0.5467847181000979, -0.19947522867687384, 0.7848810163234607, -0.32707530665088475, 0.76316169181512, -0.3034467743041818, 0.7032117234390064, -0.7472509951073288, 0.9919365727562403, 0.4334952739104616, 0.5720909202632407, -0.7194387065765825, 0.8387300196867118, -0.986521170690234, -0.9623353404851153, 0.9348601943333882, 0.06865679731499492, 0.03349144412327145, -0.7004206859540023, -0.29429173341347714, 0.8797324131002586, -0.8881860863164212, 0.9285540173027866, 0.20153468983313194, 0.5057841753121624, -0.12125956540078509, -0.4912494916181813, 0.7266279924727753, -0.7288227012783907, -0.08155442348369121, 0.2377223177089144, -0.5186984265025475, -0.2194467527383493, -0.33397812273710625, 0.3423858194719841, 0.04036662914987138, 0.9982059233424091, 0.6803638346627617, -0.7234413083963906, 0.3442437397999371, 0.025856807350649838, -0.355899538053032, -0.3769903068731463, 0.4974872402715985, -0.855450303340499, 0.6681451290267529, -0.591603962290968, 0.8088779911539064, 0.037520743749624996, -0.505010114824195, -0.08802724792864369, 0.9877449601902119, -0.08020475755986639, -0.2995532360430901, -0.08722714969171178, -0.8802635080639536, 0.4571208837126561, 0.7144705404163504, 0.03808437985633026, 0.9114208302693535, 0.3287765493927805, -0.8687312376476777, 0.15704703588281632, 0.837157665593232, -0.6758012951308053, 0.059185400301777574, 0.8901681835593593, 0.581673512454216, 0.665910764324668, -0.7790844439748161, 0.7118346215929959, -0.2134757243567711, 0.7278253554106833, 0.12257121195485378, -0.25519694023455514, -0.143627820840738, -0.9696352249722683, 0.7691168204756424, 0.780405049615684, 0.05809672497511371, 0.8322672279292811, 0.3167256592477559, -0.7306576139445522, -0.0633672343225845, 0.9804493046811954, -0.3873008873401387, 0.5687652842355698, 0.5111976531855844, -0.9704903855927317, 0.756944670221481, -0.3648587398302115, -0.8758610464924107, 0.06401905924352691, 0.029991587572183412, -0.6171475620655451, -0.22218964681402759, -0.8519739257244612, -0.729390178671732, 0.6756106801119807, -0.07697140022824168, 0.34659302187180746, -0.8054681772167741, -0.4320529091428915, -0.2635307696133399, 0.7705612256739565, -0.2482774468485667, -0.2663533526173573, 0.37441957652196134, 0.004076668468665268, 0.5026206042738477, 0.7981258872056513, 0.7575031377849788, 0.6733089376117866, -0.9502637327922132, -0.5960626730292393, -0.1631733610766516, 0.6930591781261572, -0.5155339950289152, 0.09207165628623037, -0.4340180719991902, -0.5002645563260152, 0.9140353094431053, 0.8389908605864869]",False
3,50,1.0,0.0,2.0,2,419.87474833427603,28.16869091234246,201.2671697503118,943.9183936758814,51.162927040230436,0.013260510448924534,84.89147949438677,0.0003054224475444188,0.0008637898929199061,"[1.562271788860125, 419.87474833427603, 28.16869091234246, 201.2671697503118, 0.4382861423215983, -0.9488448729805196, -0.4022076005019279, 0.097008304093259, 0.48636575249139946, -0.10116355912692583, 0.8537738963178846, -0.4042070236461679, -0.2830083998046815, -0.5748429868344025, 0.5522807601771494, -0.395570090962243, 0.6772863918049776, -0.3756601327803416, -0.37544347604618666, 0.8880985000989217, 0.8324333565408423, -0.11976743676072416, -0.40746830169618103, 0.8885197708294276, -0.3492796563463668, -0.6767001301675774, -0.03582120762240154, 0.27708355963675546, 0.8061745720020074, 0.9507677941784424, -0.8464476339763211, 0.533196881687966, -0.6229242521989052, -0.803603521933843, 0.13089357695721587, -0.8877018276289262, -0.3103668532531877, -0.08621608326599865, -0.5881514071999068, 0.35063000721058574, 0.6576666749543865, 0.48561441313837755, -0.5924054174589736, -0.14033274177356553, -0.0964522023758776, 0.9650739050038205, -0.36497045304919506, -0.2386014711465357, 0.7463922691525254, -0.8302075993722591, 0.03628172653096145, 0.9665972273523646, 0.722103299449901, -0.7349992771896885, 0.9745229851281655, -0.9989259290195189, -0.2597097134798187, 0.7154657568664116, -0.5469722324064032, 0.028831135453862358, -0.10828760507133627, -0.3031905591539898, 0.3511621583618351, 0.674655652206515, 0.19585389294398214, 0.5179867286474679, -0.39231808362511084, 0.20033569915884153, -0.7555828278449234, -0.34034629313371056, -0.3838387163591032, -0.9232821876278248, -0.9241629140720089, 0.6025769579663707, -0.14895281102523425, -0.9683966863342598, -0.4830067026736463, 0.34126048898885236, 0.14074478105319582, -0.12031338547170697, 0.8522400026146207, 0.8145458559316059, 0.7513421786670195, 0.4427231220379967, 0.620359738192604, 0.7457364209320358, -0.6048137390375615, 0.43241725050681595, 0.791043971396442, -0.8872472869868356, -0.5998778315507693, -0.3862303539790118, 0.10148684316535533, -0.0037692418795064486, 0.4983592498728063, 0.6970351435706826, -0.7913662883830179, -0.6008001374028717, 0.9296262630773718, 0.22758154712623535, -0.49685584759327905, 0.6899479186660165, 0.8951209451998393, 0.559878881542313, -0.8978843075811068, 0.4894616074367266, -0.5512076068990627, -0.808209059382697, -0.25621137749137074, -0.7138613842131467, -0.2941304595685055, 0.10123554668529045, -0.28593931547246576, -0.3952994303889286, -0.05086792912515957, -0.35100055112232, 0.8068165801447098, -0.4146738767378275, 0.2714894797909865, 0.20529254686601242, 0.0010030789005081265, 0.7772990836650042, 0.5898015249642007, 0.7120058923683446, -0.5004964746401133, -0.2500975511059476, 0.3375020556964423, 0.7336911139053361, -0.5296321317567357, -0.4938178571007058, -0.7494063715448628, -0.6660553266293695, 0.76680959401468, -0.3617957105102388, -0.45634305344322584, -0.27718848011615355, 0.756310880405594, 0.9583124231697233, 0.6728658783830387, -0.3416518055042038, 0.9460185452392795, 0.2731354477781305, 0.3382116459956874, -0.3865064820820307, 0.8789475500790274, -0.3291838891369774, -0.8487723829710703, -0.31016987400683693, 0.8388590501529664, 0.02702247497972628, 0.8909079453122808, -0.5453375669862952, 0.5895858617057955, 0.29585625454440523, -0.6080700744846115, 0.4880483354493967, 0.9392089029218194, -0.6221434831694574, 0.8053853070893576, 0.5164656714454203, 0.8039128752952758, 0.6132389323988967, -0.19641036492686115, -0.23506574739246494, 0.5350644305907645, -0.3099182428287935, 0.9918784789994114, -0.06715502789627704, 0.01509223724654788, 0.8468801064654256, -0.6735096177245625, -0.7501663444431236, -0.8628035333272752, 0.7201288915363345, 0.45288589316897004, 0.6158803490942595, -0.8234467197865462, 0.8306949705303811, 0.700339293434073, -0.7498461425956542, 0.6798471102556528, -0.723626575236903, 0.7274034385593716, 0.6717470802931512, -0.04613706092202821, -0.06774829806321497, -0.8458502945772097, -0.5571647267085932, -0.8955449940030646, 0.016904416603148148, -0.5176080709502127, 0.06051361407823327, 0.4330200797200692, -0.8341493762396665, -0.7011289727615247, -0.6310485376814943]",False
3,50,1.0,0.0,2.0,2,419.87474833427603,28.16869091234246,201.2671697503118,943.9183936758814,51.162927040230436,0.013260510448924534,84.89147949438677,0.0003054224475444188,0.0008637898929199061,"[1.562271788860125, 419.87474833427603, 28.16869091234246, 201.2671697503118, 0.4382861423215983, -0.9488448729805196, -0.4022076005019279, 0.097008304093259, 0.48636575249139946, -0.10116355912692583, 0.8537738963178846, -0.4042070236461679, -0.2830083998046815, -0.5748429868344025, 0.5522807601771494, -0.395570090962243, 0.6772863918049776, -0.3756601327803416, -0.37544347604618666, 0.8880985000989217, 0.8324333565408423, -0.11976743676072416, -0.40746830169618103, 0.8885197708294276, -0.3492796563463668, -0.6767001301675774, -0.03582120762240154, 0.27708355963675546, 0.8061745720020074, 0.9507677941784424, -0.8464476339763211, 0.533196881687966, -0.6229242521989052, -0.803603521933843, 0.13089357695721587, -0.8877018276289262, -0.3103668532531877, -0.08621608326599865, -0.5881514071999068, 0.35063000721058574, 0.6576666749543865, 0.48561441313837755, -0.5924054174589736, -0.14033274177356553, -0.0964522023758776, 0.9650739050038205, -0.36497045304919506, -0.19829339593909387, 0.7463922691525254, -0.8302075993722591, 0.03628172653096145, 0.9665972273523646, 0.722103299449901, -0.7349992771896885, 0.9745229851281655, -0.9989259290195189, -0.2597097134798187, 0.7154657568664116, -0.5469722324064032, 0.028831135453862358, -0.10828760507133627, -0.3031905591539898, 0.3511621583618351, 0.674655652206515, 0.19585389294398214, 0.5179867286474679, -0.39231808362511084, 0.20033569915884153, -0.7555828278449234, -0.34034629313371056, -0.3838387163591032, -0.9232821876278248, -0.9241629140720089, 0.6025769579663707, -0.14895281102523425, -0.9683966863342598, -0.4830067026736463, 0.34126048898885236, 0.14074478105319582, -0.12031338547170697, 0.8522400026146207, 0.8145458559316059, 0.7513421786670195, 0.4427231220379967, 0.620359738192604, 0.7457364209320358, -0.6048137390375615, 0.43241725050681595, 0.791043971396442, -0.8872472869868356, -0.5998778315507693, -0.3862303539790118, 0.10148684316535533, -0.0037692418795064486, 0.4983592498728063, 0.6970351435706826, -0.7913662883830179, -0.6008001374028717, 0.9296262630773718, 0.22758154712623535, -0.49685584759327905, 0.6899479186660165, 0.8951209451998393, 0.559878881542313, -0.8978843075811068, 0.4894616074367266, -0.5512076068990627, -0.808209059382697, -0.25621137749137074, -0.7138613842131467, -0.2941304595685055, 0.10123554668529045, -0.28593931547246576, -0.3952994303889286, -0.05086792912515957, -0.35100055112232, 0.8068165801447098, -0.4146738767378275, 0.2714894797909865, 0.20529254686601242, 0.0010030789005081265, 0.7772990836650042, 0.5898015249642007, 0.7120058923683446, -0.5004964746401133, -0.2500975511059476, 0.3375020556964423, 0.7336911139053361, -0.5296321317567357, -0.4938178571007058, -0.7494063715448628, -0.6660553266293695, 0.76680959401468, -0.3617957105102388, -0.45634305344322584, -0.27718848011615355, 0.756310880405594, 0.9583124231697233, 0.6728658783830387, -0.3416518055042038, 0.9460185452392795, 0.2731354477781305, 0.3382116459956874, -0.3865064820820307, 0.8789475500790274, -0.3291838891369774, -0.8487723829710703, -0.31016987400683693, 0.8388590501529664, 0.02702247497972628, 0.8909079453122808, -0.5453375669862952, 0.5895858617057955, 0.29585625454440523, -0.6080700744846115, 0.4880483354493967, 0.9392089029218194, -0.6221434831694574, 0.8053853070893576, 0.5164656714454203, 0.8039128752952758, 0.6132389323988967, -0.19641036492686115, -0.23506574739246494, 0.5350644305907645, -0.3099182428287935, 0.9918784789994114, -0.06715502789627704, 0.01509223724654788, 0.8468801064654256, -0.6735096177245625, -0.7501663444431236, -0.8628035333272752, 0.7201288915363345, 0.45288589316897004, 0.6158803490942595, -0.8234467197865462, 0.8306949705303811, 0.700339293434073, -0.7498461425956542, 0.6798471102556528, -0.723626575236903, 0.7274034385593716, 0.6717470802931512, -0.04613706092202821, -0.06774829806321497, -0.8458502945772097, -0.5571647267085932, -0.8955449940030646, 0.016904416603148148, -0.5176080709502127, 0.06051361407823327, 0.4330200797200692, -0.8341493762396665, -0.7011289727615247, -0.6310485376814943]",False
3,50,1.0,0.0,2.0,2,419.8747489503068,28.16869091234246,196.20511172160414,945.6497302209481,51.03628064526079,0.013270787269864795,84.89147949438669,0.0003054224471662216,0.0008637898929218605,"[1.562271788860125, 419.8747489503068, 28.16869091234246, 196.20511172160414, 0.4382861423215983, -0.9488448729805196, -0.4022076005019279, 0.097008304093259, 0.48636575249139946, -0.10116355912692583, 0.8537738963178846, -0.4042070236461679, -0.2830083998046815, -0.5748429868344025, 0.5778114649476531, -0.3955607692793204, 0.6772863918049776, -0.3756601327803416, -0.37544347604618666, 0.8880985000989217, 0.8324333565408423, -0.11978179444159515, -0.40746830169618103, 0.8885197708294276, -0.3492796563463668, -0.6767001301675774, -0.03582120762240154, 0.27708355963675546, 0.8061745720020074, 0.9507677941784424, -0.8464476339763211, 0.533196881687966, -0.6229242521989052, -0.8000981027508058, 0.13089357695721587, -0.8135903560713312, -0.3103668532531877, -0.08621608326599865, -0.5881514071999068, 0.3506212249211988, 0.6576666749543865, 0.48561441313837755, -0.5924054174589736, -0.14032540502082594, -0.0964522023758776, 0.9650739050038205, -0.36497045304919506, -0.2386014711465357, 0.7463922691525254, -0.8302075993722591, 0.03628172653096145, 0.9665971485649453, 0.722103299449901, -0.7349992771896885, 0.9745229851281655, -0.9997097475532506, -0.2597097134798187, 0.7154657568664116, -0.5469722324064032, 0.028831135453862358, -0.10828760507133627, -0.3031905591539898, 0.3511621583618351, 0.674655652206515, 0.19585389294398214, 0.5179867286474679, -0.39231808362511084, 0.20033569915884153, -0.7555828278449234, -0.34034629313371056, -0.3838387163591032, -0.9232821876278248, -0.9241629140720089, 0.6025769579663707, -0.14895281102523425, -0.9683966863342598, -0.4830067026671817, 0.34164381286958856, 0.14074478105319582, -0.12031338547170697, 0.8522400026146207, 0.8145434555357921, 0.7515568462364743, 0.4427231220379967, 0.620359738192604, 0.7457364209320358, -0.6048137390375615, 0.43241725050681595, 0.791043971396442, -0.8872472869868356, -0.5998778315507693, -0.3862303539790118, 0.10148646739809492, -0.0037692418795064486, 0.4983592498728063, 0.6970351435706826, -0.7913662883830179, -0.6008001374028717, 0.9296301588571998, 0.22760799551713629, -0.49685584759327905, 0.6899479186660165, 0.8951209451998393, 0.559878881542313, -0.8978843075811068, 0.4834588600918606, -0.5512076068990627, -0.808209059382697, -0.25621137749137074, -0.47425543518837265, -0.2941293018365703, 0.10123542840767541, -0.28593931547246576, -0.3952994303889286, -0.051132987932910184, -0.35100055112232, 0.8068165801447098, -0.4146738767378275, 0.2714894797909865, 0.20529254686601242, 0.0010030789005081265, 0.7843089290925934, 0.5898015249642007, 0.7120058923683446, -0.5004964747179026, -0.2501005932105676, 0.3375020556964423, 0.7336911139053361, -0.5296321317567357, -0.4938178571007058, -0.7494063715448628, -0.6660553266293695, 0.7668680733202657, -0.3617957105102388, -0.45634305344322584, -0.27718848011615355, 0.7563108796778978, 0.9583124231697233, 0.6728658783830387, -0.3416518055042038, 0.9460185452392795, 0.2731354477781305, 0.3382116459956874, -0.4044730095481033, 0.8789475500790274, -0.3291838891728298, -0.8487723829710703, -0.3101700182680654, 0.8388590501529664, 0.02702247497972628, 0.8909079458902912, -0.5453375669862952, 0.5895858617057955, 0.29585625454440523, -0.6080700744846115, 0.4880483354493967, 0.9392089029218194, -0.6221434831694574, 0.8053853070893576, 0.5164656714454203, 0.8039128752952758, 0.6132389323988967, -0.19641036492686115, -0.2350493720815224, 0.5350644305907645, -0.3099182428287935, 0.9918717396721618, -0.06715502789627704, 0.01509223724654788, 0.8468801064654256, -0.6735096177245625, -0.7501663444431236, -0.8628035333272752, 0.7201288915363345, 0.4491979110268564, 0.6158803490942595, -0.8234467197865462, 0.8306949705303811, 0.700339293434073, -0.7498461425956542, 0.6798471102556528, -0.723626575236903, 0.7274034385593716, 0.6717470802931512, -0.04613706092202821, -0.06774829806321497, -0.845850296806114, -0.5571647267085932, -0.8955449940030646, 0.016904416603148148, -0.5176080709502127, 0.06051361407832164, 0.4330200797200692, -0.8341493762396665, -0.7011289727615247, -0.6310485376814943]",False
3,50,1.0,0.0,2.0,2,419.877797044792,28.16869091234246,237.50971089699388,931.6773814256482,52.388159935751304,0.013213627573903375,84.89147949438596,0.00029889488067041297,0.0008637898929542628,"[1.562271788860125, 419.877797044792, 28.16869091234246, 237.50971089699388, 0.4382861423215983, -0.9488448729805196, -0.4022076005019279, 0.09700790563209744, 0.4863644207879812, -0.10116355912692583, 0.8537738963178846, -0.40420704434875965, -0.17417671416224406, -0.5748429868344025, 0.552801344767361, -0.39556047123942223, 0.6760951113935351, -0.3756601327797129, -0.37544347604618666, 0.8880985000989217, 0.8324333565408423, -0.1301301492817274, -0.40746830169618103, 0.8885197708294276, -0.3492796563463668, -0.6767001301675774, -0.03582120762240154, 0.2771688663371835, 0.8061745720020074, 0.9507677941784424, -0.8464476339763211, 0.533196881687966, -0.6229242521989052, -0.803603521933843, 0.13089357416988412, -0.8877018276289262, -0.3103668532531877, -0.08621608326599865, -0.5881514071999068, 0.35080264251847504, -0.006910575146028997, 0.4856153424262773, -0.5924054174589736, -0.14001211439335426, -0.0964522023758776, 0.9650739050038205, -0.36497045304919506, -0.2386014711465357, 0.7463922691525254, -0.8302075993722591, 0.0319243350576293, 0.966597150761561, 0.722103299449901, -0.7349992771896885, 0.9745229851281655, -0.9989259290195189, -0.2597097134798187, 0.7154657568664116, -0.5500200531115028, 0.028831135453862358, -0.10828760507133627, -0.3031905591539898, 0.3511621583618351, 0.677271990719266, 0.19585389294398214, 0.5179867286474679, -0.392318084026251, 0.20033569915884153, -0.7555828278449234, -0.34034629313371056, -0.3838387163591032, -0.9235364922359246, -0.9241629140720089, 0.6375920079815909, -0.14895281102523425, -0.9683981871219094, -0.48300670309178284, 0.34130986299843424, 0.14063695867581233, -0.12031338547170697, 0.8522400026146207, 0.8146323222594604, 0.7512717474095985, 0.4427231220379967, 0.620359738192604, 0.7466436089892411, -0.6048137390375615, 0.43241725050681595, 0.7910258931874915, -0.8872472869868356, -0.5998778315507693, -0.3862303539790118, 0.10148636443991442, -0.003271153727545705, 0.4983592498728063, 0.6970351435706826, -0.7913662883830179, -0.6008001374028717, 0.9296301892418056, 0.22760619788480713, -0.49685584759327905, 0.6899479186660165, 0.8951209451998393, 0.559878881542313, -0.8978843086939524, 0.5007521849207234, -0.5305173143565473, -0.808209059382697, -0.2562525140362433, -0.7138613842131467, -0.29432297526973683, 0.10123554668529045, -0.28593931547246576, -0.39529939587935614, -0.05080891303164803, -0.35100055112232, 0.9437903373641239, -0.4146738767378275, 0.2714888792125146, 0.20529254686601242, 0.0010030789005081265, 0.6948231392430836, 0.5898015249642007, 0.7120058923683446, -0.5004964721035765, -0.25010072009175716, 0.4236899651962516, 0.7344511653926667, -0.5296321317567357, -0.4938178480423346, -0.7494063327485427, -0.6660553266293695, 0.7714191981716596, -0.3617957105102388, -0.45634328853421796, -0.27718848011615355, 0.7563108796448659, 0.9583122248752064, 0.6728633916546471, -0.3416518055042038, 0.9460185452392795, 0.27310755715767304, 0.3382116459956874, -0.38644468361388723, 0.8789475500790274, -0.32918388911192636, -0.8487723829710703, -0.31017000347819257, 0.8388592863775656, 0.027029605696471375, 0.8909081509164806, -0.5453375669862952, 0.5895858617057955, 0.29585625454440523, -0.6080700744846115, 0.4880483354493967, 0.9392089029218194, -0.6221434831694574, 0.8053853070893576, 0.5164656714454203, 0.8039128752952758, 0.6132389323988967, -0.19641036492686115, -0.2350652341713295, 0.5350644305907645, -0.3099182428287935, 0.9918784789994114, -0.06715502789627704, 0.01509223724654788, 0.8468827342953765, -0.6735096177245625, -0.7548107162778633, -0.8628035333272752, 0.7201288915363345, 0.45288589316897004, 0.6161749516981626, -0.8234467210039068, 0.8306949705303811, 0.700339293434073, -0.7498461426169976, 0.6798471102556528, -0.7236263035429565, 0.7274034385593716, 0.6717470802931512, -0.04613706092202821, -0.06774829806321497, -0.8458504491939587, -0.5571647267085932, -0.8955449940030646, 0.016904416603148148, -0.5176083125781309, 0.06051361378403916, 0.4330200797200692, -0.8341493762396665, -0.7011289727615247, -0.6310485376814943]",False
3,50,1.0,0.0,2.0,2,419.87465904515875,28.16869091234246,237.50971089699388,931.6778742367312,52.3882388326451,0.013213635745014482,84.89147949438596,0.00029889674497992583,0.0008637898929542802,"[1.562271788860125, 419.87465904515875, 28.16869091234246, 237.50971089699388, 0.4382861423215983, -0.9488448729805196, -0.4022076005019279, 0.09700791556856934, 0.4863644207879812, -0.10116355912692583, 0.8537738963178846, -0.40420704434875965, -0.17417671416224406, -0.5748429868344025, 0.48182357504053086, -0.39556047123942223, 0.6760951113935351, -0.3756601327797129, -0.37544347604618666, 0.8880985000989217, 0.8324333565408423, -0.1301301492817274, -0.40746830169618103, 0.8885197708294276, -0.3492796563463668, -0.6767001301675774, -0.03582120762240154, 0.2771688663371835, 0.8061745720020074, 0.9507677941784424, -0.8464476339763211, 0.533196881687966, -0.6229242521989052, -0.803603521933843, 0.13089357416988412, -0.8877018276289262, -0.3103668532531877, -0.08621608326599865, -0.5881514071999068, 0.35080264251847504, -0.006910575146028997, 0.4856153424262773, -0.5924054174589736, -0.14001211439335426, -0.0964522023758776, 0.9650739050038205, -0.36497045304919506, -0.2386014711465357, 0.7463922691525254, -0.8302075993722591, 0.031647607037635556, 0.966597150761561, 0.722103299449901, -0.7349992771896885, 0.9745229851281655, -0.9989259290195189, -0.2597097134798187, 0.7154657568664116, -0.5500200531115028, 0.028831135453862358, -0.10828760507133627, -0.3031905591539898, 0.3511621583618351, 0.677271990719266, 0.19585389294398214, 0.5179867286474679, -0.392318084026251, 0.20033569915884153, -0.7555828278449234, -0.34034629313371056, -0.3838387163591032, -0.9235364922359246, -0.9241629140720089, 0.6375920079815909, -0.14895281102523425, -0.9683966906611378, -0.483006703092246, 0.34131098850787855, 0.14063695867581233, -0.12031338547170697, 0.8522400026146207, 0.8146323222594604, 0.7512717474095985, 0.4427231220379967, 0.620359738192604, 0.7464475676511798, -0.6048137390375615, 0.43241725050681595, 0.7910258931874915, -0.8872472869868356, -0.5998778315507693, -0.3862303539790118, 0.10148636443991442, -0.003271153727545705, 0.4983592498728063, 0.6970351435706826, -0.7913662883830179, -0.6008001374028717, 0.9296301892418056, 0.22760619788480713, -0.49685584759327905, 0.6899479186660165, 0.8951209451998393, 0.559878881542313, -0.8978843086939524, 0.4969989443125685, -0.5305173143565473, -0.808209059382697, -0.2562525140362433, -0.7138613842131467, -0.29432297526973683, 0.10123554668529045, -0.28593931547246576, -0.39529939587935614, -0.05080897953028405, -0.35100055112232, 0.9437903373641239, -0.4146738767378275, 0.2714888896026529, 0.20529254686601242, 0.0010030789005081265, 0.6948231392430836, 0.5898015249642007, 0.7120058923683446, -0.5004964721035765, -0.25010072009175716, 0.4236899651962516, 0.7344511653926667, -0.5296321317567357, -0.4938178480423346, -0.7494061566349487, -0.6660553266293695, 0.7714415795256486, -0.3617957105102388, -0.45634328853421796, -0.27718848011615355, 0.7563108796448659, 0.9583122248752064, 0.6728633916546471, -0.3416518055042038, 0.9460185452392795, 0.27310755715767304, 0.3382116459956874, -0.38644468361388723, 0.8789475500790274, -0.32918388911192636, -0.8487723829710703, -0.31017000347819257, 0.8388592863775656, 0.02702974891639727, 0.8909081509164806, -0.5453375669862952, 0.5895858617057955, 0.29585625454440523, -0.6080700744846115, 0.4880483354493967, 0.9392089029218194, -0.6221434831694574, 0.8053853070893576, 0.5164656714454203, 0.8039128752952758, 0.6132389323988967, -0.19641036492686115, -0.2350652341713295, 0.5350644305907645, -0.3099182428287935, 0.9918784789994114, -0.06715502789627704, 0.01509223724654788, 0.8468827342953765, -0.6735096177245625, -0.7506400376820399, -0.8628035333272752, 0.7201288915363345, 0.45288589316897004, 0.6158842353042695, -0.8234467210039068, 0.8306949705303811, 0.700339293434073, -0.7498461426169976, 0.6798471102556528, -0.7236263034074066, 0.7274034385593716, 0.6717470802931512, -0.04613706092202821, -0.06774829806321497, -0.8458504491939587, -0.5571647267085932, -0.8955449940030646, 0.016904416603148148, -0.5176083136277536, 0.06051361378403916, 0.4330200797200692, -0.8341493762396665, -0.7011289727615247, -0.6310485376814943]",False
3,50,1.0,0.0,2.0,2,419.87788633390926,28.16869091234246,237.46448064817656,931.5907164433453,52.37014889261029,0.013211979558087153,84.89147949438636,0.00029889482762348175,0.0008637898929543577,"[1.562271788860125, 419.87788633390926, 28.16869091234246, 237.46448064817656, 0.4382861423215983, -0.9488448729805196, -0.4022076005019279, 0.09700827056689611, 0.48636575249139946, -0.10116355912692583, 0.8537738963178846, -0.40420704434875965, -0.17417671416224406, -0.5748429868344025, 0.5522768895672334, -0.395570090962243, 0.6772863918049776, -0.3756601327803416, -0.37544347604618666, 0.8880985000989217, 0.8324333565408423, -0.11976743676072416, -0.40746830169618103, 0.8885197708294276, -0.3492796563463668, -0.6767001301675774, -0.03582120762240154, 0.27708355963675546, 0.8061745720020074, 0.9507677941784424, -0.8464476339763211, 0.533196881687966, -0.6229242521989052, -0.803603521933843, 0.13089357695721587, -0.8877018276289262, -0.3103668532531877, -0.08621608326599865, -0.5881514071999068, 0.35080264251847504, -0.006910575146028997, 0.4856153424262773, -0.5924054174589736, -0.14001153907602598, -0.0964522023758776, 0.9650739050038205, -0.36497045304919506, -0.2386014711465357, 0.7463922691525254, -0.8302075993722591, 0.03655845455095519, 0.966597150761561, 0.722103299449901, -0.7349992771896885, 0.9745229851281655, -0.9989259290195189, -0.2597097134798187, 0.7154657568664116, -0.5500513438354262, 0.028831135453862358, -0.10828760507133627, -0.3031905591539898, 0.3511621583618351, 0.677271990719266, 0.19585389294398214, 0.5179867286474679, -0.392318084026251, 0.20033569915884153, -0.7555828278449234, -0.34034629313371056, -0.3838387163591032, -0.9232821876278248, -0.9241629140720089, 0.643330891321594, -0.14895281102523425, -0.9683981827950313, -0.4830067030917936, 0.341259363479408, 0.14063695867581233, -0.12031338547170697, 0.8522400026146207, 0.8146323222594604, 0.7515586698196284, 0.4427231220379967, 0.620359738192604, 0.7466392983097306, -0.6048137390375615, 0.43241725050681595, 0.7910447169046764, -0.8872472869868356, -0.5998778315507693, -0.3862303539790118, 0.1014695028077428, -0.00387870390673805, 0.4983592498728063, 0.6970351435706826, -0.7913662883830179, -0.6008001374028717, 0.9296301892418056, 0.22760619788480713, -0.49685584759327905, 0.6899479186660165, 0.8951209451998393, 0.559878881542313, -0.8978843075811068, 0.4086110406049698, -0.5305173143565473, -0.808209059382697, -0.2562525140362433, -0.7138613842131467, -0.2941305391036185, 0.10123554668529045, -0.28593931547246576, -0.39529939587935614, -0.05080249896462755, -0.35100055112232, 0.8068165801447098, -0.4146738767378275, 0.2714894691163154, 0.20529254686601242, 0.0010030789005081265, 0.6950925459317354, 0.5898015249642007, 0.7120058923683446, -0.5004964691445571, -0.25010072009175716, 0.3375020556964423, 0.7344511653926667, -0.5296321317567357, -0.4938178480423346, -0.7494063275452233, -0.6660553266293695, 0.7667872126606909, -0.3617957105102388, -0.45634306105603717, -0.27718848011615355, 0.7563108796448659, 0.9583122643293767, 0.6728658783830387, -0.3416518055042038, 0.9460185452392795, 0.2731354477781305, 0.3382116459956874, -0.3864721256714767, 0.8789475500790274, -0.3291838891369774, -0.8487723829710703, -0.31017000324571103, 0.8388590501529664, 0.0270222368924031, 0.8909079453122808, -0.5453375669862952, 0.5895858617057955, 0.29585625454440523, -0.6080700744846115, 0.4880483354493967, 0.9392089029218194, -0.6221434831694574, 0.8053853070893576, 0.5164656714454203, 0.8039128752952758, 0.6132389323988967, -0.19641036492686115, -0.23506574739246494, 0.5350644305907645, -0.3099182428287935, 0.9918784789994114, -0.06715502789627704, 0.01509223724654788, 0.8468801064654256, -0.6735096177245625, -0.754634907405944, -0.8628035333272752, 0.7201288915363345, 0.45288589316897004, 0.616168771953179, -0.8234467210039068, 0.8306949705303811, 0.700339293434073, -0.7498461426163413, 0.6798471102556528, -0.7236209489126213, 0.7274034385593716, 0.6717470802931512, -0.04613706092202821, -0.06774829806321497, -0.8458504493277124, -0.5571647267085932, -0.8955449940030646, 0.016904416603148148, -0.5176080096670512, 0.06051361378403916, 0.4330200797200692, -0.7756976408177242, -0.7011289727615247, -0.6310485376814943]",False
3,50,1.0,0.0,2.0,2,419.87474833427603,28.16869091234246,237.5076897885716,931.6779909165286,52.38806808391625,0.013213628433897291,84.89147949438636,0.00029889669193219074,0.0008637898929543704,"[1.562271788860125, 419.87474833427603, 28.16869091234246, 237.5076897885716, 0.4382861423215983, -0.9488448729805196, -0.4022076005019279, 0.09700801400300298, 0.48636575249139946, -0.10116355912692583, 0.8537738963178846, -0.40420704434875965, -0.17417671416224406, -0.5748429868344025, 0.5522768895672334, -0.39556047123942223, 0.6772863918049776, -0.3756601327797129, -0.37544347604618666, 0.8880985000989217, 0.8324333565408423, -0.11976743676072416, -0.40746830169618103, 0.8885197708294276, -0.3492796563463668, -0.6767001301675774, -0.03582120762240154, 0.27717276917777933, 0.8061745720020074, 0.9507677941784424, -0.8464476339763211, 0.533196881687966, -0.6229242521989052, -0.803603521933843, 0.13089357416988412, -0.8877018276289262, -0.3103668532531877, -0.08621608326599865, -0.5881514071999068, 0.35080264251847504, -0.006910575146028997, 0.4856153424262773, -0.5924054174589736, -0.14001211439335426, -0.0964522023758776, 0.9650739050038205, -0.36497045304919506, -0.2386014711465357, 0.7463922691525254, -0.8302075993722591, 0.0319243350576293, 0.966597150761561, 0.722103299449901, -0.7349992771896885, 0.9745229851281655, -0.9989259290195189, -0.2597097134798187, 0.7154657568664116, -0.5500322860741065, 0.028831135453862358, -0.10828760507133627, -0.3031905591539898, 0.3511621583618351, 0.677271990719266, 0.19585389294398214, 0.5179867286474679, -0.392318084026251, 0.20033569915884153, -0.7555828278449234, -0.34034629313371056, -0.3838387163591032, -0.9232821876278248, -0.9241629140720089, 0.6375920079815909, -0.14895281102523425, -0.9683979912766773, -0.4830067030922432, 0.34131047855651225, 0.14063695867581233, -0.12031338547170697, 0.8522400026146207, 0.8146323222594604, 0.7512727961864396, 0.4427231220379967, 0.620359738192604, 0.746443326291697, -0.6048137390375615, 0.43241725050681595, 0.7910447169046764, -0.8872472869868356, -0.5998778315507693, -0.3862303539790118, 0.10148647175717183, -0.00387870390673805, 0.4983592498728063, 0.6970351435706826, -0.7913662883830179, -0.6008001374028717, 0.9296301892418056, 0.22760619788480713, -0.49685584759327905, 0.6899479186660165, 0.8951209451998393, 0.559878881542313, -0.8978843075811068, 0.404857799996815, -0.5305173143565473, -0.808209059382697, -0.2562525140362433, -0.7138613842131467, -0.29432574447268944, 0.10123554668529045, -0.28593931547246576, -0.39529939587935614, -0.050802565463263574, -0.35100055112232, 0.8068165801447098, -0.4146738767378275, 0.2714888792125146, 0.20529254686601242, 0.0010030789005081265, 0.6950828028888066, 0.5898015249642007, 0.7120058923683446, -0.5004964709151646, -0.25010072009175716, 0.3375020556964423, 0.7344511653926667, -0.5296321317567357, -0.4938178480423346, -0.7494061410499663, -0.6660553266293695, 0.7714163484415468, -0.3617957105102388, -0.45634328853421796, -0.27718848011615355, 0.7563108796448659, 0.9583122621830358, 0.6728633916546471, -0.3416518055042038, 0.9460185452392795, 0.2731354477781305, 0.3382116459956874, -0.38644468361388723, 0.8789475500790274, -0.3291838891378147, -0.8487723829710703, -0.31017000347819257, 0.8388590333213913, 0.027022380112328995, 0.8909079453122808, -0.5453375669862952, 0.5895858617057955, 0.29585625454440523, -0.6080700744846115, 0.4880483354493967, 0.9392089029218194, -0.6221434831694574, 0.8053853070893576, 0.5164656714454203, 0.8039128752952758, 0.6132389323988967, -0.19641036492686115, -0.23506522562892374, 0.5350644305907645, -0.3099182428287935, 0.9918784789994114, -0.06715502789627704, 0.01509223724654788, 0.8468801064654256, -0.6735096177245625, -0.7504114241243107, -0.8628035333272752, 0.7201288915363345, 0.45288589316897004, 0.6161749516981626, -0.8234467210039068, 0.8306949705303811, 0.700339293434073, -0.7498461426169976, 0.6798471102556528, -0.7236209487770715, 0.7274034385593716, 0.6717470802931512, -0.04613706092202821, -0.06774829806321497, -0.8458504491939587, -0.5571647267085932, -0.8955449940030646, 0.016904416603148148, -0.5176083125781309, 0.06051361378403916, 0.4330200797200692, -0.8341493762396665, -0.7011289727615247, -0.6310485376814943]",False
3,50,1.0,0.0,2.0,2,419.87474833427603,28.16869091234246,237.46448064817656,931.5912087589982,52.370226005211386,0.013211987720276298,84.89147949438636,0.00029889669193219155,0.0008637898929544097,"[1.562271788860125, 419.87474833427603, 28.16869091234246, 237.46448064817656, 0.4382861423215983, -0.9488448729805196, -0.4022076005019279, 0.097008280503368, 0.48636575249139946, -0.10116355912692583, 0.8537738963178846, -0.40420704434875965, -0.17417671416224406, -0.5748429868344025, 0.5522768895672334, -0.395570090962243, 0.6772863918049776, -0.3756601327803416, -0.37544347604618666, 0.8880985000989217, 0.8324333565408423, -0.11976743676072416, -0.40746830169618103, 0.8885197708294276, -0.3492796563463668, -0.6767001301675774, -0.03582120762240154, 0.27708355963675546, 0.8061745720020074, 0.9507677941784424, -0.8464476339763211, 0.533196881687966, -0.6229242521989052, -0.803603521933843, 0.13089357695721587, -0.8877018276289262, -0.3103668532531877, -0.08621608326599865, -0.5881514071999068, 0.35080264251847504, -0.006910575146028997, 0.4856153424262773, -0.5924054174589736, -0.14001153907602598, -0.0964522023758776, 0.9650739050038205, -0.36497045304919506, -0.2386014711465357, 0.7463922691525254, -0.8302075993722591, 0.03628172653096145, 0.966597150761561, 0.722103299449901, -0.7349992771896885, 0.9745229851281655, -0.9989259290195189, -0.2597097134798187, 0.7154657568664116, -0.5500513438354262, 0.028831135453862358, -0.10828760507133627, -0.3031905591539898, 0.3511621583618351, 0.677271990719266, 0.19585389294398214, 0.5179867286474679, -0.392318084026251, 0.20033569915884153, -0.7555828278449234, -0.34034629313371056, -0.3838387163591032, -0.9232821876278248, -0.9241629140720089, 0.6375920079815909, -0.14895281102523425, -0.9683966863342598, -0.4830067030922568, 0.34126048898885236, 0.14063695867581233, -0.12031338547170697, 0.8522400026146207, 0.8146323222594604, 0.7515586698196284, 0.4427231220379967, 0.620359738192604, 0.7464432569716695, -0.6048137390375615, 0.43241725050681595, 0.7910447169046764, -0.8872472869868356, -0.5998778315507693, -0.3862303539790118, 0.1014695028077428, -0.00387870390673805, 0.4983592498728063, 0.6970351435706826, -0.7913662883830179, -0.6008001374028717, 0.9296301892418056, 0.22760619788480713, -0.49685584759327905, 0.6899479186660165, 0.8951209451998393, 0.559878881542313, -0.8978843075811068, 0.404857799996815, -0.5305173143565473, -0.808209059382697, -0.2562525140362433, -0.7138613842131467, -0.2941305391036185, 0.10123554668529045, -0.28593931547246576, -0.39529939587935614, -0.050802565463263574, -0.35100055112232, 0.8068165801447098, -0.4146738767378275, 0.2714894795064537, 0.20529254686601242, 0.0010030789005081265, 0.6950925459317354, 0.5898015249642007, 0.7120058923683446, -0.5004964691445571, -0.25010072009175716, 0.3375020556964423, 0.7344511653926667, -0.5296321317567357, -0.4938178480423346, -0.7494061514316291, -0.6660553266293695, 0.76680959401468, -0.3617957105102388, -0.45634306105603717, -0.27718848011615355, 0.7563108796448659, 0.9583122643293767, 0.6728658783830387, -0.3416518055042038, 0.9460185452392795, 0.2731354477781305, 0.3382116459956874, -0.3864721256714767, 0.8789475500790274, -0.3291838891369774, -0.8487723829710703, -0.31017000324571103, 0.8388590501529664, 0.027022380112328995, 0.8909079453122808, -0.5453375669862952, 0.5895858617057955, 0.29585625454440523, -0.6080700744846115, 0.4880483354493967, 0.9392089029218194, -0.6221434831694574, 0.8053853070893576, 0.5164656714454203, 0.8039128752952758, 0.6132389323988967, -0.19641036492686115, -0.23506574739246494, 0.5350644305907645, -0.3099182428287935, 0.9918784789994114, -0.06715502789627704, 0.01509223724654788, 0.8468801064654256, -0.6735096177245625, -0.7504642288101204, -0.8628035333272752, 0.7201288915363345, 0.45288589316897004, 0.6158780555592859, -0.8234467210039068, 0.8306949705303811, 0.700339293434073, -0.7498461426163413, 0.6798471102556528, -0.7236209487770715, 0.7274034385593716, 0.6717470802931512, -0.04613706092202821, -0.06774829806321497, -0.8458504493277124, -0.5571647267085932, -0.8955449940030646, 0.016904416603148148, -0.517608010716674, 0.06051361378403916, 0.4330200797200692, -0.8341493762396665, -0.7011289727615247, -0.6310485376814943]",False
3,50,1.0,0.0,2.0,2,419.87470687612847,28.16869091234246,237.4645133298973,931.6248957992423,52.39434501217189,0.013214836527024801,84.89147949438596,0.0003013088188738281,0.000863789892954441,"[1.5622721156524197, 419.87470687612847, 28.16869091234246, 237.4645133298973, 0.4382861423215983, -0.9488448729805196, -0.4022076005019279, 0.09700831156417565, 0.48636575249139946, -0.10116355912692583, 0.8537738963178846, -0.40420704434875965, -0.17417671416224406, -0.5748429868344025, 0.5512053831458918, -0.3955701227628289, 0.6772863918049776, -0.3756601327803416, -0.37544347604618666, 0.8880985000989217, 0.8324333565408423, -0.1199793736722204, -0.40746830169618103, 0.8885191961458293, -0.3492796563463668, -0.6767001999711415, -0.03582120762240154, 0.27717280500473507, 0.8061745720020074, 0.9507677941784424, -0.8464476339763211, 0.533196881687966, -0.6229242521989052, -0.8047207404831486, 0.13089359053966254, -0.8877018276289262, -0.3103668532531877, -0.08621608326599865, -0.5881514071999068, 0.3635046499862562, -0.050531425997933255, 0.4856153424262773, -0.5924054174589736, -0.14001154873895988, -0.0964522023758776, 0.9650739050038205, -0.36497045304919506, -0.2386014711465357, 0.7463922691525254, -0.8302075993722591, 0.03581975227893274, 0.9665971210711397, 0.722103299449901, -0.7349992771896885, 0.9745229851281655, -0.9989259290195189, -0.2597097134798187, 0.7154657568664116, -0.5500513438354262, 0.028831135453862358, -0.10828760507133627, -0.3031905591539898, 0.3511621583618351, 0.6777593082709105, 0.19585389294398214, 0.5179867286474679, -0.392318084026251, 0.20033569915884153, -0.7555828278449234, -0.34034629313371056, -0.3838387163591032, -0.9232816447261215, -0.9241629140720089, 0.6375920079815909, -0.14895281102523425, -0.9684008932061682, -0.4830067030922568, 0.34126579815718894, 0.14058132649294933, -0.12031338547170697, 0.8522400026146207, 0.8147732480387568, 0.7515586698196284, 0.4427231220379967, 0.620359738192604, 0.7464432569716695, -0.6048137390375615, 0.43241725050681595, 0.7910447323111973, -0.8872472869868356, -0.5998778315507693, -0.3862303539790118, 0.10152436796366385, -0.003864306716941436, 0.4983592498728063, 0.6970351435706826, -0.7913662883830179, -0.6008001374028717, 0.9295695010642037, 0.22760619788480713, -0.49685584759327905, 0.6899479186660165, 0.8951209451998393, 0.559878881542313, -0.8978843089594312, 0.404857799996815, -0.5305173143565473, -0.8707209486503772, -0.2562525140362433, -0.7133738594903698, -0.2941287034203854, 0.10121860372250323, -0.28593931547246576, -0.395299308067388, -0.05095076429735082, -0.35100055112232, 0.8068165801447098, -0.4146738767378275, 0.271489526769453, 0.20529254686601242, 0.0010030789005081265, 0.6951217240351709, 0.5898015249642007, 0.7120058923683446, -0.5004964011494334, -0.25009756806980205, 0.3375020556964423, 0.734423366659719, -0.5296321317567357, -0.493818051681466, -0.7494061514316291, -0.6660553266293695, 0.7669367797758888, -0.3617957105102388, -0.456343057125645, -0.27718848011615355, 0.7563059383238657, 0.9583122643293767, 0.6728658820854924, -0.34130844811271, 0.9460185452392795, 0.27313460452134186, 0.3382116459956874, -0.4027737212860036, 0.8789475500790274, -0.3291838891369774, -0.8487723829710703, -0.31017000324571103, 0.8388590483044376, 0.02702237850438968, 0.8909079453122808, -0.5453375669862952, 0.5895858617057955, 0.29585625454440523, -0.6080700744846115, 0.4880483354493967, 0.9392089029218194, -0.6221434831694574, 0.8053853070893576, 0.5164656714454203, 0.8038788433624895, 0.6132389323988967, -0.19641036492686115, -0.23505020558865133, 0.5350644305907645, -0.30991824284738645, 0.9918784093866644, -0.06715502789627704, 0.01509223724654788, 0.8471154773563817, -0.6735096177245625, -0.7508216420998517, -0.8628035333272752, 0.7201288915363345, -0.07907210262318556, 0.6162183553338202, -0.8234467210039068, 0.8306949705303811, 0.700339293434073, -0.7498461419864622, 0.6798471102556528, -0.723627507656539, 0.7274034385593716, 0.6717470802931512, -0.04613706092202821, -0.06774829806321497, -0.8458503059414451, -0.5571647267085932, -0.8955449940030646, 0.016904416603148148, -0.517608010716674, 0.060513543509700576, 0.4330200797200692, -0.8341493762396665, -0.7011289727615247, -0.6310485376814943]",False
3,50,1.0,0.0,2.0,2,419.87474528525,28.16869091234246,237.46448064817656,931.5856429010305,52.36934268653083,0.013211894825365016,84.89147949438636,0.00029889669374365404,0.0008637898929544525,"[1.562271788860125, 419.87474528525, 28.16869091234246, 237.46448064817656, 0.4382861423215983, -0.9488448729805196, -0.4022076005019279, 0.09700801400300298, 0.48636575249139946, -0.10116355912692583, 0.8537738963178846, -0.40420704434875965, -0.17417671416224406, -0.5748429868344025, 0.5522768895672334, -0.39557001599333613, 0.6772864403922941, -0.3756601327797129, -0.37544347604618666, 0.8880985000989217, 0.8324333565408423, -0.11779893239842812, -0.40746830169618103, 0.8885197708294276, -0.3492796563463668, -0.6767001301675774, -0.03582120762240154, 0.27708357772742886, 0.8061745720020074, 0.9507677941784424, -0.8464476339763211, 0.533196881687966, -0.6229242521989052, -0.8047388133918444, 0.13089324177035375, -0.8877018276289262, -0.3103668532531877, -0.08621608326599865, -0.5881514071999068, 0.3508001122103247, -0.006910575146028997, 0.4856153424262773, -0.5924054174589736, -0.1400125906286677, -0.0964522023758776, 0.9650739050038205, -0.36497045304919506, -0.2386014711465357, 0.7463922691525254, -0.8302075993722591, 0.0319243350576293, 0.9665971507538607, 0.722103299449901, -0.7349992771896885, 0.9745229851281655, -0.9989259290195189, -0.2597097134798187, 0.7154657568664116, -0.5496476433560493, 0.028831135453862358, -0.10828760507133627, -0.3031905591539898, 0.3511621583618351, 0.6778670299605337, 0.19585389294398214, 0.5179867286474679, -0.392318084026251, 0.20033569915884153, -0.7555828278449234, -0.34034629313371056, -0.3838387163591032, -0.9232821876278248, -0.9241629140720089, 0.6375920079815909, -0.14895281102523425, -0.9684004726315831, -0.4830067030922568, 0.3413100980452114, 0.14063695867581233, -0.12031338547170697, 0.8522400026146207, 0.8146502087406945, 0.7513163269963521, 0.4427231220379967, 0.620359738192604, 0.7464432569716695, -0.6048137390375615, 0.43241725050681595, 0.7910447169046764, -0.8872472869868356, -0.5998778315507693, -0.3862303539790118, 0.10146936412640904, -0.00387870390673805, 0.4983592498728063, 0.6970351435706826, -0.7913662883830179, -0.6008001374028717, 0.9296301892418056, 0.22760619788480713, -0.49685584759327905, 0.6899479186660165, 0.8951209451998393, 0.559878881542313, -0.8978843075811068, 0.404857799996815, -0.5305173143565473, -0.808209059382697, -0.2562525140362433, -0.7138613842131467, -0.2943299491269154, 0.10123554668529045, -0.28593931547246576, -0.3952978738095682, -0.05095155192722733, -0.35100055112232, 0.8068165801447098, -0.4146738767378275, 0.2714893971231491, 0.20529254686601242, 0.0010030789005081265, 0.6950925459317354, 0.5898015249642007, 0.7120058923683446, -0.5004964719450299, -0.25010072009175716, 0.3375020556964423, 0.7344236941802218, -0.5296321317567357, -0.4938178480423346, -0.7494061410499663, -0.6660553266293695, 0.7665545742804762, -0.3617957105102388, -0.4563432875621993, -0.27718848011615355, 0.7563108796448659, 0.9583122644550496, 0.6728633988962094, -0.3416518055042038, 0.9460185452392795, 0.2731354477781305, 0.3382116459956874, -0.3864446945932467, 0.8789475500790274, -0.3291838891369774, -0.8487723829710703, -0.31017000347819257, 0.8388590333213913, 0.027022380112328995, 0.8909072927380609, -0.5453375669862952, 0.5895858617057955, 0.29585625454440523, -0.6262465268650705, 0.4880483354493967, 0.9392089029218194, -0.6221434831694574, 0.8053853070893576, 0.5164656714454203, 0.8039143922846343, 0.6132389323988967, -0.19641036492686115, -0.23506522562892374, 0.5350644305907645, -0.3099182428287935, 0.9918784789994114, -0.06715502789627704, 0.01509223724654788, 0.8468797953154177, -0.6735096177245625, -0.7504642288101204, -0.8628035333272752, 0.7201288915363345, 0.4516773134998536, 0.6161749516981626, -0.8234467210039068, 0.8306949705303811, 0.700339293434073, -0.7498461425941871, 0.6798471102556528, -0.7236209487770715, 0.7274034385593716, 0.6717470802931512, -0.04613706092202821, -0.06774829806321497, -0.8458504491939587, -0.5571647267085932, -0.8955449940030646, 0.016904416603148148, -0.5176083125781309, 0.06051361378403916, 0.4330200797200692, -0.8341493762396665, -0.7011289727615247, -0.6310485376814943]",False
3,50,1.0,0.0,2.0,2,419.87470687612847,28.16869091234246,237.46448064817656,931.6509930226383,52.39123502742766,0.013214897970422022,84.89147949438636,0.0003013088188738281,0.0008637898929544687,"[1.562287399677457, 419.87470687612847, 28.16869091234246, 237.46448064817656, 0.4382861423215983, -0.9488448729805196, -0.4022076005019279, 0.09700831156417565, 0.48636575249139946, -0.10116355912692583, 0.8537738963178846, -0.40420704434875965, -0.17417671416224406, -0.5748429868344025, 0.5762768946711242, -0.3955701279599601, 0.6772863918049776, -0.3756601327803416, -0.37544347604618666, 0.8880985000989217, 0.8324333565408423, -0.1199793736722204, -0.40746830169618103, 0.8885191961458293, -0.3492796563463668, -0.6767001999711415, -0.03582120762240154, 0.27717280500473507, 0.8061745720020074, 0.9507677941784424, -0.8464476339763211, 0.533196881687966, -0.6229242521989052, -0.803603521933843, 0.13089359053966254, -0.8877018276289262, -0.3103668532531877, -0.08621608326599865, -0.5881514071999068, 0.3635046499862562, -0.050531425997933255, 0.4856153424262773, -0.5924054174589736, -0.14001153907602598, -0.0964522023758776, 0.9650739050038205, -0.36497045304919506, -0.2386014711465357, 0.7463922691525254, -0.8302075993722591, 0.03581975227893274, 0.966596798496042, 0.722103299449901, -0.7349992771896885, 0.9745229851281655, -0.9989259290195189, -0.2597097134798187, 0.7154657568664116, -0.5500513438354262, 0.028831135453862358, -0.10828760507133627, -0.3031905591539898, 0.3511621583618351, 0.6748223639712603, 0.19585389294398214, 0.5179867286474679, -0.392318084026251, 0.20033569915884153, -0.7555828278449234, -0.34034629313371056, -0.3838387163591032, -0.9232896304578466, -0.9241629140720089, 0.6375920079815909, -0.14895281102523425, -0.9683966863342598, -0.4830067030922568, 0.34126577380543166, 0.14058132649294933, -0.12031338547170697, 0.8522400026146207, 0.8147732480387568, 0.7515586698196284, 0.4427231220379967, 0.620359738192604, 0.7464432569716695, -0.6048137390375615, 0.43241725050681595, 0.7910447169046764, -0.8872472869868356, -0.5998778315507693, -0.3862303539790118, 0.10152436796366385, -0.003865853685177934, 0.4983592498728063, 0.6970351435706826, -0.7913662883830179, -0.6008001374028717, 0.9295695010642037, 0.22760619788480713, -0.49685584759327905, 0.6899479186660165, 0.8951209451998393, 0.559878881542313, -0.8978843089594312, 0.404857799996815, -0.5305173143565473, -0.808209059382697, -0.2562525140362433, -0.7133738594903698, -0.29412872729899103, 0.10121860372250323, -0.28593931547246576, -0.395299308067388, -0.050800741969319656, -0.35100055112232, 0.8068165801447098, -0.4146738767378275, 0.2714895275198547, 0.20529254686601242, 0.0010030789005081265, 0.6951215427687586, 0.5898015249642007, 0.7120058923683446, -0.5004964011494334, -0.25009756806980205, 0.3375020556964423, 0.7344511653926667, -0.5296321317567357, -0.493818051681466, -0.7494061514316291, -0.6660553266293695, 0.7669367797758888, -0.3617957105102388, -0.456343057125645, -0.27718848011615355, 0.7563078790711192, 0.9583122643293767, 0.6728658823135873, -0.3416518055042038, 0.9460185452392795, 0.273134599298041, 0.3382116459956874, -0.4027737212860036, 0.8789475500790274, -0.3291838891369774, -0.8487723829710703, -0.31017000324571103, 0.8388590483044376, 0.027022380112328995, 0.8909079453122808, -0.5453375669862952, 0.5895858617057955, 0.29585625454440523, -0.6080700744846115, 0.4880483354493967, 0.9392089029218194, -0.6221434831694574, 0.8053853070893576, 0.5164656714454203, 0.8047700618686744, 0.6132389323988967, -0.19641036492686115, -0.23505020558865133, 0.5350644305907645, -0.3099182400007013, 0.9918784093866644, -0.06715502789627704, 0.01509223724654788, 0.8471154773563817, -0.6735096177245625, -0.7502756932879767, -0.8628035333272752, 0.7201288915363345, -0.06511267192622655, 0.6162186958685639, -0.8234467210039068, 0.8306949705303811, 0.700339293434073, -0.7498461419864622, 0.6798471102556528, -0.7236264362549637, 0.7274034385593716, 0.6717470802931512, -0.04613706092202821, -0.06774829806321497, -0.8458503059414451, -0.5571647267085932, -0.8955449940030646, 0.016904416603148148, -0.517608010716674, 0.060513543509700576, 0.4330200797200692, -0.8341493762396665, -0.7011289727615247, -0.6310485376814943]",False
3,50,1.0,0.0,2.0,2,419.87474833427603,28.16869091234246,237.46448064817656,931.6925830917326,52.38628183290098,0.01321366850998022,84.89147949438636,0.00029889669193219155,0.0008637898929544814,"[1.562271788860125, 419.87474833427603, 28.16869091234246, 237.46448064817656, 0.4382861423215983, -0.9488448729805196, -0.4022076005019279, 0.09700801400300298, 0.48636575249139946, -0.10116355912692583, 0.8537738963178846, -0.40420704434875965, -0.17417671416224406, -0.5748429868344025, 0.5522768895672334, -0.39556047123942223, 0.6772863918049776, -0.3756601327797129, -0.37544347604618666, 0.8880985000989217, 0.8324333565408423, -0.11976743676072416, -0.40746830169618103, 0.8885197708294276, -0.3492796563463668, -0.6767001301675774, -0.03582120762240154, 0.27708357772742886, 0.8061745720020074, 0.9507677941784424, -0.8464476339763211, 0.533196881687966, -0.6229242521989052, -0.803603521933843, 0.13089357416988412, -0.8877018276289262, -0.3103668532531877, -0.08621608326599865, -0.5881514071999068, 0.35080264251847504, -0.006910575146028997, 0.4856153424262773, -0.5924054174589736, -0.14001211439335426, -0.0964522023758776, 0.9650739050038205, -0.36497045304919506, -0.2386014711465357, 0.7463922691525254, -0.8302075993722591, 0.0319243350576293, 0.966597150761561, 0.722103299449901, -0.7349992771896885, 0.9745229851281655, -0.9989259290195189, -0.2597097134798187, 0.7154657568664116, -0.5500322860741065, 0.028831135453862358, -0.10828760507133627, -0.3031905591539898, 0.3511621583618351, 0.677271990719266, 0.19585389294398214, 0.5179867286474679, -0.392318084026251, 0.20033569915884153, -0.7555828278449234, -0.34034629313371056, -0.3838387163591032, -0.9232821876278248, -0.9241629140720089, 0.6375920079815909, -0.14895281102523425, -0.9683914097244027, -0.4830067030922568, 0.34131047855651225, 0.14063695867581233, -0.12031338547170697, 0.8522400026146207, 0.8146323222594604, 0.7515586698196284, 0.4427231220379967, 0.620359738192604, 0.7464432569716695, -0.6048137390375615, 0.43241725050681595, 0.7910447169046764, -0.8872472869868356, -0.5998778315507693, -0.3862303539790118, 0.10148647175717183, -0.00387870390673805, 0.4983592498728063, 0.6970351435706826, -0.7913662883830179, -0.6008001374028717, 0.9296301892418056, 0.22760619788480713, -0.49685584759327905, 0.6899479186660165, 0.8951209451998393, 0.559878881542313, -0.8978843075811068, 0.404857799996815, -0.5305173143565473, -0.808209059382697, -0.2562525140362433, -0.7138613842131467, -0.29432574447268944, 0.10123554668529045, -0.28593931547246576, -0.39529939587935614, -0.050802565463263574, -0.35100055112232, 0.8068165801447098, -0.4146738767378275, 0.2714888792125146, 0.20529254686601242, 0.0010030789005081265, 0.6950925459317354, 0.5898015249642007, 0.7120058923683446, -0.5004964709151646, -0.25010072009175716, 0.3375020556964423, 0.7344511653926667, -0.5296321317567357, -0.4938178480423346, -0.7494061410499663, -0.6660553266293695, 0.7714163484415468, -0.3617957105102388, -0.45634328853421796, -0.27718848011615355, 0.7563108796448659, 0.9583122621830358, 0.6728633916546471, -0.3416518055042038, 0.9460185452392795, 0.2731354477781305, 0.3382116459956874, -0.38644468361388723, 0.8789475500790274, -0.3291838891369774, -0.8487723829710703, -0.31017000347819257, 0.8388590333213913, 0.027022380112328995, 0.8909079453122808, -0.5453375669862952, 0.5895858617057955, 0.29585625454440523, -0.6080700744846115, 0.4880483354493967, 0.9392089029218194, -0.6221434831694574, 0.8053853070893576, 0.5164656714454203, 0.8039128752952758, 0.6132389323988967, -0.19641036492686115, -0.23506522562892374, 0.5350644305907645, -0.3099182428287935, 0.9918784789994114, -0.06715502789627704, 0.01509223724654788, 0.8468801064654256, -0.6735096177245625, -0.7504642288101204, -0.8628035333272752, 0.7201288915363345, 0.45288589316897004, 0.6161749516981626, -0.8234467210039068, 0.8306949705303811, 0.700339293434073, -0.7498461426169976, 0.6798471102556528, -0.7236209487770715, 0.7274034385593716, 0.6717470802931512, -0.04613706092202821, -0.06774829806321497, -0.8458504491939587, -0.5571647267085932, -0.8955449940030646, 0.016904416603148148, -0.5176083125781309, 0.06051361378403916, 0.4330200797200692, -0.8341493762396665, -0.7011289727615247, -0.6310485376814943]",False
4,50,1.0,0.0,2.0,4,29.15796855686654,184.14256567642002,75.74886846916284,943.4636563701503,50.83116904123764,0.013138818065076732,84.89147949438654,0.0026974450919089676,0.0009515660970353633,"[3.8518402895156334, 29.15796855686654, 184.14256567642002, 75.74886846916284, -0.047677301682050456, -0.8991116607008809, 0.4812906238578417, 0.08197119854978628, 0.7103046502410081, -0.010524306007251995, 0.19682099448576346, 0.8148132537930589, -0.8158321185277194, -0.2186482661577755, 0.047932224461097024, -0.08031424907878296, -0.8696852285970743, -0.18701809360490892, -0.9415686816426164, -0.8930566369678719, -0.6727123296501358, -0.7339703766398078, -0.7665826457676961, 0.23353905240844172, 0.35724678972023893, -0.2838464112178012, 0.4110898587804848, -0.6083378035068483, 0.17243415790925565, -0.9074889097425727, -0.9481358573309796, -0.999048456557591, 0.517445195054095, -0.15827800231164732, 0.30959461248182407, 0.7686138724897248, 0.09643944296547763, -0.8364196663061012, -0.27108403298607536, 0.2528301889211836, 0.37078243468678285, 0.4092416636052812, -0.7982963853995765, 0.6951091264530119, 0.2444181398128854, -0.834777036758591, 0.019988926533272767, -0.11062147568975136, 0.7203601865262541, -0.19116678662583253, 0.4304455007313562, -0.33073627821604745, 0.5542516712289571, -0.6690707645081408, 0.03649649434960148, 0.51182769929794, 0.38040983090767977, 0.7430255721168109, 0.2260115458249488, 0.8263884675188066, 0.3419553401236276, 0.5804558482659047, -0.12829832115523182, -0.6816139116693571, -0.218499848397753, -0.07246245846519336, 0.23024340223904646, -0.5592386523422329, 0.7882222869842788, 0.3451343078503908, -0.0485315683043209, 0.3662782786046199, -0.21995061582531616, 0.30632137870445325, -0.16949089308113766, 0.5118203154473203, -0.9014099384247456, -0.10837920658973917, -0.9915585870627294, -0.4025658005346129, 0.07677714175631087, -0.5483807945505812, -0.22275053981674345, -0.7990578051640935, 0.6828604601396883, -0.649359825252286, -0.1842422913002474, -0.3112308313675287, -0.5751306043397015, -0.05793876416726766, -0.2789181393637553, 0.9736041157802892, -0.765373668564788, 0.072471663026367, -0.9071733360056718, 0.7048826604825366, 0.16695627978360048, -0.42149970991803676, 0.0877323113772778, -0.9731202388412534, 0.768288093637422, 0.2674404639451762, 0.9191743841859363, -0.23500195222777598, -0.5209229246543698, 0.8777673677495366, 0.7039778901807485, -0.8791834955286826, 0.7780851798630305, 0.3921991131212414, -0.6318178718590518, -0.6462059194692125, -0.16293533676698704, 0.6087080107757596, -0.26243984861009645, 0.08152957239337168, 0.01909076715306409, -0.1612469118971679, -0.12795746395720733, -0.8654011779236976, 0.9213830705325813, 0.2102293778178569, -0.36573228067068425, 0.9839085505404749, 0.5549526366977975, 0.9191707168089396, 0.02362933174349106, -0.05674707354501949, -0.9162122108074999, -0.3493429491626705, 0.8204465934550169, 0.26514558963514, -0.7176243055221607, 0.9473612446277272, -0.6694593237733624, 0.41173238596785516, -0.2242696908049687, -0.48525581384077593, 0.5074657711910483, -0.6323815588040987, 0.08722776408940025, -0.8268894638278249, 0.6639465766826941, -0.518992650627002, 0.9138358533041359, -0.5426986481155864, 0.17874290006925012, -0.13848119070383497, 0.9268962093452802, -0.1945030713414655, 0.17286856894605965, 0.8562757018024726, -0.8328463993980859, 0.006977285184758219, 0.6433413208513779, -0.9290094034774543, -0.35083436395343154, 0.6287631483630237, 0.023469401297533832, 0.7877710599611337, -0.07444682458364897, 0.5029426614595656, -0.9630339255153489, 0.07032395074390642, -0.8731801306086302, 0.20227370351398252, -0.2088521406626161, -0.43439976147397075, -0.2593483480948437, 0.9649740382053661, 0.7261133480265376, 0.24973619598995364, 0.9582798616187087, -0.48431721590652765, -0.28135936987159654, 0.6005965512037723, -0.13260255766154924, -0.1855436413963085, 0.9895289327908153, -0.6870422342445276, 0.07271811449492256, 0.6015135634961931, 0.38055661799964174, -0.1660501175300785, 0.20203465600206022, -0.4920224893911109, 0.11632034774620341, 0.04137425051021735, -0.658531864703386, -0.6112656207929833, 0.7406198341728744, -0.748874373143637, 0.2281775123539226, -0.29922420075089423, 0.9540375747976624, 0.33837794024007306]",False
4,50,1.0,0.0,2.0,4,29.157915203744174,184.14256567642002,75.74888684204569,943.4681161085015,50.83886890329778,0.013138955334863449,84.89147949438596,0.0027038975648752722,0.0009515663085314005,"[3.8518402895156334, 29.157915203744174, 184.14256567642002, 75.74888684204569, -0.049299311323453554, -0.8991086076729761, 0.4812906238578417, 0.084791753375789, 0.7103318112670602, -0.010506964799040381, 0.19682099448576346, 0.8593780109650816, -0.8158321185277194, -0.2186482661577755, 0.047932224461097024, -0.08031430097914548, -0.8696852285970743, -0.18701809360490892, -0.9415686816426164, -0.8934478917643132, -0.6727123296501358, -0.7339703766398078, -0.7665826457676961, 0.23320482862967679, 0.35724678972023893, -0.2837466720053838, 0.4112796614129435, -0.6083314104680451, 0.17151385533159874, -0.9190409980360585, -0.9481358573309796, -0.9990255671284429, 0.5168886057292038, -0.15827800231164732, 0.3095478103752686, 0.7686138747483118, 0.09643944296547763, -0.8364196663061012, -0.27108403298607536, 0.3077810492363581, 0.37078243468678285, 0.4092416636052812, -0.7982963853995765, 0.695108999049854, 0.2444181398128854, -0.8347751667577815, 0.019988926533272767, -0.1106275344222091, 0.7203601865262541, -0.19116678662583253, 0.4302823859159975, -0.3307358473312233, 0.5542516712289571, -0.66917203418434, 0.05669751559944231, 0.509920024900736, 0.38040983090767977, 0.7430255721168109, 0.2260115458249488, 0.8263884675188066, 0.3419553340589148, -0.7273690471323242, -0.12829832115523182, -0.6816136346393151, -0.21873835629494967, -0.07246245846519336, 0.23024340223904646, -0.5592386523422329, 0.7916109140417009, 0.3451343078503908, -0.04852123961612691, 0.3662782786046199, -0.21995061582531616, 0.30632137870445325, -0.16949089308113766, 0.5118203154473203, -0.9014099712099778, -0.10837920658973917, -0.9683186947060831, -0.4025751723827674, 0.07677714175631087, -0.5483807945505812, -0.22402759837277544, -0.7990578051640935, 0.6828604601473914, -0.6493598253217052, -0.1842422913002474, -0.3112308313675287, -0.5751306043397015, -0.05793875720505212, -0.27892755167280164, 0.9736041157802892, -0.765373668564788, 0.072471663026367, -0.9071733360056718, 0.7048826604825366, 0.16695504368228856, -0.42149970991803676, -0.5065263823010744, -0.9731202388412534, 0.767943019469147, 0.2674404639451762, 0.9191743841859363, -0.23521174630260072, -0.5209229284228661, 0.8777673947369259, 0.7039771643541173, -0.7610710940939723, 0.7914558349086351, 0.3832262280794362, -0.6318174696171208, -0.6462059199488589, -0.16285592888976244, 0.6089298054132081, -0.26243984861009645, 0.08152213453889853, 0.01909076715306409, -0.165869490038524, -0.12795746395720733, -0.8654017168844282, 0.9213830705325813, 0.20874042730864814, -0.36573228067068425, 0.9839791717909617, 0.5549526366130653, 0.9191707168089396, 0.02362933174349106, -0.05674707354501949, -0.9162344456388691, -0.3475657815923197, 0.8204465934550169, 0.26514558963514, -0.7176243055221607, 0.9473612446277272, -0.6173306831621123, 0.4117181439386536, -0.2242700376593463, -0.48526126191113744, 0.5074657711910483, -0.6323815588040987, 0.08722776408940025, -0.8268894638278249, 0.6639465766826941, -0.5189924999980997, 0.9138358305044317, -0.5426986481155864, 0.1787419018323187, -0.13848119070383497, 0.92689620345427, -0.1945030713414655, 0.1728759608172741, 0.8562757018024726, -0.8328463993980859, 0.006679904894593211, 0.6433413208513779, -0.9290094034774543, -0.35083436395343154, 0.6287631483630237, 0.023469401297533832, 0.7877710599611337, -0.001749285074476685, 0.5029426614595656, -0.9630339310390083, 0.07032395074390642, -0.8731801306086302, 0.28370587636398914, -0.2088521406626161, -0.428012254287599, -0.25934834521393196, 0.958114676385148, 0.7261984739931721, 0.24993476857636568, 0.9464251000459278, -0.48431744277533684, -0.28135970340495686, 0.6005964053578052, -0.13260339441041394, -0.1855436413963085, 0.9895289327908153, -0.6870422342445276, 0.07271811449492256, 0.6015135634961931, 0.3804962730440597, -0.1660501175300785, 0.20224689129378004, -0.4920224893911109, 0.11631986603721436, 0.041376490016694786, -0.6585318647035542, -0.6112656207929833, 0.7406198341728744, -0.7488514673484282, 0.2281775123539226, -0.2992227977148086, 0.95402661905731, 0.33837794024007306]",False
4,50,1.0,0.0,2.0,4,29.15739730447039,184.14254820140334,75.76336688420677,943.450859842089,50.83686764256727,0.013138771358079603,84.89147949438596,0.002701656389680634,0.0009516881851502127,"[3.851839757956294, 29.15739730447039, 184.14254820140334, 75.76336688420677, -0.04873024984978525, -0.899111686967027, 0.4812906473117104, 0.12993232866301804, 0.710334525276173, -0.010524658565955074, 0.1968227178131657, 0.8148132530934235, -0.819492706414788, -0.21905083607788944, 0.04793222434395758, -0.08031752220947445, -0.8696921280928425, -0.18694424323736503, -0.9415686816426164, -0.8929718977231836, -0.6754234803605172, -0.7353143174459924, -0.7665658096159087, 0.23354827819801838, 0.3572271319143824, -0.28378531766977794, 0.411274342827525, -0.6080456236380405, 0.17225900431586233, -0.9218804955392925, -0.9481401617627218, -0.9991121481909877, 0.5101886704647519, -0.15820518561738592, 0.4090010709834369, 0.7686138754527229, 0.09643944297223354, -0.8422218164751085, -0.271091591750126, 0.25257093094327454, 0.3694176031010381, 0.42175546887295334, -0.7982963860471736, 0.695116248225309, 0.2444181398128854, -0.8347862317493198, 0.019922971678544822, -0.11061706968846693, 0.7203601866583694, -0.8226163036867565, 0.4271794773310863, -0.3307361993066582, 0.5542516797347324, -0.6691205005312716, 0.03703352113226788, 0.5118278647044379, 0.358248218751762, 0.7429865904307138, 0.2260202292651541, 0.8263455125746378, 0.34195487849231476, -0.7972169609305014, -0.10718375620692064, -0.6816136318241942, -0.21849024231720507, -0.07246443978558945, 0.23024261084888453, -0.5593009443168365, 0.743053446882683, 0.34517743220532293, -0.04852093655643082, 0.3636534869728667, -0.22044563642555576, 0.28499002554155417, -0.16949089308113766, 0.5120363773297555, -0.9014099619320208, -0.10838585454299679, -0.9915586028033121, -0.40276937752530456, 0.0767927758453281, -0.548348492694526, -0.22277303831905101, -0.655083248511933, 0.6828604601468449, -0.6493559835317841, -0.18396445506512582, -0.3112308303251565, -0.5750518753998369, -0.05793875752510353, -0.2789253687855735, 0.9736042971524953, -0.7654166403642413, 0.07248688694284862, -0.9071958543161142, 0.7048521985020735, 0.16701007667075476, -0.42149974482631697, 0.06830258766495967, -0.9421895951395726, 0.7588240128357842, 0.2675505943514896, 0.9197734969742503, -0.23500236979750305, -0.5209532712173287, 0.8777616006994302, 0.7039779255712136, -0.758731988279851, 0.7790008114945095, 0.3921991493123245, -0.6317969862401787, -0.6462058313497234, -0.16293548827981721, 0.5628467175751768, -0.1285148297253803, 0.08152951381904383, -0.2491570975128361, -0.16589795140956948, -0.12795783426204146, -0.6514780837712825, 0.9213830863501129, 0.2118648729875489, -0.3657563150666172, 0.9882763822351942, 0.5549526297869565, 0.9191321776292097, 0.023629331975403647, -0.056746293694023564, -0.9158036952950591, -0.3489380821285588, 0.8045939208369628, 0.265141290763162, -0.7176243036555048, 0.9473612440473289, -0.6681402303406042, 0.4117320419820189, -0.22421897396964485, -0.4865458091138404, 0.5074668474185796, -0.6323815588040987, 0.0870899127358831, -0.8260877875525877, 0.6643110199897543, -0.5189923898256278, 0.9138357331436858, -0.5426986481157448, 0.17874290690950786, -0.13831340292111044, 0.9268962095268461, -0.19450504572740257, 0.18575621477805257, 0.8562762798201227, -0.831446974845411, 0.006976182802382914, 0.673440487269737, -0.9290093530681991, -0.3509945054581965, 0.6296655192067432, 0.726666626951887, 0.7906641916453812, -0.0031349089176664693, 0.4148585107835667, -0.9630339247685653, 0.06717867846115311, -0.697868822466503, 0.20227491941807274, -0.20885275161927927, -0.43464208890772277, -0.25934846572735454, 0.9653880909694869, 0.7261981573556943, 0.24959087007579647, 0.9585218475345926, -0.4843173000878535, -0.28135979929169086, 0.6005935696509884, -0.1325650268411226, -0.18554363375291252, 0.9894832157264571, -0.6870422326464719, 0.07272369655933486, 0.6016153201018701, 0.3805506460985797, -0.166050232616881, 0.20219796369299428, -0.4914238090455756, 0.11634312561009291, 0.041373668335712044, -0.6585318647029289, -0.6076890908969065, 0.7406198129039481, -0.7538537632549523, 0.2282419402967032, -0.29922420716139864, 0.9540373475849963, 0.338230179567554]",False
4,50,1.0,0.0,2.0,4,29.157925861920916,183.37431686705344,75.76020901630542,943.4559642710661,50.83798076396377,0.013138806329941003,84.89147949438596,0.0027015344532295457,0.0009520132697580739,"[3.8518510575370724, 29.157925861920916, 183.37431686705344, 75.76020901630542, -0.04875967309279106, -0.8991087357186501, 0.4812903112407747, 0.07971505349502506, 0.7103045391568955, -0.011395109934450998, 0.19682094699692998, 0.8148135518349852, -0.8186293801750585, -0.2379021819481734, 0.047932224461097024, -0.08031421132713958, -0.8696765908689, -0.1869442430958874, -0.9415686816426164, -0.9164842740921328, -0.6753639013560274, -0.7363731806536861, -0.7646172836492153, 0.20199462175935523, 0.35724678972023893, -0.2823194646725051, 0.4112746379736113, -0.6083400555118557, 0.17171612475555947, -0.9111657123495449, -0.9481357132703375, -0.9949057207852334, 0.5103410169415505, -0.14325989234062453, 0.3412744233782367, 0.7686134177382169, 0.09643923393485175, -0.8406669436384445, -0.2710898231761235, 0.2529905774407205, 0.3695320531313699, 0.34219051374533516, -0.7982962910329536, 0.69511612677024, 0.2444181398128854, -0.8345504024756925, 0.019922611917804787, -0.12392605470504518, 0.7203602285954634, -0.8226163036867565, 0.4304455007313562, -0.33073626801415523, 0.5542516712289571, -0.6693987524976461, 0.05660685725192195, 0.511828516722796, 0.38097405133937534, 0.7432666395051352, 0.22602055412603148, 0.8263882866424981, 0.3419548422929328, -0.7594170944556685, -0.10675576470483154, -0.6816139123751361, -0.20904161358018242, -0.07246245954293118, 0.23022060047087464, -0.5593006540515223, 0.7396491949100727, 0.34517602817320786, -0.048532409514821316, 0.36363781790229693, -0.21995417812629717, 0.28488160853354283, -0.16949089308113766, 0.5118829112222845, -0.9014251096608218, -0.10838503748462659, -0.9694840540438819, -0.4025658005346129, 0.07765574650879054, -0.5483807945505812, -0.22271279890547566, -0.659488832563865, 0.6828604606097718, -0.6493600241556491, -0.1847632601516919, -0.31123081436374866, -0.5750460619431621, -0.057924570049235506, -0.2789183733683684, 0.9736041157802892, -0.7604311584324583, 0.07248638849083029, -0.907064081321294, 0.7048583262612121, 0.16701009487118434, -0.42150101396224676, -0.5594487375110937, -0.9416313551884958, 0.7677365599451748, 0.2674675427694232, 0.9197443040579124, -0.23504603402467422, -0.5209229076491636, 0.8777614223462691, 0.7039779097873367, -0.7586516769477656, 0.7794860978331772, 0.3921991131212414, -0.6324582586875932, -0.6462059212798419, -0.16016902606047592, 0.6055778523764471, -0.26147106886193716, 0.08152965108822924, -0.23918494131614787, -0.1612469118971679, -0.29221820542265575, -0.8654017281227793, 0.9213830705325813, 0.2102293778178569, -0.36573461987312494, 0.9851013700391404, 0.5549526366977975, 0.9191318487947107, 0.023629313229683795, -0.05674707354501949, -0.9211498144113754, -0.34921283105661133, 0.8454876233991135, 0.2651406339319643, -0.7176243208858858, 0.9473612446228683, 0.6125414708756272, 0.4117183499382949, -0.22426969581509504, -0.48525581384077593, 0.5074657711910483, -0.6323815588040987, 0.08722993389147447, -0.8266971370985324, 0.6644391459583763, -0.5189925186168853, 0.9138360197255697, -0.5426986481265353, 0.1787430517122393, -0.1384540926089195, 0.9268962094074313, -0.19444940466554997, 0.17240032221508142, 0.8562757018024726, -0.831499457583914, 0.006977285184758219, 0.5620518498276375, -0.9290094034866013, -0.3508938789678485, 0.6299966973259381, 0.73063728355077, 0.7698106969735644, -0.0033631171422025888, 0.5029012416171046, -0.9630339255153489, 0.07032395074390642, -0.8781541247209935, 0.20227495689746447, -0.2088527081230203, -0.41836725947875075, -0.2593483480948437, 0.957079117418144, 0.7261906805912237, 0.2395089835645287, 0.9682584547500117, -0.48431696788761297, -0.28135936987159654, 0.6005965293766321, -0.13260428152450746, -0.1855436413963085, 0.9866031056481528, -0.6870422345937054, 0.07226909237396165, 0.6016198408416334, 0.37606910518734643, -0.1660501175300785, 0.1973551278010138, -0.46379539593022845, 0.11630546372089194, 0.0413942020767361, -0.658531864672091, -0.6110696657497476, 0.7406198341728744, -0.7487238721510601, 0.22836850011267262, -0.2992242308265705, 0.9540375747976624, 0.3382234650991528]",False
4,50,1.0,0.0,2.0,4,29.157941400284585,183.3588032086546,75.76336688420677,943.4514968684568,50.83809248134057,0.013138771746715216,84.89147949438654,0.0027014891582432315,0.000952019747188549,"[3.8518401345156166, 29.157941400284585, 183.3588032086546, 75.76336688420677, -0.048759751290228345, -0.8991087292672764, 0.4812906473117104, 0.0822276252275529, 0.7103027270060961, -0.010535957233038157, 0.1967839179661387, 0.8148135543510648, -0.8192671306367013, -0.23096763212964241, 0.04793222399464755, -0.0803141964566283, -0.8696895263837848, -0.18694424323736503, -0.9415686816426164, -0.9166093914303222, -0.6753638084686523, -0.7363709579473291, -0.7646294260545415, 0.20329235935097287, 0.35724675261275735, -0.2839015308541368, 0.41108418890097004, -0.6080471071015119, 0.1480146379154748, -0.911412902842303, -0.9481357918007569, -0.9940968850451655, 0.5103410076644493, -0.12359649376153439, 0.34147402637906715, 0.7686134176660108, 0.0964394343795618, -0.8397471497944271, -0.2710914893910927, 0.2542953933924639, 0.3695327429722252, 0.33921418894799577, -0.798296308669951, 0.6951158363549715, 0.2444181398128854, -0.8346149380192613, 0.019922438010614604, -0.12458974492630318, 0.7203736906742735, -0.8226163036867565, 0.4271267666606814, -0.3307362643261355, 0.5542516795434509, -0.6693984589617578, 0.056606900545045455, 0.511828508339659, 0.3798603197281215, 0.7432685121137249, 0.22602022127108518, 0.8263882773338613, 0.3419548716185255, -0.7594170944556685, -0.10718375620692064, -0.6816136358912133, -0.2088708882514559, -0.07246244984921547, 0.125083127823138, -0.5593006502620504, 0.7397259009527346, 0.3451777342384527, -0.04852093655643082, 0.36370750969606364, -0.220478378901588, 0.2848835294086599, -0.16949089308113766, 0.5096454119026577, -0.9014057684971835, -0.10859119334385527, -0.9697783825392524, -0.40276566550402354, 0.07763491491948685, -0.5483100568456728, -0.22279809570431017, -0.659882329783796, 0.6828604601468767, -0.649355631540188, -0.2155809607153755, -0.3112308143981741, -0.5750482305484693, -0.05793976034526377, -0.27891795200086766, 0.9736282349633398, -0.7654169901831127, 0.07247143938625676, -0.9070657027085931, 0.7048517340133068, 0.16695492457341068, -0.4215010232886471, -0.5569374400034303, -0.9421895951395726, 0.7589195397925662, 0.26746746818955003, 0.9194718677365341, -0.23514606195267945, -0.5209528387865976, 0.8777613750785784, 0.7039779095154882, -0.7586529393770025, 0.7774861084382069, 0.39176672253660483, -0.6324567377494474, -0.646208746897847, -0.16013772467542903, 0.6055742107237948, -0.2614664245494808, 0.08153033118625228, -0.23935235445945893, -0.1565357673038045, -0.2817758235296909, -0.8654018163043978, 0.9213829828811947, 0.21000458855786588, -0.3657566377504181, 0.98423960355948, 0.5549527259581555, 0.9191321770759061, 0.023629312690949807, -0.05675926509713065, -0.9210353029866744, -0.32162136849332457, 0.8052093868955548, 0.2651406321416964, -0.7176215344036551, 0.947361243160261, -0.5511634778317496, 0.41173160081140836, -0.2242703725048355, -0.5107883384589926, 0.5074075449089999, -0.6323815588040987, 0.08710678907924864, -0.8114119231403154, 0.6644354829069489, -0.5189923898256278, 0.9138403384049882, -0.5426986481265353, 0.17874304090146864, -0.1384541608966492, 0.9268962094275144, -0.19444938512021356, 0.17245829519624506, 0.8517040464485992, -0.8314996995027165, 0.00697725023303746, 0.5609078374272923, -0.9290094034866013, -0.3508954174591826, 0.662855373675726, 0.7338101382743315, 0.7694907281599527, -0.003062331762261894, 0.502896707972567, -0.9630339247685653, 0.07032717983071558, -0.8801193401218558, 0.20227368043738436, -0.2088527081223986, -0.4056223844197946, -0.25934834811787644, 0.9630247124008207, 0.7261966520024778, 0.24182515705368063, 0.95856157720354, -0.48431147965088256, -0.28135670183319317, 0.6005964840613234, -0.1326042824051854, -0.18553849025922386, 0.9897241223266057, -0.6870419659743636, 0.07224493937379106, 0.6016198136616552, 0.37850637107163104, -0.16607572321271785, 0.20223767789949343, -0.46463934109751714, 0.1163430474132363, 0.041371725140374425, -0.6585318646748808, -0.6112443482573628, 0.7406199076194353, -0.7537544460740527, 0.228246835587517, -0.2992227906952934, 0.95382490874272, 0.3382234457687634]",False
4,50,1.0,0.0,2.0,4,29.157925861920916,183.37431686705344,75.76335917388535,943.4674849033476,50.86360877757679,0.013139364236583517,84.89147949438596,0.0027221987374478275,0.0009520371392961122,"[3.8518510575370724, 29.157925861920916, 183.37431686705344, 75.76335917388535, -0.05398507422740627, -0.8991087357186501, 0.48197854685793096, 0.07981217148017569, 0.7103045391568955, -0.011471263947566179, 0.19682094699692998, 0.8148135518095464, -0.8186293801750585, -0.2379021819481734, 0.04793222423570105, -0.08031421132713958, -0.8696764016186372, -0.1869442430958874, -0.9415686816426164, -0.9164840736410804, -0.6754246361011029, -0.8929891730277854, -0.7636748345950617, 0.20263493053160317, 0.35724678972023893, -0.2823194646725051, 0.4112746384975281, -0.6083400555118557, 0.17170920838563156, -0.9192562414234927, -0.9481358186510422, -0.9949057207852334, 0.5103410169415505, -0.14325989234062453, 0.34289404481110636, 0.7686134184526529, 0.09643922604692998, -0.8406669436384445, -0.27108412376240676, 0.2529905774407205, 0.3694928645942748, 0.34252659073030606, -0.7982963702510129, 0.6951162171229943, 0.2444181398128854, -0.8345499282314185, 0.019992542707684486, -0.12357034302736103, 0.7203602324452376, -0.8226163036867565, 0.42726929347450016, -0.33073626801415523, 0.5542516727757663, -0.6693987524976461, 0.0566074911328262, 0.5099192813191672, 0.38103698158644994, 0.7432645152969771, 0.22602055412603148, 0.8263882866424981, 0.3419548422929328, -0.7594170944556685, -0.1202780650430962, -0.6816136409244802, -0.20904161358018242, -0.07246245954293118, 0.23022028854845, -0.5593006540515223, 0.7396491949100727, 0.34517602817320786, -0.04853301284319497, 0.36363781790229693, -0.21998713614038523, 0.28487604989525384, -0.16949089308113766, 0.5095657228268173, -0.9014094127565115, -0.10840043082665783, -0.9693161987150001, -0.40256343203913364, 0.0776553006761697, -0.5483496874846849, -0.22271279890547566, -0.659488832563865, 0.6828604601466528, -0.6493600241556491, -0.1847632601516919, -0.31123081436374866, -0.5750460619431621, -0.057924570049235506, -0.27891831885879675, 0.9736041157802892, -0.7604666261137307, 0.07247142112600595, -0.9070682393737569, 0.7048583262612121, 0.16701009487118434, -0.42150101454830974, -0.562295583652997, -0.9416313551884958, 0.7677440575022466, 0.2674675425187854, 0.9197443040579124, -0.23504603402467422, -0.520922801672771, 0.8777614136673818, 0.7039779048032905, -0.7586516769477656, 0.7794860978331772, 0.3923126785953119, -0.6317830891289266, -0.6462059230451658, -0.16016902606047592, 0.6055778523764471, -0.26147106886193716, 0.08152952985551716, -0.23918494131614787, -0.16587803896963826, -0.13382231230410108, -0.8654017281227793, 0.9213830705325813, 0.21018051597750928, -0.36576842348427396, 0.9849906124423291, 0.5549526366977975, 0.9191318487947107, 0.023629313229683795, -0.056746886183697214, -0.9212671698182062, -0.34921283105661133, 0.8454876233991135, 0.2651405980788529, -0.7176243208858858, 0.9473612446733074, -0.6605051101621524, 0.4117180010074637, -0.2242700186889037, -0.485262663536125, 0.5065715327267978, -0.6323815588040987, 0.08723660754706337, -0.817773387474692, 0.6642997392627566, -0.5189925186168853, 0.9138360197255697, -0.5426986481265473, 0.1787430517122393, -0.1384540926089195, 0.9268962094074313, -0.19444867448538697, 0.17240086533398222, 0.8547286634048226, -0.8315042870690357, 0.01141505324995014, 0.5620518498276375, -0.9290094034866013, -0.3508945178404324, 0.631090783981573, 0.73063728355077, 0.7698116588873829, -0.0030691801935887903, 0.5029035467292194, -0.9630340974591646, 0.07032395074390642, -0.8801192039109338, 0.2022750411316042, -0.20885270812485981, -0.41836725947875075, -0.2593484660262611, 0.957079117418144, 0.7261963212385457, 0.2395089835645287, 0.9682584547500117, -0.48431696788761297, -0.28135936987159654, 0.6005935146661456, -0.13260428152450746, -0.18555676496626677, 0.9868518169211197, -0.6870422345937054, 0.07226909237396165, 0.6016198408416334, 0.37596503385243346, -0.16605037287421107, 0.1973814485649231, -0.4638932848095017, 0.11630546372089194, 0.04139436660814531, -0.658531864672091, -0.6110696657497476, 0.7406196124264057, -0.7487238721510601, 0.22836850011267262, -0.2992242308265705, 0.9540268111295749, 0.3382234650991528]",False
4,50,1.0,0.0,2.0,4,29.157915989693166,184.14926623557056,75.76336688420677,943.4468252568739,50.83538085672007,0.013138690334530344,84.89147949438654,0.002698282413540786,0.0009522374246922054,"[3.8518510604202927, 29.157915989693166, 184.14926623557056, 75.76336688420677, -0.04765500408772565, -0.8991086266461152, 0.48198290489142215, 0.1296446893865014, 0.7103388527611348, -0.010506807227815853, 0.1967850592728174, 0.8148135440125118, -0.8439904704889761, 0.04634158428046503, 0.047932215729786745, -0.08031759047130294, -0.8706235731515601, -0.18694424323736503, -0.9415686816426164, -0.8930426381465874, -0.6754234803605172, -0.7364570322051117, -0.7667973957020069, 0.20263210663182565, 0.3572465097335452, -0.2837593148365772, 0.4112746663795009, -0.6080375741720201, 0.17150411833256807, -0.9189456726981143, -0.9481358197859271, -0.9947770220709227, 0.5100017315168722, -0.15788303973833456, 0.341134569978476, 0.8944361928191757, 0.09643943924013301, -0.84053597550212, -0.2710915090834922, 0.2529495854307549, 0.36941773398301814, 0.3415135525417049, -0.7982963822978327, 0.6951094743507578, 0.2444181398128854, -0.8346046919621226, 0.019989974719638728, -0.12386188586959616, 0.7203599958398961, -0.8226163036867565, 0.42728205505415917, -0.33073587922816033, 0.5542516727644239, -0.6691694744008782, 0.05646632488487544, 0.5099908055046691, 0.3599832693849368, 0.7432644344976392, 0.2260202292651541, 0.8263456869060829, 0.34195536025580847, -0.7594170944556685, -0.12010264010748942, -0.6816136409798986, -0.20887015812058898, -0.07246248791370953, 0.23022013224426102, -0.5593016895494908, 0.7397175213729088, 0.3451344748320276, -0.04852093655643082, 0.3636540227685529, -0.22044543684890577, 0.28499001863632434, -0.16949089308113766, 0.5119290741243009, -0.9014083659850924, -0.10859119334385527, -0.9693191847346794, -0.40278620211466637, 0.0776367889624638, -0.5507921805172271, -0.22398948029780374, -0.6648983360446238, 0.6828604601410965, -0.649355925469145, -0.21348537347540086, -0.311230812542707, -0.5750517110956289, -0.05793890167442486, -0.2789295842427796, 0.9735998057532487, -0.7653640351559556, 0.07247125832405729, -0.9070683832160842, 0.7048582880074279, 0.16695492457341068, -0.421500837977084, -0.5622757405347595, -0.9481294478199492, 0.7592951681786887, 0.26754848848034435, 0.9288151010042043, -0.23251368406409312, -0.5209228016552367, 0.877761413829542, 0.7039772358626337, -0.7587309908652758, 0.718463642436943, 0.383115507740202, -0.6324504012161566, -0.6462059687952163, -0.16287909967932251, 0.5623562916497936, -0.2614664245494808, 0.0815220231813386, 0.01208449907287551, -0.16589804567833943, -0.12794803669146648, -0.648572451464356, 0.9213787489851898, 0.19150126561123465, -0.3661532930769887, 0.9882382989405919, 0.5549526306006662, 0.9191681733863464, 0.02362931230117187, -0.05676089788536047, -0.916239895203682, -0.3222441162719353, 0.8045951967779572, 0.3171123257358535, -0.7176243410176563, 0.947361245471164, -0.6187246665934856, 0.41171803106968136, -0.22427003598444906, -0.4866043952780441, 0.5065857983827482, -0.6323815588040987, 0.08687217725231461, -0.8147685921869914, 0.6642920861860269, -0.5189925041963755, 0.9138399590960024, -0.5426986481157174, 0.17874202706134684, -0.1384542885294398, 0.926896203803154, -0.19450477879133482, 0.18521715772062225, 0.8161142719722221, -0.8314349920779235, 0.00697616647882374, 0.6438442362574135, -0.9290093526420908, -0.35084490519448575, 0.662855373675726, 0.04832977731377314, 0.7704888098097381, -0.0030621344074220464, 0.5029441701355811, -0.9630341021575083, 0.06717837131482293, -0.8800581383921202, 0.20227492155431556, -0.208852708119994, 0.3593315814519443, -0.25934846572735454, 0.9575491451217282, 0.7261965297323452, 0.23988693125664654, 0.9471615666539637, -0.4843172877826668, -0.2813664625016839, 0.6005935022137132, -0.1326034768239152, -0.18555643648438147, 0.9896491854177123, -0.6870419685203557, 0.07270456283215064, 0.6086585977640073, 0.3759925853100447, -0.1660763027803859, 0.20220080260866968, -0.4646351544821667, 0.11705008107724087, 0.0413975558935619, -0.65853186467266, -0.6077764047841687, 0.7406175341757614, -0.7533544752978151, 0.2283653601501795, -0.29922280634933096, 0.9540270822550423, 0.3382299341372315]",False
4,50,1.0,0.0,2.0,4,29.15739730447039,184.14689903593236,75.76336688420677,943.4522161494757,50.84025721785292,0.013138788793775079,84.89147949438596,0.0027025722569257353,0.0009522425922223349,"[3.851839757956294, 29.15739730447039, 184.14689903593236, 75.76336688420677, -0.04873024984978525, -0.8991116866960972, 0.4812906473117104, 0.12993232866301804, 0.7103342791616571, -0.010504966734304198, 0.1968227178131657, 0.8148132530934235, -0.819492706414788, -0.21905083607788944, 0.047932217013215164, -0.08031752220947445, -0.8696921280928425, -0.18694424323736503, -0.9415686816426164, -0.8929718977231836, -0.6754234803605172, -0.7364570876340644, -0.7653753195582877, 0.2335485195599249, 0.3572270641675528, -0.2837859788551714, 0.411274342827525, -0.6080453732209783, 0.17225900431586233, -0.9218804955392925, -0.9481401617627218, -0.9991089311830949, 0.5103556416026559, -0.15820871011801568, 0.30958994791849836, 0.7686135161237005, 0.09643944508727635, -0.842227512594077, -0.2710916455136953, 0.2544186306086905, 0.3694176031010381, 0.42175546887295334, -0.7982962918120166, 0.695116248225309, 0.2444181398128854, -0.8347862317493198, 0.019922971678544822, -0.11061706968846693, 0.720360006510844, -0.8226163036867565, 0.4271794773310863, -0.3307361993066582, 0.5542516797347324, -0.6691242731768363, 0.055792032829717626, 0.5118278647044379, 0.358248218751762, 0.7429865904307138, 0.2260202292651541, 0.8263454645189982, 0.34195487849231476, -0.7594170944556685, -0.10718375620692064, -0.6816136318241942, -0.2181313956142282, -0.07246441919078127, 0.2302221366826754, -0.5593009443168365, 0.7397258589047663, 0.34517743220532293, -0.04852093655643082, 0.3636534869728667, -0.22044563642555576, 0.28499002554155417, -0.16949089308113766, 0.5120337012946395, -0.9014062159499595, -0.10859119334385527, -0.9915588866419861, -0.40276937752530456, 0.07764468638529123, -0.550725590723008, -0.22481796678891744, -0.6552970297826549, 0.6828604601468449, -0.6493559596792341, -0.18396445506512582, -0.311230812542707, -0.5750512632381566, -0.057940496296002404, -0.2789253687855735, 0.9736042979218374, -0.7654166403642413, 0.07248688694284862, -0.9070656168018503, 0.7048521985020735, 0.16701064775682353, -0.4214997454373004, -0.6147244238154019, -0.9421895951395726, 0.7588240128357842, 0.26754712023563987, 0.9197710715916368, -0.23500236493815677, -0.520953491015033, 0.8777613749678549, 0.7039779255712136, -0.758731988279851, 0.7184012808711958, 0.39220224220045163, -0.6324227848202264, -0.6462058313497234, -0.16293548653651255, 0.5628467175751768, -0.2625435196039439, 0.08152951385127413, -0.2491570975128361, -0.16589795140956948, -0.12793781020819664, -0.6514780837712825, 0.9213787381879932, 0.19150117106223363, -0.3657571673585346, 0.9882763822351942, 0.5549526301410667, 0.9191321776292097, 0.023629312690949807, -0.05675943109948237, -0.9158036952950591, -0.3222441162719353, 0.8045939208369628, 0.2651412990427791, -0.7176243036555048, 0.947361280165474, -0.5511634778317496, 0.4117320419820189, -0.22421897396964485, -0.4866160327045788, 0.5074038195518636, -0.6323815588040987, 0.0870899127358831, -0.8502646361452906, 0.6643110199897543, -0.5189923898256278, 0.9138398137090422, -0.5426986481157423, 0.17874295499195822, -0.13831340292111044, 0.9268962095171873, -0.19450504572740257, 0.18570960069534823, 0.856341342315068, -0.8314262322193687, 0.006976184547787601, 0.6726929159963961, -0.9290093530681991, -0.3509887581567368, 0.662855373675726, 0.726666626951887, 0.7907678972746195, -0.003062331762261894, 0.4148585107835667, -0.9630339247685653, 0.06717867846115311, -0.697868822466503, 0.20227492341505884, -0.20885270818814664, -0.43464208890772277, -0.25934846572735454, 0.9653880909694869, 0.7261965430110487, 0.2711192338882671, 0.9471495898730469, -0.4843173000878535, -0.28129210780606617, 0.6005935022728688, -0.13256708912880144, -0.18554388798699217, 0.9894831654424509, -0.6870419685203557, 0.07226772596597682, 0.6016153201018701, 0.3730573948631214, -0.166050232616881, 0.20219796369299428, -0.4649099285878332, 0.11634312561009291, 0.041373668335712044, -0.6585318647028672, -0.6076890908969065, 0.7406176953254193, -0.7538537632549523, 0.2282419402967032, -0.2992243086369439, 0.9540401369569566, 0.3382299341372315]",False
4,50,1.0,0.0,2.0,4,29.157915989693166,184.27552445939807,75.76021672662684,943.3263019571127,50.67538637666544,0.013135252864561403,84.8914794943861,0.0025053583458104368,0.0009522483887922291,"[3.851839676259921, 29.157915989693166, 184.27552445939807, 75.76021672662684, 0.021677569535237296, -0.8991086266461152, 0.4812946692742659, 0.1295229081514151, 0.7103347525416035, -0.010430465045417283, 0.19678504867388444, 0.8148135535557864, -0.8439904704889761, 0.06258146768091967, 0.04793221703618129, -0.08031768300651955, -0.8694628062874851, -0.18694424323736503, -0.9415686816426164, -0.9164791066698506, -0.6753627456154416, -0.7364570331943339, -0.7872275339867854, 0.2019917978595777, 0.3572465097335452, -0.2837471693618381, 0.41127466585558414, -0.6080375741720201, 0.17152085945896947, -0.9111176984204125, -0.9481357144052223, -0.9940960749236346, 0.5168507895613318, -0.124142786855826, 0.34129103886419637, 0.7686134177323743, 0.09643944706628324, -0.8420784534549054, -0.2710898132213816, 0.2529495854307549, 0.3695305512216003, 0.345285744943624, -0.7982963030797736, 0.6951089117981653, 0.2444181398128854, -0.8346154122635353, 0.01992004392975903, -0.11086947609178427, 0.7203601138903211, -0.8226163036867565, 0.4304582544496365, -0.33073587922816033, 0.5542516712176149, -0.6691694744008782, 0.056465691003971204, 0.5118272988472697, 0.38195490904046625, 0.7432665587057973, 0.2260202292651541, 0.8263880229808866, 0.3419548606076185, -0.7594170944556685, -0.10658033976922475, -0.6816139041430582, -0.20887015812058898, -0.07246247063025464, 0.2302206301561991, -0.5593016794830638, 0.7397256995764564, 0.3451771052180331, -0.048520333228057155, 0.3636427382446637, -0.2203903298328635, 0.2849954540365083, -0.16949089308113766, 0.5119626002981248, -0.9014241823076228, -0.10857580000182403, -0.9694870400635613, -0.40278853886217564, 0.07763763572487663, -0.550799670665419, -0.22402541341907684, -0.6637301130146684, 0.6828604606099724, -0.6493598627357094, -0.2146747521728207, -0.311230812542707, -0.5750517110956289, -0.05793887672908638, -0.2789275791504146, 0.9736016239525354, -0.7653277267125829, 0.07248622568888165, -0.907064159217636, 0.7048582880074279, 0.16695492457341068, -0.421500837391021, -0.5594771485583225, -0.9422430803951348, 0.7679375632092923, 0.26746795556166386, 0.9288168217679831, -0.23520249945264618, -0.5209229076316294, 0.8777614225084293, 0.7039772408466799, -0.7587309364568794, 0.7914008598459641, 0.38298475628901724, -0.632436684848804, -0.6462059669898585, -0.16009835491553184, 0.5623562916497936, -0.2614664245494808, 0.08152214441405069, -0.24608986370082203, -0.16127882931855764, -0.28634392981002116, -0.8654016945536274, 0.9213787489851898, 0.19155012745158226, -0.3657349654084444, 0.9883477768684013, 0.5549526356497058, 0.9191325440513008, 0.02362931266688751, -0.05675968560540679, -0.9156820490484443, -0.3222441162719353, 0.8045952237975866, 0.2651413501215611, -0.7176243860554439, 0.947361280155255, 0.6543260007081665, 0.41171838000051264, -0.2242697131106404, -0.4850857625907703, 0.5074589207666861, -0.6323815588040987, 0.08685997584283132, -0.8271390607519933, 0.6644434225297661, -0.5189925041963755, 0.9138399731593463, -0.5426986481265351, 0.17874202706134684, -0.1384542885294398, 0.926896203588855, -0.19458055386730608, 0.1722591686397074, 0.817661310369872, -0.8314218292755717, -0.036080301073857325, 0.643762577416908, -0.9290093526420908, -0.35083768832839995, 0.661761287020091, 0.04832977731377314, 0.7698579291146082, -0.0033560736977129735, 0.5029442807375314, -0.9630339284006914, 0.06718362607849417, -0.8780930592021801, 0.2022749564309622, -0.2088527081229962, 0.3726895271990843, -0.25934834779593713, 0.9576003714593467, 0.7261908890850232, 0.23988693125664654, 0.946733892559734, -0.48431119176215986, -0.2813664625016839, 0.600596518382662, -0.1326034768239152, -0.18554331291442322, 0.9894004741447454, -0.6870419685203557, 0.07222933495694174, 0.6087080977063152, 0.3760700971879802, -0.16607604743625334, 0.2022263071375369, -0.4645414522182439, 0.11636755150536011, 0.041398377661112616, -0.6585318646749613, -0.6077786633695275, 0.7406177479240896, -0.6977726684835903, 0.2283653601501795, -0.29922280634933096, 0.9540378459231298, 0.3382299341372315]",False
4,50,1.0,0.0,2.0,4,29.157969342815527,184.27552445939807,75.76334851132393,943.3233549568413,50.67551546977866,0.013135228317587367,84.89147949438596,0.0025053577766267162,0.0009522720453621498,"[3.851839676259921, 29.157969342815527, 184.27552445939807, 75.76334851132393, 0.01807417804202519, -0.8991116796740201, 0.48198290489142215, 0.12679947131056302, 0.7103075915155515, -0.010523960266744079, 0.19678504867388444, 0.8148135535303477, -0.8439904704889761, 0.06258146768091967, 0.04793221681078533, -0.08031763110615704, -0.8694626170372223, -0.18694424323736503, -0.9415686816426164, -0.916087651422357, -0.6754234803605172, -0.7364570331943339, -0.7862850849326317, 0.2029663304105906, 0.3572465097335452, -0.2838469085742555, 0.41108486374704223, -0.6080439672108233, 0.17243424566669846, -0.9076561392008744, -0.9481358197859271, -0.994118542007491, 0.5174073788862229, -0.124142786855826, 0.34295746240362157, 0.7686134161882232, 0.09643943917836145, -0.8420784534549054, -0.27108411380766484, 0.2529495854307549, 0.36949136268450516, 0.345621821928595, -0.7982963822978327, 0.6951091295540774, 0.2444181398128854, -0.8346168080200708, 0.019989974719638728, -0.11050770568164237, 0.7203601177400952, -0.8226163036867565, 0.42744516200813915, -0.33073631011298443, 0.5542516727644239, -0.6690682047246791, 0.0362653036350346, 0.5118257378408452, 0.3820178392875409, 0.7432644344976392, 0.2260202292651541, 0.8263880229808866, 0.34195486667233127, 0.5485468213388994, -0.12010264010748942, -0.6816139097224443, -0.20863165022339233, -0.07246247063025464, 0.23022031823377448, -0.5593016794830638, 0.736337072519034, 0.3451771052180331, -0.04853126524462481, 0.3636427382446637, -0.22042328784695156, 0.28498989539821923, -0.16949089308113766, 0.5096454119026577, -0.9014084526180804, -0.10859119334385527, -0.9925587647216289, -0.40277679851854187, 0.07763718989225579, -0.5507685635995226, -0.22274835486304487, -0.6637301130146684, 0.6828604601391502, -0.6493598626662902, -0.2146747521728207, -0.311230812542707, -0.5750517110956289, -0.05793888369130193, -0.2789181123317967, 0.9736016239525354, -0.7653631943938553, 0.07247125832405729, -0.9070683172700988, 0.7048582880074279, 0.1669561606747226, -0.421500837977084, 0.03193470892813677, -0.9422430803951348, 0.7682901349346392, 0.267467955311026, 0.9288168217679831, -0.2349927053778214, -0.5209227978867405, 0.8777613868421527, 0.703977961689265, -0.8768433378508983, 0.7780302048003596, 0.39207120680489294, -0.6317619175320683, -0.646205968275536, -0.16017776279275645, 0.5621344970123453, -0.2614664245494808, 0.08152946103581174, -0.24608986370082203, -0.1612873782496719, -0.12794803669146648, -0.8654011555928968, 0.9213787489851898, 0.1929902161204434, -0.36576876901959343, 0.9881663980211032, 0.5549526357344379, 0.9191325440513008, 0.02362931266688751, -0.05675949824408452, -0.9157771696239059, -0.32402128384228607, 0.8045952237975866, 0.2651413142684497, -0.7176243860554439, 0.9473612802056941, -0.6708533072047357, 0.41173227309888294, -0.22426968913007148, -0.48508716421575787, 0.5065646823024356, -0.6323815588040987, 0.08686664949842021, -0.8182153111281529, 0.6643040158341464, -0.5189926548252779, 0.9138399959590505, -0.5426986481265471, 0.1787430252982783, -0.1384542885294398, 0.9268962094798652, -0.19457982368714308, 0.17225231988739373, 0.8161142719722221, -0.8314266587606934, -0.03134515271850039, 0.643762577416908, -0.9290093526420908, -0.35083832720098385, 0.662855373675726, 0.04832977731377314, 0.7698588910284266, -0.07575967625827146, 0.5029465858496461, -0.9630340948208477, 0.06718362607849417, -0.8800581383921202, 0.20227372760946158, -0.20885270812483572, 0.366302026373536, -0.25934846860826627, 0.9644597332795648, 0.7261114037657107, 0.2396883586702345, 0.9585886541325148, -0.4843109648933507, -0.2813661289683236, 0.6005936495181425, -0.1326026400750505, -0.18555643648438147, 0.9896491854177123, -0.6870419685203557, 0.07222933495694174, 0.6087080977063152, 0.37602637080864915, -0.1660763027803859, 0.20204039260972634, -0.46463934109751714, 0.11636803321434916, 0.041396302686044384, -0.658531864674793, -0.6077786633695275, 0.7406175261776211, -0.6977955742787992, 0.2283653601501795, -0.29922420938541666, 0.9540380379953947, 0.3382299341372315]",False
4,50,1.0,0.0,2.0,4,29.157915989693166,184.27552445939807,75.76336688420677,943.4469342486433,50.83575306538626,0.01313869353644667,84.89147949438654,0.0026984696529604893,0.0009522722568883214,"[3.8518509432247208, 29.157915989693166, 184.27552445939807, 75.76336688420677, -0.04765500408772565, -0.8991086266461152, 0.48198290489142215, 0.12962033651173055, 0.710304538602233, -0.010506619058532465, 0.19678504867388444, 0.8148135440125118, -0.8439904704889761, 0.04634158428046503, 0.047932215729786745, -0.08031759047130294, -0.8706472250627407, -0.18694424323736503, -0.9415686816426164, -0.9164789335578561, -0.6754234803605172, -0.7364570331943339, -0.7911657833680394, 0.20263210663182565, 0.3572465097335452, -0.2837536458525198, 0.4112746663795009, -0.6080375741720201, 0.17150411833256807, -0.9188354085872429, -0.9481358197859271, -0.9948928160491874, 0.5168507895613318, -0.12414646681108045, 0.34291066029706607, 0.7686134184468103, 0.09643943917836145, -0.8405217972639553, -0.27108411380766484, 0.2529495854307549, 0.36949136268450516, 0.3415135525417049, -0.7982963822978327, 0.6951090021509194, 0.2444181398128854, -0.8346149380192613, 0.019989974719638728, -0.12386188586959616, 0.7203597830822728, -0.8226163036867565, 0.42728205505415917, -0.33073587922816033, 0.5542516727644239, -0.6691694744008782, 0.05646632488487544, 0.5099437756115239, 0.3820178392875409, 0.7432644344976392, 0.2260202292651541, 0.8263884278084526, 0.34195536025580847, -0.7594170944556685, -0.12010264010748942, -0.6816139120999096, -0.20887015812058898, -0.07246247063025464, 0.23022030627986947, -0.5593016794830638, 0.7397177026252535, 0.3451339065026871, -0.04852093655643082, 0.3636427382446637, -0.22043012248456867, 0.2849898962390506, -0.16949089308113766, 0.5096454119026577, -0.9014084854033125, -0.10859119334385527, -0.9693191847346794, -0.40278617036669645, 0.07763718989225579, -0.5507917627738146, -0.22402541341907684, -0.7869165796837647, 0.6828604601410965, -0.6493598627357094, -0.2146747521728207, -0.311230812542707, -0.5750517110956289, -0.05793887672908638, -0.2791832554051275, 0.9735998057532487, -0.7653640351559556, 0.07247125832405729, -0.9070683832160842, 0.7048582880074279, 0.16695492457341068, -0.421500837977084, -0.5622757405347595, -0.9481294478199492, 0.7677231530684614, 0.2674675650169271, 0.9288151010042043, -0.23251368406409312, -0.5209228016552367, 0.877761413829542, 0.7039772358626337, -0.7587309908652758, 0.7914008598459641, 0.383115507740202, -0.6317615152901374, -0.6462059687551823, -0.16018108955518567, 0.5623562916497936, -0.2614664245494808, 0.0815220231813386, 0.01208449907287551, -0.1659083314063029, -0.12794803669146648, -0.8654016945536274, 0.9213787489851898, 0.19150126561123465, -0.3661532930769887, 0.9882370192715899, 0.5549526356497058, 0.9191682564558077, 0.02362931230117187, -0.05676092516642795, -0.916239895203682, -0.3222441162719353, 0.80459522508523, 0.26514063419929085, -0.7176243410176563, 0.947361245471164, -0.6187246665934856, 0.41171803106968136, -0.22427003598444906, -0.4850926122861194, 0.5066007243417173, -0.6323815588040987, 0.08686664949842021, -0.8147685921869914, 0.6639457002285096, -0.5189925041963755, 0.9138399731593463, -0.5426986481159718, 0.17874202706134684, -0.1384542885294398, 0.926896203588855, -0.19444833835884642, 0.17239577609417908, 0.8161142719722221, -0.8314349920779235, 0.006977471435025446, 0.6438442362574135, -0.9290093526420908, -0.35083832720098385, 0.662855373675726, 0.04832977731377314, 0.7696510163070183, -0.0030621367490991755, 0.5029441701355811, -0.963034100344507, 0.06718362607849417, -0.8800581383921202, 0.2022750406651019, -0.20885270812260065, 0.3549070470255232, -0.25934846572735454, 0.9575491451217282, 0.7261965297323452, 0.23988693125664654, 0.946733892559734, -0.4843111765507667, -0.2813664625016839, 0.60059357108794, -0.1326034768239152, -0.18555643648438147, 0.9896491854177123, -0.6870419685203557, 0.07270456283215064, 0.6087080977063152, 0.37596602585306715, -0.1660763027803859, 0.20225262790144616, -0.46463934109751714, 0.11705008107724087, 0.041398519742859276, -0.6585318646718953, -0.6077786633695275, 0.7406175261776211, -0.7471836608795601, 0.2283653601501795, -0.29922280634933096, 0.9540270822550423, 0.3382299341372315]",False
4,50,1.0,0.0,2.0,4,29.157915989693166,184.27552445939807,75.76336688420677,943.4469342486433,50.83575306538626,0.01313869353644667,84.89147949438654,0.0026984696529604893,0.0009522722568883214,"[3.8518509432247208, 29.157915989693166, 184.27552445939807, 75.76336688420677, -0.04765500408772565, -0.8991086266461152, 0.48198290489142215, 0.12962033651173055, 0.710304538602233, -0.010506619058532465, 0.19678504867388444, 0.8148135440125118, -0.8439904704889761, 0.04634158428046503, 0.047932215729786745, -0.08031759047130294, -0.8706472250627407, -0.18694424323736503, -0.9415686816426164, -0.9164789335578561, -0.6754234803605172, -0.7364570331943339, -0.7911657833680394, 0.20263210663182565, 0.3572465097335452, -0.2837536458525198, 0.4112746663795009, -0.6080375741720201, 0.17150411833256807, -0.9188354085872429, -0.9481358197859271, -0.9948928160491874, 0.5168507895613318, -0.12414646681108045, 0.34291066029706607, 0.8944361928191757, 0.09643943917836145, -0.8405217972639553, -0.27108411380766484, 0.2529495854307549, 0.36949136268450516, 0.3415135525417049, -0.7982963822978327, 0.6951090021509194, 0.2444181398128854, -0.8346149380192613, 0.019989974719638728, -0.12386188586959616, 0.7203597830822728, -0.8226163036867565, 0.42728205505415917, -0.33073587922816033, 0.5542516727644239, -0.6691694744008782, 0.05646632488487544, 0.5099437756115239, 0.3820178392875409, 0.7432644344976392, 0.2260202292651541, 0.8263884278084526, 0.34195536025580847, -0.7594170944556685, -0.12010264010748942, -0.6816139120999096, -0.20887015812058898, -0.07246247063025464, 0.23022030627986947, -0.5593016794830638, 0.7397177026252535, 0.3451339065026871, -0.04852093655643082, 0.3636427382446637, -0.22043012248456867, 0.2849898962390506, -0.16949089308113766, 0.5096454119026577, -0.9014084854033125, -0.10859119334385527, -0.9693191847346794, -0.40278617036669645, 0.07763718989225579, -0.5507917627738146, -0.22402541341907684, -0.7869165796837647, 0.6828604601410965, -0.6493598627357094, -0.2146747521728207, -0.311230812542707, -0.5750517110956289, -0.05793887672908638, -0.2791832554051275, 0.9735998057532487, -0.7653640351559556, 0.07247125832405729, -0.9070683832160842, 0.7048582880074279, 0.16695492457341068, -0.421500837977084, -0.5622757405347595, -0.9481294478199492, 0.7677231530684614, 0.2674675650169271, 0.9288151010042043, -0.23251368406409312, -0.5209228016552367, 0.877761413829542, 0.7039772358626337, -0.7587309908652758, 0.7914008598459641, 0.383115507740202, -0.6317615152901374, -0.6462059687551823, -0.16018108955518567, 0.5623562916497936, -0.2614664245494808, 0.0815220231813386, 0.01208449907287551, -0.1659083314063029, -0.12794803669146648, -0.8654016945536274, 0.9213787489851898, 0.19150126561123465, -0.3661532930769887, 0.9882370192715899, 0.5549526356497058, 0.9191682564558077, 0.02362931230117187, -0.05676092516642795, -0.916239895203682, -0.3222441162719353, 0.80459522508523, 0.3171123257358535, -0.7176243410176563, 0.947361245471164, -0.6187246665934856, 0.41171803106968136, -0.22427003598444906, -0.4850926122861194, 0.5066007243417173, -0.6323815588040987, 0.08686664949842021, -0.8147685921869914, 0.6639457002285096, -0.5189925041963755, 0.9138399731593463, -0.5426986481159718, 0.17874202706134684, -0.1384542885294398, 0.926896203588855, -0.19444833835884642, 0.17239577609417908, 0.8161142719722221, -0.8314349920779235, 0.006977471435025446, 0.6438442362574135, -0.9290093526420908, -0.35083832720098385, 0.662855373675726, 0.04832977731377314, 0.7696510163070183, -0.0030621367490991755, 0.5029441701355811, -0.963034100344507, 0.06718362607849417, -0.8800581383921202, 0.2022750406651019, -0.20885270812260065, 0.3549070470255232, -0.25934846572735454, 0.9575491451217282, 0.7261965297323452, 0.23988693125664654, 0.946733892559734, -0.4843111765507667, -0.2813664625016839, 0.60059357108794, -0.1326034768239152, -0.18555643648438147, 0.9896491854177123, -0.6870419685203557, 0.07270456283215064, 0.6087080977063152, 0.37596602585306715, -0.1660763027803859, 0.20225262790144616, -0.46463934109751714, 0.11705008107724087, 0.041398519742859276, -0.6585318646718953, -0.6077786633695275, 0.7406175261776211, -0.7471836608795601, 0.2283653601501795, -0.29922280634933096, 0.9540270822550423, 0.3382299341372315]",False
5,50,1.0,0.0,2.0,1,124.01252314663532,30.326329693919813,104.29529054061562,915.841400013788,51.52395471165411,0.013337896887545088,84.89147949438596,0.0008284826255377752,0.0009083118702000667,"[0.9874463203666889, 124.01252314663532, 30.326329693919813, 104.29529054061562, 0.1505502906592409, -0.9442067972955003, 0.4289999790368081, 0.7550392772935965, -0.19298356084982393, 0.7032463658053516, -0.2609694021284732, -0.2412414293508931, 0.5797597696544772, 0.6289310833996904, 0.9053527961087269, -0.8468422183393715, 0.13161646075138259, -0.9935581228097903, 0.7769313150916309, 0.41496629346697783, 0.7372526919065581, -0.5934107983063798, -0.04389819544982276, -0.9744664273595182, -0.717372508969502, -0.00528892423338978, 0.991814457803387, 0.15604871488588343, 0.4448787300757897, -0.8376754916053908, 0.17258595353207618, -0.2793420750751133, 0.15073881728945038, -0.3871423713476495, -0.42425173677155315, 0.28578076391585294, -0.1388160357844525, 0.3078582871066081, 0.5007470463420106, -0.524517218559285, -0.7293300913119546, -0.37066701342777986, -0.9881584208903841, -0.8329933797440903, 0.66726693045516, -0.7691269801157354, -0.006835280274587907, -0.10135919232638779, 0.05184659801144087, -0.7312438417611535, -0.3926682980080415, 0.4072463898128624, -0.6574505747261467, -0.16929122206571168, 0.4357591693817494, -0.34054928390365274, -0.7888959992181159, -0.979650997854304, 0.6547375186403575, -0.9536943908416011, -0.6232685206502291, -0.26075458294806786, -0.7453949018045498, -0.8383001908538852, -0.251724302080929, 0.9184404756247131, 0.9902337478396445, 0.35543315475727844, 0.1416058072937197, 0.7991597021193768, 0.503962215283269, -0.4303666940342903, 0.39233753388254455, 0.31291056866619527, -0.8800122722589735, 0.6189203081950598, 0.24619092416698937, -0.4347546784620857, -0.3399083311262221, -0.469798984534455, -0.07367248382334239, 0.39332428191970803, -0.1893615317632853, 0.08273332902420338, 0.9533190268177403, 0.520830904621524, -0.14878567232577877, 0.25379307710260307, 0.21094100774982816, 0.6803237117347465, -0.9019444637925256, 0.1529075618179665, 0.7046819838338991, 0.9937954994784197, -0.629028241418008, -0.98478722483916, 0.7108272043445802, -0.794937138027837, -0.46061311325087306, 0.07855936173759948, 0.2963882864997006, 0.04779013050635549, -0.2656415251569726, -0.28196588895845576, 0.9913510294837714, -0.11629740922096299, -0.8916195465318314, 0.11949862734811223, -0.06386717635271233, -0.9308866396152591, -0.4592845119791257, -0.40258479121281043, 0.6129321291679928, 0.9098805210442569, 0.5445259122744279, 0.759547831326137, 0.8730183520830919, 0.25799450445810357, -0.6132113795136971, 0.772660823470063, 0.015038253775201182, 0.9007738075155054, 0.7087891368772476, -0.1082480106651082, 0.6847816913241744, -0.18453115282055754, -0.1742997951174252, -0.0393184602274157, 0.022976989673211046, -0.7369728506119665, -0.660151141466309, 0.6212359266756255, 0.4578549910902343, 0.5600350062257942, -0.10350310891378212, -0.4627584488106321, -0.5771443636580078, 0.8965582819568865, 0.07198972144483201, -0.4249775244672589, 0.449337224976814, 0.6524067739638213, -0.6191349831222688, -0.06996934503564556, 0.6819965112230189, 0.42165993290537324, -0.06314041013877447, -0.8304469786867044, 0.6036631714977414, -0.8031138984370061, -0.2171595587525359, -0.948906390671429, -0.7230438444004957, -0.7007385015722638, -0.037431954450473814, -0.28588511124517396, 0.5625171551183652, -0.792038962238502, 0.45111750936082684, -0.0663799383310335, 0.06735497468728191, 0.6404051415458653, 0.6515534104193792, 0.5616147984968184, -0.32244085980965287, -0.6931418211962348, -0.6866883433739338, 0.1651133445077142, -0.6632870888421442, 0.3387784124764355, 0.003006324243192915, 0.43178872777536065, 0.7626628842548248, -0.08724694228425246, -0.8650883512380672, 0.4576606952222513, 0.7233213482858251, -0.3570613484120604, -0.07434757117879537, 0.3815500785648678, -0.2591894702938908, -0.645257596993778, -0.31115407601979506, -0.43767504279404196, 0.42034140709346374, -0.9830274960117042, 0.503681953195714, 0.8914580571909975, 0.6614580617184825, 0.5236848461124561, 0.38199324061239087, 0.34876834029302906, 0.03878727625869547, -0.0411073165684223, -0.8914039426436167, -0.47820190393968764]",False
5,50,1.0,0.0,2.0,1,124.01252314663532,30.326152106820096,104.29529054061562,915.8498940899842,51.5221152467973,0.013337855879890776,84.89147949438596,0.0008288342460035076,0.0009083123196555071,"[0.9874463203666889, 124.01252314663532, 30.326152106820096, 104.29529054061562, 0.15055184980573913, -0.9442067972955003, 0.4289999790368081, 0.7550400431199014, -0.19298356084982393, 0.7032463658053516, -0.2609694021284732, -0.2412414293508931, 0.5797597587121914, 0.6289310833996904, 0.9053527961087269, -0.8468422183393715, 0.13161646075138259, -0.9935581228097903, 0.7769313150916309, 0.41496629346697783, 0.7372526919065581, -0.5934107983063798, -0.04389819544982276, -0.9744664273595182, -0.717372508969502, -0.00528892423338978, 0.991814457803387, 0.15602069149262893, 0.44487873242397835, -0.8376754916053908, 0.17258595353207618, -0.2793420750751133, 0.15073881728945038, -0.3871423713476495, -0.42425173677155315, 0.28578076391585294, -0.1388160357844525, 0.3078582871066081, 0.5007470463420106, -0.524517218559285, -0.729330091311955, -0.37066701342777986, -0.9881584208903841, -0.8329933797440903, 0.66726693045516, -0.7691269801157354, -0.006835280274587907, -0.10135919232638779, 0.05184659801144087, -0.7312438417611535, -0.3926682980080415, 0.4072463898128624, -0.6574505747261467, -0.16929122206571168, 0.4357591693817494, -0.34055098234820347, -0.7888959992181159, -0.979650997854304, 0.6547375186403575, -0.9536943908416011, -0.6232685206502291, -0.2607544267920029, -0.7453949018045498, -0.8383001908538852, -0.25429984054110677, 0.9184404755479678, 0.9902337284135103, 0.35543315475727844, 0.1416058072937197, 0.7991597021193768, 0.503962215283269, -0.4303666940342903, 0.39233753388254455, 0.31291056866619527, -0.8800122722589735, 0.6189203081950598, 0.24619092416698937, -0.4347546784620857, -0.4478219166814368, -0.469798984534455, -0.07367248382334239, 0.39332428191970803, -0.1893615317632853, 0.08273332902420338, 0.9533118345618891, 0.520830904621524, -0.14878567232577877, 0.25379307710260307, 0.21094100774982816, 0.6803237117347465, -0.9019444637925256, 0.1529075618179665, 0.7046819838338991, 0.9937954994784197, -0.629028241418008, -0.98478722483916, 0.7108272043054993, -0.794937138027837, -0.46061311324113957, 0.07855936173759948, 0.2963883158934616, 0.047790297920411146, -0.24123603719754813, -0.28196588895845576, 0.9913510289281685, -0.11629740922096299, -0.8916195465318314, 0.11949862734811223, -0.06386717635271233, -0.9308866396152591, -0.4592845119791257, -0.40258479121281043, 0.6129321291679928, 0.9107910359105592, 0.5445259122744279, 0.759547831326137, 0.8730183520830919, 0.25799450445810357, -0.6132113795136971, 0.772660823470063, 0.015038253775201182, 0.9007738075155054, 0.7087887897335146, -0.1082480106651082, 0.6847816913241744, -0.18453115282055754, -0.1742997951174252, -0.0393184602274157, 0.022976989673211046, -0.7369728506119665, -0.660151141466309, 0.6212359267532532, 0.4578549910902343, 0.5600350062257942, -0.10350310891378212, -0.4627584488106321, -0.5771443636580078, 0.8965582819568865, 0.07198972144483201, -0.4249775244672589, 0.44933722497445583, 0.6524067739638213, -0.6191349831222688, -0.06996934503564556, 0.6819965112230189, 0.42165996235307646, -0.06314041013877447, -0.8304469786867044, 0.6036631714977414, -0.8031138984370061, -0.2171595587525359, -0.948906390671429, -0.7230438444004957, -0.7007385015722638, -0.037431954450473814, -0.28588511124517396, 0.5625171551183652, -0.792038962238502, 0.45111750936082684, -0.0663799383310335, 0.06735497468728191, 0.6408189363023865, 0.6515534104193792, 0.5616147984968184, -0.32244085980965287, -0.6931418211962348, -0.6866883433739338, 0.1651133445077142, -0.6632870888421442, 0.3211600692186084, 0.003006324243192915, 0.43178872777536065, 0.7626628842548248, -0.08724694228425246, -0.7972736529278175, 0.4576606952222513, 0.723321504966865, -0.6961900399734222, -0.07434757117879537, 0.3815500785648678, -0.2591894702938908, -0.645257596993778, -0.31115407601979506, -0.43767504279404196, 0.42034140709346374, -0.9830274960117042, 0.503681953195714, 0.8914580571909975, 0.6614580617184825, 0.5236848461124561, 0.38199324061239087, 0.34876834029302906, 0.03878727625869547, -0.041016819306603544, -0.8914039426436167, -0.47820190393968764]",False
5,50,1.0,0.0,2.0,1,124.01252314663532,30.326155616694486,104.29529054061562,915.8499016615245,51.52211493904882,0.013337855878099533,84.89147949438596,0.0008288343021506927,0.0009083123507737956,"[0.9874463203666889, 124.01252314663532, 30.326155616694486, 104.29529054061562, 0.15055190232355325, -0.9442067972955003, 0.4289999790368081, 0.7550400431199014, -0.19298356084982393, 0.7032463658053516, -0.2609694021284732, -0.2412414293508931, 0.5797597587121914, 0.6289310833996904, 0.9053527961087269, -0.8468422183393715, 0.13161646075138259, -0.9935581228097903, 0.7769313150916309, 0.41496629346697783, 0.7372526919065581, -0.5934107983063798, -0.04389819544982276, -0.9744664273595182, -0.717372508969502, -0.00528892423338978, 0.991814457803387, 0.15602069149262893, 0.44487873242397835, -0.8376754916053908, 0.17258595353207618, -0.2793420750751133, 0.15073881728945038, -0.3871423713476495, -0.42425173677155315, 0.28578076391585294, -0.1388160357844525, 0.3078582871066081, 0.5007470463420106, -0.524517218559285, -0.729330091311955, -0.37066701342777986, -0.9881584208903841, -0.8329933797440903, 0.66726693045516, -0.7691269801157354, -0.006835280274587907, -0.10135919232638779, 0.05184659801144087, -0.7312438417611535, -0.3926682980080415, 0.4072463898128624, -0.6574505747261467, -0.16929122206571168, 0.4357591693817494, -0.34055098234820347, -0.7888959992181159, -0.979650997854304, 0.6547375186403575, -0.9536943908416011, -0.6232685206502291, -0.2607544330550951, -0.7453949018045498, -0.8383001908538852, -0.25429984054110677, 0.9184404755514093, 0.9902337284135103, 0.35543315475727844, 0.1416058072937197, 0.7991597021193768, 0.503962215283269, -0.4303666940342903, 0.39233753388254455, 0.31291056866619527, -0.8800122722589735, 0.6189203081950598, 0.24619092416698937, -0.4347546784620857, -0.4478219166814368, -0.469798984534455, -0.07367248382334239, 0.39332428191970803, -0.1893615317632853, 0.08273332902420338, 0.9533106894251989, 0.520830904621524, -0.14878567232577877, 0.25379307710260307, 0.21094100774982816, 0.6803237117347465, -0.9019444637925256, 0.1529075618179665, 0.7046819838338991, 0.9937954994784197, -0.629028241418008, -0.98478722483916, 0.7108271450693296, -0.794937138027837, -0.46061311324113957, 0.07855936173759948, 0.2963883158934616, 0.047790297920411146, -0.24123603719754813, -0.28196588895845576, 0.9913510289333071, -0.11629740922096299, -0.8916195465318314, 0.11949862734811223, -0.06386717635271233, -0.9308866396152591, -0.4592845119791257, -0.40258479121281043, 0.6129321291679928, 0.9107910359105592, 0.5445259122744279, 0.759547831326137, 0.8730183520830919, 0.25799450445810357, -0.6132113795136971, 0.772660823470063, 0.015038253775201182, 0.9007738075155054, 0.7087887925401138, -0.1082480106651082, 0.6847816913241744, -0.18453115282055754, -0.1742997951174252, -0.0393184602274157, 0.022976989673211046, -0.7369728506119665, -0.660151141466309, 0.6212359267532532, 0.4578549910902343, 0.5600350062257942, -0.10350310891378212, -0.4627584488106321, -0.5771443636580078, 0.8965582819568865, 0.07198972144483201, -0.4249775244672589, 0.44933722497445583, 0.6524067739638213, -0.6191349831222688, -0.06996934503564556, 0.6819965112230189, 0.42165996235307646, -0.06314041013877447, -0.8304469786867044, 0.6036631714977414, -0.8031138984370061, -0.2171595587525359, -0.948906390671429, -0.7230438444004957, -0.7007385015722638, -0.037431954450473814, -0.28588511124517396, 0.5625171551183652, -0.792038962238502, 0.45111750936082684, -0.0663799383310335, 0.06735497468728191, 0.6408203102280415, 0.6515534104193792, 0.5616147984968184, -0.32244085980965287, -0.6931418211962348, -0.6866883433739338, 0.1651133445077142, -0.6632870888421442, 0.31946512715738984, 0.003006324243192915, 0.43178872777536065, 0.7626628842548248, -0.08724694228425246, -0.7993426493780765, 0.4576606952222513, 0.7233236606925644, -0.6961900399734222, -0.07434757117879537, 0.3815500785648678, -0.2591894702938908, -0.645257596993778, -0.31115407601979506, -0.43767504279404196, 0.42034140709346374, -0.9830274960117042, 0.503681953195714, 0.8914580571909975, 0.6614580617184825, 0.5236848461124561, 0.38199324061239087, 0.34876834029302906, 0.03878727625869547, -0.04102031155299901, -0.8914039426436167, -0.47820190393968764]",False
5,50,1.0,0.0,2.0,1,124.01252314663532,30.32600015094926,104.29529054061562,915.8415007241617,51.52395293129685,0.013337896615300895,84.89147949438596,0.0008284751646996646,0.0009083125488441278,"[0.9874463203666889, 124.01252314663532, 30.32600015094926, 104.29529054061562, 0.15055186635957474, -0.9442067972955003, 0.4289999790368081, 0.7550475781066928, -0.19298356084982393, 0.7032463658053516, -0.2609694021284732, -0.2412414293508931, 0.5797597691522763, 0.6289310833996904, 0.9053527961087269, -0.8468422183393715, 0.13161646075138259, -0.9935581228097903, 0.7769313150916309, 0.41496629346697783, 0.7372526919065581, -0.5934107983063798, -0.04389819544982276, -0.9744664273595182, -0.717372508969502, -0.00528892423338978, 0.991814457803387, 0.15604871488588343, 0.4448787300757897, -0.8376754916053908, 0.17258595353207618, -0.2793420750751133, 0.15073881728945038, -0.3871423713476495, -0.42425173677155315, 0.28578076391585294, -0.1388160357844525, 0.3078582871066081, 0.5007470463420106, -0.524517218559285, -0.7293300913119772, -0.37066701342777986, -0.9881584208903841, -0.8329933797440903, 0.66726693045516, -0.7691269801157354, -0.006835280274587907, -0.10135919232638779, 0.05184659801144087, -0.7312438417611535, -0.3926682980080415, 0.4072463898128624, -0.6574505747261467, -0.16929122206571168, 0.4357591693817494, -0.34048257089830253, -0.7888959992181159, -0.979650997854304, 0.6547375186403575, -0.9536943908416011, -0.6232685206502291, -0.26075458294806786, -0.7453949018045498, -0.8383001908538852, -0.251724302080929, 0.9184404756247131, 0.9902337478396445, 0.35543315475727844, 0.1416058072937197, 0.7991597021193768, 0.503962215283269, -0.4303666940342903, 0.39233753388254455, 0.31291056866619527, -0.8800122722589735, 0.6189203081950598, 0.24619092416698937, -0.4347546784620857, -0.4478219166814368, -0.469798984534455, -0.07367248382334239, 0.39332428191970803, -0.1893615317632853, 0.08273332902420338, 0.953310681160423, 0.520830904621524, -0.14878567232577877, 0.25379307710260307, 0.21094100774982816, 0.6803237117347465, -0.9019444637925256, 0.1529075618179665, 0.7046819838338991, 0.9937954994784197, -0.629028241418008, -0.98478722483916, 0.710827207522565, -0.794937138027837, -0.4606131127796286, 0.07855936173759948, 0.2963882864997006, 0.04777643710978278, -0.24123574399937045, -0.28196588895845576, 0.9913510295322664, -0.11629740922096299, -0.8916195465318314, 0.11949862734811223, -0.06386717635271233, -0.9308866396152591, -0.4592845119791257, -0.40258479121281043, 0.6129321291679928, 0.9098805210442569, 0.5445259122744279, 0.759547831326137, 0.8730183520830919, 0.25799450445810357, -0.6132113795136971, 0.772660823470063, 0.015038253775201182, 0.9007738075155054, 0.7087887765342908, -0.1082480106651082, 0.6847816913241744, -0.18453115282055754, -0.1742997951174252, -0.0393184602274157, 0.022976989673211046, -0.7369728506119665, -0.660151141466309, 0.6212359275657565, 0.4578549910902343, 0.5600350062257942, -0.10350310891378212, -0.4627584488106321, -0.5771443636580078, 0.8965582819568865, 0.07198972144483201, -0.4249775244672589, 0.449337224976814, 0.6524067739638213, -0.6191349831222688, -0.06996934503564556, 0.6819965112230189, 0.42165993290537324, -0.06314041013877447, -0.8304469786867044, 0.6036631714977414, -0.8031138984370061, -0.2171595587525359, -0.948906390671429, -0.7230438444004957, -0.7007385015722638, -0.037431954450473814, -0.28588511124517396, 0.5625171551183652, -0.792038962238502, 0.45111750936082684, -0.0663799383310335, 0.06735497468728191, 0.6404051415458653, 0.6515534104193792, 0.5616147984968184, -0.32244085980965287, -0.6931418211962348, -0.6866883433739338, 0.1651133445077142, -0.6632870888421442, 0.33876637148993305, 0.003006324243192915, 0.43178872777536065, 0.7626628842548248, -0.08724694228425246, -0.8650883512380672, 0.4576606952222513, 0.7233014357738637, -0.3570613484120604, -0.07434757117879537, 0.3815500785648678, -0.2591894702938908, -0.645257596993778, -0.31115407601979506, -0.43767504279404196, 0.42034140709346374, -0.9830274960117042, 0.503681953195714, 0.8914580571909975, 0.6614580617184825, 0.5236848461124561, 0.38199324061239087, 0.34876834029302906, 0.03878727625869547, -0.04110475563745022, -0.8914039426436167, -0.47820190393968764]",False
5,50,1.0,0.0,2.0,1,124.01252314663532,30.325997738815342,104.29529054061562,915.8415684863728,51.523938178969644,0.013337896285659652,84.89147949438596,0.0008284779795762012,0.0009083125519132826,"[0.9874463203666889, 124.01252314663532, 30.325997738815342, 104.29529054061562, 0.15055029266773354, -0.9442067972955003, 0.4289999790368081, 0.7550475781066928, -0.19298356084982393, 0.7032463658053516, -0.2609694021284732, -0.2412414293508931, 0.5797597687984684, 0.6289310833996904, 0.9053527961087269, -0.8468422183393715, 0.13161646075138259, -0.9935581228097903, 0.7769313150916309, 0.41496629346697783, 0.7372526919065581, -0.5934107983063798, -0.04389819544982276, -0.9744664273595182, -0.717372508969502, -0.00528892423338978, 0.991814457803387, 0.15605087723197916, 0.44487879601655966, -0.8376754916053908, 0.17258595353207618, -0.2793420750751133, 0.15073881728945038, -0.3871423713476495, -0.42425173677155315, 0.28578076391585294, -0.1388160357844525, 0.3078582871066081, 0.5007470463420106, -0.524517218559285, -0.7293300913119771, -0.37066701342777986, -0.9881584208903841, -0.8329933797440903, 0.66726693045516, -0.7691269801157354, -0.006835280274587907, -0.10135919232638779, 0.05184659801144087, -0.7312438417611535, -0.3926682980080415, 0.4072463898128624, -0.6574505747261467, -0.16929122206571168, 0.4357591693817494, -0.34048257089830253, -0.7888959992181159, -0.979650997854304, 0.6547375186403575, -0.9536943908416011, -0.6232685206502291, -0.2607545391089155, -0.7453949018045498, -0.8383001908538852, -0.2517449936969215, 0.9184404757583248, 0.9902337478396445, 0.35543315475727844, 0.1416058072937197, 0.7991597021193768, 0.503962215283269, -0.4303666940342903, 0.39233753388254455, 0.31291056866619527, -0.8800122722589735, 0.6189203081950598, 0.24619092416698937, -0.4347546784620857, -0.4478219166814368, -0.469798984534455, -0.07367248382334239, 0.39332428191970803, -0.1893615317632853, 0.08273332902420338, 0.953310681160423, 0.520830904621524, -0.14878567232577877, 0.25379307710260307, 0.21094100774982816, 0.6803237117347465, -0.9019444637925256, 0.1529075618179665, 0.7046819838338991, 0.9937954994784197, -0.629028241418008, -0.98478722483916, 0.7108272040460987, -0.794937138027837, -0.4606131128677421, 0.07855936173759948, 0.29638906511210994, 0.04777643710978278, -0.24124073598695703, -0.28196588895845576, 0.9913510295337433, -0.11629740922096299, -0.889330202380152, 0.11949862734811223, -0.06386717635271233, -0.9308866396152591, -0.4592845119791257, -0.40258479121281043, 0.6129321291679928, 0.910792587730066, 0.5445259122744279, 0.759547831326137, 0.8730183520830919, 0.25799450445810357, -0.6132113795136971, 0.772660823470063, 0.015038253775201182, 0.9007738075155054, 0.7087887927249987, -0.1082480106651082, 0.6847816913241744, -0.18453115282055754, -0.1742997951174252, -0.0393184602274157, 0.022976989673211046, -0.7369728506119665, -0.660151141466309, 0.6212359275657565, 0.4578549910902343, 0.5600350062257942, -0.10350310891378212, -0.4627584488106321, -0.5771443636580078, 0.8965582819568865, 0.07198972144483201, -0.4249775244672589, 0.4493372249768144, 0.6524067739638213, -0.6191349831222688, -0.06996934503564556, 0.6819965112230189, 0.42164641111995343, -0.06314041013877447, -0.8304469786867044, 0.6036631714977414, -0.8031138984370061, -0.2171595587525359, -0.948906390671429, -0.7230438444004957, -0.7007385015722638, -0.037431954450473814, -0.28588511124517396, 0.5625171551183652, -0.792038962238502, 0.45111750936082684, -0.0663799383310335, 0.06735497468728191, 0.6405076606976545, 0.6515534104193792, 0.5616147984968184, -0.32244085980965287, -0.6931418211962348, -0.6866883433739338, 0.1651133445077142, -0.6632870888421442, 0.33876637148993305, 0.003006324243192915, 0.43178872777536065, 0.7626628842548248, -0.08724694228425246, -0.7999373455965092, 0.4576606952222513, 0.7233007660566767, -0.3570613484120604, -0.07434757117879537, 0.3815500785648678, -0.2591894702938908, -0.645257596993778, -0.31115407601979506, -0.43767504279404196, 0.42034140709346374, -0.9830274960117042, 0.503681953195714, 0.8914580571909975, 0.6614580617184825, 0.5236848461124561, 0.38199324061239087, 0.34876834029302906, 0.03878727625869547, -0.04110475563745022, -0.8914039426436167, -0.47820190393968764]",False
5,50,1.0,0.0,2.0,1,124.01252314663532,30.32599666832871,104.29529054061562,915.7414078625496,51.539075824686414,0.013337793909601088,84.89147949438596,0.0008258208038536751,0.0009083125532753875,"[0.9874463203666889, 124.01252314663532, 30.32599666832871, 104.29529054061562, 0.1505519046828013, -0.9442067972955003, 0.4289999790368081, 0.7550475781066928, -0.19298356084982393, 0.7032463658053516, -0.2609694021284732, -0.2412414293508931, 0.57975976879778, 0.6289310833996904, 0.9053527961087269, -0.8468422183393715, 0.13161646075138259, -0.9935581228097903, 0.7769313150916309, 0.41496629346697783, 0.7372526919065581, -0.5934107983063798, -0.04389819544982276, -0.9744664273595182, -0.717372508969502, -0.00528892423338978, 0.991814457803387, 0.15604874569876265, 0.4448787277899077, -0.8376754916053908, 0.17258595353207618, -0.2793420750751133, 0.15073881728945038, -0.3871423713476495, -0.42425173677155315, 0.28578076391585294, -0.1388160357844525, 0.3078582871066081, 0.5007470463420106, -0.524517218559285, -0.6991236457583211, -0.37066701342777986, -0.9881584208903841, -0.8329933797440903, 0.66726693045516, -0.7691269801157354, -0.006835280274587907, -0.10135919232638779, 0.05184659801144087, -0.7312438417611535, -0.3926682980080415, 0.4072463898128624, -0.6574505747261467, -0.16929122206571168, 0.4357591693817494, -0.34048257089830253, -0.7888959992181159, -0.979650997854304, 0.6547375186403575, -0.9536943908416011, -0.6232685206502291, -0.260754538531789, -0.7453949018045498, -0.8383001908538852, -0.2517269103748091, 0.9184404756247131, 0.9902337478396445, 0.35543315475727844, 0.1416058072937197, 0.7991597021193768, 0.503962215283269, -0.4303666940342903, 0.39233753388254455, 0.31291056866619527, -0.8800122722589735, 0.6189203081950598, 0.24619092416698937, -0.4347546784620857, -0.4478219166814368, -0.469798984534455, -0.07367248382334239, 0.39332428191970803, -0.1893615317632853, 0.08273332902420338, 0.953310681160423, 0.5157505460216398, -0.14878567232577877, 0.25379307710260307, 0.21094100774982816, 0.6803237117347465, -0.9019444637925256, 0.1529075618179665, 0.7046819838338991, 0.9937954994784197, -0.629028241418008, -0.98478722483916, 0.7108271448902407, -0.794937138027837, -0.46061311270364885, 0.07855936173759948, 0.29638897038153444, 0.04777643710978278, -0.24124074436306542, -0.28196588895845576, 0.9913510292127371, -0.11629740922096299, -0.8916195465318314, 0.11949862734811223, -0.06386717635271233, -0.9308866396152591, -0.4592845119791257, -0.40258479121281043, 0.6129321291679928, 0.9098805210442569, 0.5445259122744279, 0.759547831326137, 0.8730183520830919, 0.25799450445810357, -0.6132113795136971, 0.772660823470063, 0.015038253775201182, 0.9007738075155054, 0.7087887926312186, -0.1082480106651082, 0.6847816913241744, -0.18453115282055754, -0.1742997951174252, -0.0393184602274157, 0.022976989673211046, -0.7369728506119665, -0.660151141466309, 0.6212359275657565, 0.4578549910902343, 0.5600350062257942, -0.10350310891378212, -0.4627584488106321, -0.5771443636580078, 0.8965582819568865, 0.07198972144483201, -0.4249775244672589, 0.44933722497681333, 0.6524067739638213, -0.6191349831222688, -0.06996934503564556, 0.6819965112230189, 0.42164623100197246, -0.06314041013877447, -0.8304469786867044, 0.6036631714977414, -0.8031138984370061, -0.2171595587525359, -0.948906390671429, -0.7230438444004957, -0.7007385015722638, -0.037431954450473814, -0.28588511124517396, 0.5625171551183652, -0.792038962238502, 0.45111750936082684, -0.0663799383310335, 0.06735497468728191, 0.6404051415458653, 0.6515534104193792, 0.5616147984968184, -0.32244085980965287, -0.6931418211962348, -0.6866883433739338, 0.1651133445077142, -0.6632870888421442, 0.33876637148993305, 0.003006324243192915, 0.43178872777536065, 0.7626628842548248, -0.08724694228425246, -0.8650883512380672, 0.4576606952222513, 0.7233007575432108, -0.3570613484120604, -0.07434757117879537, 0.3815500785648678, -0.2591894702938908, -0.645257596993778, -0.31115407601979506, -0.43767504279404196, 0.42034140709346374, -0.9830274960117042, 0.503681953195714, 0.8914580571909975, 0.6614580617184825, 0.5236848461124561, 0.38199324061239087, 0.34876834029302906, 0.03878727625869547, -0.04110475563745022, -0.8914039426436167, -0.47820190393968764]",False
5,50,1.0,0.0,2.0,1,124.01252314663532,30.32581043909912,104.29529054061562,915.8415250510396,51.523953182400724,0.013337896476831264,84.8914794943861,0.0008284709603814923,0.000908312790232293,"[0.9874463203666889, 124.01252314663532, 30.32581043909912, 104.29529054061562, 0.15055186635957474, -0.9442067972955003, 0.4289999790368081, 0.7550475781066928, -0.19298356084982393, 0.7032463658053516, -0.2609694021284732, -0.2412414293508931, 0.5797597691515881, 0.6289310833996904, 0.9053527961087269, -0.8468422183393715, 0.13161646075138259, -0.9935581228097903, 0.7769313150916309, 0.41496629346697783, 0.7372526919065581, -0.5934107983063798, -0.04389819544982276, -0.9744664273595182, -0.717372508969502, -0.00528892423338978, 0.991814457803387, 0.15604871488588343, 0.4448787300757897, -0.8376754916053908, 0.17258595353207618, -0.2793420750751133, 0.15073881728945038, -0.3871423713476495, -0.42425173677155315, 0.28578076391585294, -0.1388160357844525, 0.3078582871066081, 0.5007470463420106, -0.524517218559285, -0.7293300913119772, -0.37066701342777986, -0.9881584208903841, -0.8329933797440903, 0.66726693045516, -0.7691269801157354, -0.006835280274587907, -0.10135919232638779, 0.05184659801144087, -0.7312438417611535, -0.3926682980080415, 0.4072463898128624, -0.6574505747261467, -0.16929122206571168, 0.4357591693817494, -0.34048257089830253, -0.7888959992181159, -0.979650997854304, 0.6547375186403575, -0.9536943908416011, -0.6232685206502291, -0.26075458294806786, -0.7453949018045498, -0.8383001908538852, -0.251724302080929, 0.9184404756247131, 0.9902337478396445, 0.35543315475727844, 0.1416058072937197, 0.7991597021193768, 0.503962215283269, -0.4303666940342903, 0.39233753388254455, 0.31291056866619527, -0.8800122722589735, 0.6189203081950598, 0.24619092416698937, -0.4347546784620857, -0.4478219166814368, -0.469798984534455, -0.07367248382334239, 0.39332428191970803, -0.1893615317632853, 0.08273332902420338, 0.953310681160423, 0.520830904621524, -0.14878567232577877, 0.25379307710260307, 0.21094100774982816, 0.6803237117347465, -0.9019444637925256, 0.1529075618179665, 0.7046819838338991, 0.9937954994784197, -0.629028241418008, -0.98478722483916, 0.710827207522565, -0.794937138027837, -0.4606131131451956, 0.07855936173759948, 0.2963882864997006, 0.04777643710978278, -0.24123574399937045, -0.28196588895845576, 0.9913510292056742, -0.11629740922096299, -0.8916195465318314, 0.11949862734811223, -0.06386717635271233, -0.9308866396152591, -0.4592845119791257, -0.40258479121281043, 0.6129321291679928, 0.9098805210442569, 0.5445259122744279, 0.759547831326137, 0.8730183520830919, 0.25799450445810357, -0.6132113795136971, 0.772660823470063, 0.015038253775201182, 0.9007738075155054, 0.7087887765342908, -0.1082480106651082, 0.6847816913241744, -0.18453115282055754, -0.1742997951174252, -0.0393184602274157, 0.022976989673211046, -0.7369728506119665, -0.660151141466309, 0.6212359275657565, 0.4578549910902343, 0.5600350062257942, -0.10350310891378212, -0.4627584488106321, -0.5771443636580078, 0.8965582819568865, 0.07198972144483201, -0.4249775244672589, 0.449337224976814, 0.6524067739638213, -0.6191349831222688, -0.06996934503564556, 0.6819965112230189, 0.42165993290537324, -0.06314041013877447, -0.8304469786867044, 0.6036631714977414, -0.8031138984370061, -0.2171595587525359, -0.948906390671429, -0.7230438444004957, -0.7007385015722638, -0.037431954450473814, -0.28588511124517396, 0.5625171551183652, -0.792038962238502, 0.45111750936082684, -0.0663799383310335, 0.06735497468728191, 0.6389614816490801, 0.6515534104193792, 0.5616147984968184, -0.32244085980965287, -0.6931418211962348, -0.6866883433739338, 0.1651133445077142, -0.6632870888421442, 0.33876637148993305, 0.003006324243192915, 0.43178872777536065, 0.7626628842548248, -0.08724694228425246, -0.8650883512380672, 0.4576606952222513, 0.7233014357738637, -0.3570613484120604, -0.07434757117879537, 0.3815500785648678, -0.2591894702938908, -0.645257596993778, -0.31115407601979506, -0.43767504279404196, 0.42034140709346374, -0.9830274960117042, 0.503681953195714, 0.8914580571909975, 0.6614580617184825, 0.5236848461124561, 0.40066394212493556, 0.34876834029302906, 0.03878727625869547, -0.04110475563745022, -0.8914039426436167, -0.47820190393968764]",False
5,50,1.0,0.0,2.0,1,123.61546086396449,30.325808026965202,104.29529054061562,915.8415928145677,51.52393842988045,0.013337896147188985,84.89147949438669,0.0008306310407021119,0.0009083127933014757,"[0.9874463203666889, 123.61546086396449, 30.325808026965202, 104.29529054061562, 0.15055029266773354, -0.9442067972955003, 0.4289999790368081, 0.75504757332932, -0.19298356084982393, 0.7032463658053516, -0.2609694021284732, -0.2412414293508931, 0.57975976879778, 0.6289310833996904, 0.9053527961087269, -0.8468422183393715, 0.13161646075138259, -0.9935581228097903, 0.7769313150916309, 0.41496629346697783, 0.7372526919065581, -0.5934107983063798, -0.04389819544982276, -0.9744664273595182, -0.717372508969502, -0.00528892423338978, 0.991814457803387, 0.1560492181407786, 0.44487879543184183, -0.8376754916053908, 0.17258595353207618, -0.2793420750751133, 0.15073881728945038, -0.3871423713476495, -0.42425173677155315, 0.28578076391585294, -0.1388160357844525, 0.3078582871066081, 0.5007470463420106, -0.524517218559285, -0.7293300913119771, -0.37066701342777986, -0.9881584208903841, -0.8329933797440903, 0.66726693045516, -0.7691269801157354, -0.006835280274587907, -0.10135919232638779, 0.05184659801144087, -0.7312438417611535, -0.3926682980080415, 0.4072463898128624, -0.6574505747261467, -0.16929122206571168, 0.4357591693817494, -0.34048257089830253, -0.7888959992181159, -0.979650997854304, 0.6547375186403575, -0.9536943908416011, -0.6232685206502291, -0.2607545391089155, -0.7453949018045498, -0.8383001908538852, -0.2517449936969215, 0.9184404757583248, 0.9902337478396445, 0.35543315475727844, 0.1416058072937197, 0.7991597021193768, 0.503962215283269, -0.4303666940342903, 0.39233753388254455, 0.31291056866619527, -0.8800122722589735, 0.6189203081950598, 0.24619092416698937, -0.4347546784620857, -0.4478219166814368, -0.469798984534455, -0.07367248382334239, 0.39332428191970803, -0.1893615317632853, 0.08273332902420338, 0.953310681160423, 0.520830904621524, -0.14878567232577877, 0.25379307710260307, 0.21094100774982816, 0.6803237117347465, -0.9019444637925256, 0.1529075618179665, 0.7046819838338991, 0.9937954994784197, -0.629028241418008, -0.98478722483916, 0.7108272040460987, -0.794937138027837, -0.4606131132333091, 0.07855936173759948, 0.2963890641223517, 0.04777643710978278, -0.24124062117038486, -0.28196588895845576, 0.991351029207151, -0.11629740922096299, -0.889330202380152, 0.11949862734811223, -0.06386717635271233, -0.9308866396152591, -0.4592845119791257, -0.40258479121281043, 0.6129321291679928, 0.910792587730066, 0.5445259122744279, 0.759547831326137, 0.8730183520830919, 0.25799450445810357, -0.6132113795136971, 0.772660823470063, 0.015038253775201182, 0.9007738075155054, 0.7087887809809784, -0.1082480106651082, 0.6847816913241744, -0.18453115282055754, -0.1742997951174252, -0.0393184602274157, 0.022976989673211046, -0.7369728506119665, -0.660151141466309, 0.6212359267543266, 0.4578549910902343, 0.5600350062257942, -0.10350310891378212, -0.4627584488106321, -0.5771443636580078, 0.8965582819568865, 0.07198972144483201, -0.4249775244672589, 0.4493372249768144, 0.6524067739638213, -0.6191349831222688, -0.06996934503564556, 0.6819965112230189, 0.42164641111995343, -0.06314041013877447, -0.8304469786867044, 0.6036631714977414, -0.8031138984370061, -0.2171595587525359, -0.948906390671429, -0.7230438444004957, -0.7007385015722638, -0.037431954450473814, -0.28588511124517396, 0.5625171551183652, -0.792038962238502, 0.45111750936082684, -0.0663799383310335, 0.06735497468728191, 0.6405163514693509, 0.6515534104193792, 0.5616147984968184, -0.32244085980965287, -0.6931418211962348, -0.6866883433739338, 0.1651133445077142, -0.6632870888421442, 0.33876637148993305, 0.003006324243192915, 0.43178872777536065, 0.7626628842548248, -0.08724694228425246, -0.7999373455965092, 0.4576606952222513, 0.7233014442593793, -0.3570613484120604, -0.07434757117879537, 0.3815500785648678, -0.2591894702938908, -0.645257596993778, -0.31115407601979506, -0.43767504279404196, 0.42034140709346374, -0.9830274960117042, 0.503681953195714, 0.8914580571909975, 0.6614580617184825, 0.5236848461124561, 0.38199324061239087, 0.34876834029302906, 0.03878727625869547, -0.04102641507773064, -0.8914039426436167, -0.47820190393968764]",False
5,50,1.0,0.0,2.0,1,124.01252314663532,30.325808026965202,104.29529054061562,915.8415928128287,51.52393843013678,0.013337896147192073,84.89147949438669,0.0008284737752522892,0.0009083127933015451,"[0.9874463203666889, 124.01252314663532, 30.325808026965202, 104.29529054061562, 0.15055029266773354, -0.9442067972955003, 0.4289999790368081, 0.7550475781066928, -0.19298356084982393, 0.7032463658053516, -0.2609694021284732, -0.2412414293508931, 0.57975976879778, 0.6289310833996904, 0.9053527961087269, -0.8468422183393715, 0.13161646075138259, -0.9935581228097903, 0.7769313150916309, 0.41496629346697783, 0.7372526919065581, -0.5934107983063798, -0.04389819544982276, -0.9744664273595182, -0.717372508969502, -0.00528892423338978, 0.991814457803387, 0.15605087723197916, 0.44487879601655966, -0.8376754916053908, 0.17258595353207618, -0.2793420750751133, 0.15073881728945038, -0.3871423713476495, -0.42425173677155315, 0.28578076391585294, -0.1388160357844525, 0.3078582871066081, 0.5007470463420106, -0.524517218559285, -0.7293300913119771, -0.37066701342777986, -0.9881584208903841, -0.8329933797440903, 0.66726693045516, -0.7691269801157354, -0.006835280274587907, -0.10135919232638779, 0.05184659801144087, -0.7312438417611535, -0.3926682980080415, 0.4072463898128624, -0.6574505747261467, -0.16929122206571168, 0.4357591693817494, -0.34048257089830253, -0.7888959992181159, -0.979650997854304, 0.6547375186403575, -0.9536943908416011, -0.6232685206502291, -0.2607545391089155, -0.7453949018045498, -0.8383001908538852, -0.2517449936969215, 0.9184404757583248, 0.9902337478396445, 0.35543315475727844, 0.1416058072937197, 0.7991597021193768, 0.503962215283269, -0.4303666940342903, 0.39233753388254455, 0.31291056866619527, -0.8800122722589735, 0.6189203081950598, 0.24619092416698937, -0.4347546784620857, -0.4478219166814368, -0.469798984534455, -0.07367248382334239, 0.39332428191970803, -0.1893615317632853, 0.08273332902420338, 0.953310681160423, 0.520830904621524, -0.14878567232577877, 0.25379307710260307, 0.21094100774982816, 0.6803237117347465, -0.9019444637925256, 0.1529075618179665, 0.7046819838338991, 0.9937954994784197, -0.629028241418008, -0.98478722483916, 0.7108272040460987, -0.794937138027837, -0.4606131132333091, 0.07855936173759948, 0.29638906511210994, 0.04777643710978278, -0.24124073598695703, -0.28196588895845576, 0.991351029207151, -0.11629740922096299, -0.889330202380152, 0.11949862734811223, -0.06386717635271233, -0.9308866396152591, -0.4592845119791257, -0.40258479121281043, 0.6129321291679928, 0.910792587730066, 0.5445259122744279, 0.759547831326137, 0.8730183520830919, 0.25799450445810357, -0.6132113795136971, 0.772660823470063, 0.015038253775201182, 0.9007738075155054, 0.7087887927249987, -0.1082480106651082, 0.6847816913241744, -0.18453115282055754, -0.1742997951174252, -0.0393184602274157, 0.022976989673211046, -0.7369728506119665, -0.660151141466309, 0.6212359275657565, 0.4578549910902343, 0.5600350062257942, -0.10350310891378212, -0.4627584488106321, -0.5771443636580078, 0.8965582819568865, 0.07198972144483201, -0.4249775244672589, 0.4493372249768144, 0.6524067739638213, -0.6191349831222688, -0.06996934503564556, 0.6819965112230189, 0.42164641111995343, -0.06314041013877447, -0.8304469786867044, 0.6036631714977414, -0.8031138984370061, -0.2171595587525359, -0.948906390671429, -0.7230438444004957, -0.7007385015722638, -0.037431954450473814, -0.28588511124517396, 0.5625171551183652, -0.792038962238502, 0.45111750936082684, -0.0663799383310335, 0.06735497468728191, 0.6390640008008694, 0.6515534104193792, 0.5616147984968184, -0.32244085980965287, -0.6931418211962348, -0.6866883433739338, 0.1651133445077142, -0.6632870888421442, 0.33876637148993305, 0.003006324243192915, 0.43178872777536065, 0.7626628842548248, -0.08724694228425246, -0.7999373455965092, 0.4576606952222513, 0.7233007660566767, -0.3570613484120604, -0.07434757117879537, 0.3815500785648678, -0.2591894702938908, -0.645257596993778, -0.31115407601979506, -0.43767504279404196, 0.42034140709346374, -0.9830274960117042, 0.503681953195714, 0.8914580571909975, 0.6614580617184825, 0.5236848461124561, 0.38199324061239087, 0.34876834029302906, 0.03878727625869547, -0.04110475563745022, -0.8914039426436167, -0.47820190393968764]",False
5,50,1.0,0.0,2.0,1,124.01252314663532,30.325772059126663,104.29529054061562,915.8415302836551,51.52395170253616,0.013337896412142301,84.8914794943866,0.0008284705017300918,0.0009083128034829633,"[0.9874463203666889, 124.01252314663532, 30.325772059126663, 104.29529054061562, 0.15055184992748122, -0.9442067972955003, 0.4289999790368081, 0.7550475781066928, -0.19298356084982393, 0.7032463658053516, -0.2609694021284732, -0.2412414293508931, 0.57975976879778, 0.6289310833996904, 0.9053527961087269, -0.8468422183393715, 0.13161646075138259, -0.9935581228097903, 0.7769313150916309, 0.41496629346697783, 0.7372526919065581, -0.5934107983063798, -0.04389819544982276, -0.9744664273595182, -0.717372508969502, -0.00528892423338978, 0.991814457803387, 0.15601917570895035, 0.44487879601655966, -0.8376754916053908, 0.17258595353207618, -0.2793420750751133, 0.15073881728945038, -0.3871423713476495, -0.42425173677155315, 0.28578076391585294, -0.1388160357844525, 0.3078582871066081, 0.5007470463420106, -0.524517218559285, -0.7293300913119772, -0.37066701342777986, -0.9881584208903841, -0.8329933797440903, 0.66726693045516, -0.7691269801157354, -0.006835280274587907, -0.10135919232638779, 0.05184659801144087, -0.7312438417611535, -0.3926682980080415, 0.4072463898128624, -0.6574505747261467, -0.16929122206571168, 0.4357591693817494, -0.34048257089830253, -0.7888959992181159, -0.979650997854304, 0.6547375186403575, -0.9536943908416011, -0.6232685206502291, -0.26075453284582334, -0.7453949018045498, -0.8383001908538852, -0.2517269103748091, 0.9184404756212716, 0.9902337478396445, 0.35543315475727844, 0.1416058072937197, 0.7991597021193768, 0.503962215283269, -0.4303666940342903, 0.39233753388254455, 0.31291056866619527, -0.8800122722589735, 0.6189203081950598, 0.24619092416698937, -0.4347546784620857, -0.4478219166814368, -0.469798984534455, -0.07367248382334239, 0.39332428191970803, -0.1893615317632853, 0.08273332902420338, 0.9533118262971131, 0.57786130341357, -0.14878567232577877, 0.25379307710260307, 0.21094100774982816, 0.6803237117347465, -0.9019444637925256, 0.1529075618179665, 0.7046819838338991, 0.9937954994784197, -0.629028241418008, -0.98478722483916, 0.7108272061526612, -0.794937138027837, -0.4606131127036001, 0.07855936173759948, 0.29638906511210994, 0.04777643710978278, -0.24124073598695703, -0.28196588895845576, 0.9913510292020123, -0.11629740922096299, -0.8916195465318314, 0.11949862734811223, -0.06386717635271233, -0.9308866396152591, -0.4592845119791257, -0.40258479121281043, 0.6129321291679928, 0.9098805210442569, 0.5445259122744279, 0.759547831326137, 0.8730183520830919, 0.25799450445810357, -0.6132113795136971, 0.772660823470063, 0.015038253775201182, 0.9007738075155054, 0.7087887898246193, -0.1082480106651082, 0.6847816913241744, -0.18453115282055754, -0.1742997951174252, -0.0393184602274157, 0.022976989673211046, -0.7369728506119665, -0.660151141466309, 0.6212359275657565, 0.4578549910902343, 0.5600350062257942, -0.10350310891378212, -0.4627584488106321, -0.5771443636580078, 0.8965582819568865, 0.07198972144483201, -0.4249775244672589, 0.44933722497674644, 0.6524067739638213, -0.6191349831222688, -0.06996934503564556, 0.6819965112230189, 0.42164633461995144, -0.06314041013877447, -0.8304469786867044, 0.6036631714977414, -0.8031138984370061, -0.2171595587525359, -0.948906390671429, -0.7230438444004957, -0.7007385015722638, -0.037431954450473814, -0.28588511124517396, 0.5625171551183652, -0.792038962238502, 0.45111750936082684, -0.0663799383310335, 0.06735497468728191, 0.6404037676202102, 0.6515534104193792, 0.5616147984968184, -0.32244085980965287, -0.6931418211962348, -0.6866883433739338, 0.1651133445077142, -0.6632870888421442, 0.3404613135511516, 0.003006324243192915, 0.43178872777536065, 0.7626628842548248, -0.08724694228425246, -0.8630193547878011, 0.4576606952222513, 0.7232986018175114, -0.3570613484120604, -0.07434757117879537, 0.3815500785648678, -0.2591894702938908, -0.645257596993778, -0.31115407601979506, -0.43767504279404196, 0.42034140709346374, -0.9830274960117042, 0.503681953195714, 0.8914580571909975, 0.6614580617184825, 0.5236848461124561, 0.38199324061239087, 0.34876834029302906, 0.03878727625869547, -0.04110126339105474, -0.8914039426436167, -0.47820190393968764]",False
5,50,1.0,0.0,2.0,1,124.01252314663532,30.325775569001053,104.29529054061562,915.8415378539734,51.52395139379058,0.013337896410353059,84.89147949438669,0.0008284705578817584,0.0009083128346007834,"[0.9874463203666889, 124.01252314663532, 30.325775569001053, 104.29529054061562, 0.15055190244529537, -0.9442067972955003, 0.4289999790368081, 0.7550475781066928, -0.19298356084982393, 0.7032463658053516, -0.2609694021284732, -0.2412414293508931, 0.57975976879778, 0.6289310833996904, 0.9053527961087269, -0.8468422183393715, 0.13161646075138259, -0.9935581228097903, 0.7769313150916309, 0.41496629346697783, 0.7372526919065581, -0.5934107983063798, -0.04389819544982276, -0.9744664273595182, -0.717372508969502, -0.00528892423338978, 0.991814457803387, 0.15601917570895035, 0.44487879601655966, -0.8376754916053908, 0.17258595353207618, -0.2793420750751133, 0.15073881728945038, -0.3871423713476495, -0.42425173677155315, 0.28578076391585294, -0.1388160357844525, 0.3078582871066081, 0.5007470463420106, -0.524517218559285, -0.7293300913119772, -0.37066701342777986, -0.9881584208903841, -0.8329933797440903, 0.66726693045516, -0.7691269801157354, -0.006835280274587907, -0.10135919232638779, 0.05184659801144087, -0.7312438417611535, -0.3926682980080415, 0.4072463898128624, -0.6574505747261467, -0.16929122206571168, 0.4357591693817494, -0.34048257089830253, -0.7888959992181159, -0.979650997854304, 0.6547375186403575, -0.9536943908416011, -0.6232685206502291, -0.2607545391089155, -0.7453949018045498, -0.8383001908538852, -0.2517269103748091, 0.9184404756247131, 0.9902337478396445, 0.35543315475727844, 0.1416058072937197, 0.7991597021193768, 0.503962215283269, -0.4303666940342903, 0.39233753388254455, 0.31291056866619527, -0.8800122722589735, 0.6189203081950598, 0.24619092416698937, -0.4347546784620857, -0.4478219166814368, -0.469798984534455, -0.07367248382334239, 0.39332428191970803, -0.1893615317632853, 0.08273332902420338, 0.953310681160423, 0.57786130341357, -0.14878567232577877, 0.25379307710260307, 0.21094100774982816, 0.6803237117347465, -0.9019444637925256, 0.1529075618179665, 0.7046819838338991, 0.9937954994784197, -0.629028241418008, -0.98478722483916, 0.7108271469164915, -0.794937138027837, -0.4606131127036001, 0.07855936173759948, 0.29638906511210994, 0.04777643710978278, -0.24124073598695703, -0.28196588895845576, 0.991351029207151, -0.11629740922096299, -0.8916195465318314, 0.11949862734811223, -0.06386717635271233, -0.9308866396152591, -0.4592845119791257, -0.40258479121281043, 0.6129321291679928, 0.9098805210442569, 0.5445259122744279, 0.759547831326137, 0.8730183520830919, 0.25799450445810357, -0.6132113795136971, 0.772660823470063, 0.015038253775201182, 0.9007738075155054, 0.7087887926312186, -0.1082480106651082, 0.6847816913241744, -0.18453115282055754, -0.1742997951174252, -0.0393184602274157, 0.022976989673211046, -0.7369728506119665, -0.660151141466309, 0.6212359275657565, 0.4578549910902343, 0.5600350062257942, -0.10350310891378212, -0.4627584488106321, -0.5771443636580078, 0.8965582819568865, 0.07198972144483201, -0.4249775244672589, 0.44933722497674644, 0.6524067739638213, -0.6191349831222688, -0.06996934503564556, 0.6819965112230189, 0.42164633461995144, -0.06314041013877447, -0.8304469786867044, 0.6036631714977414, -0.8031138984370061, -0.2171595587525359, -0.948906390671429, -0.7230438444004957, -0.7007385015722638, -0.037431954450473814, -0.28588511124517396, 0.5625171551183652, -0.792038962238502, 0.45111750936082684, -0.0663799383310335, 0.06735497468728191, 0.6404051415458653, 0.6515534104193792, 0.5616147984968184, -0.32244085980965287, -0.6931418211962348, -0.6866883433739338, 0.1651133445077142, -0.6632870888421442, 0.33876637148993305, 0.003006324243192915, 0.43178872777536065, 0.7626628842548248, -0.08724694228425246, -0.8650883512380672, 0.4576606952222513, 0.7233007575432108, -0.3570613484120604, -0.07434757117879537, 0.3815500785648678, -0.2591894702938908, -0.645257596993778, -0.31115407601979506, -0.43767504279404196, 0.42034140709346374, -0.9830274960117042, 0.503681953195714, 0.8914580571909975, 0.6614580617184825, 0.5236848461124561, 0.38199324061239087, 0.34876834029302906, 0.03878727625869547, -0.04110475563745022, -0.8914039426436167, -0.47820190393968764]",False
5,50,1.0,0.0,2.0,1,124.01252314663532,30.326335655773175,104.29529054061562,915.850503712287,51.52209108566147,0.013337855670385914,84.89147949438669,0.0008288366054672576,0.0009083148949382396,"[0.9874463203666889, 124.01252314663532, 30.326335655773175, 104.29529054061562, 0.15055026305372324, -0.9442067972955003, 0.4289999790368081, 0.7550400429830029, -0.19298356084982393, 0.7032463658053516, -0.2609694021284732, -0.2412414293508931, 0.5797597587121914, 0.6289310833996904, 0.9053527961087269, -0.8468422183393715, 0.13161646075138259, -0.9935581228097903, 0.7769313150916309, 0.41496629346697783, 0.7372526919065581, -0.5934107983063798, -0.04389819544982276, -0.9744664273595182, -0.717372508969502, -0.00528892423338978, 0.991814457803387, 0.15602069149262893, 0.44487873242397835, -0.8376754916053908, 0.17258595353207618, -0.2793420750751133, 0.15073881728945038, -0.3871423713476495, -0.42425173677155315, 0.28578076391585294, -0.1388160357844525, 0.3078582871066081, 0.5007470463420106, -0.524517218559285, -0.729330091311955, -0.37066701342777986, -0.9881584208903841, -0.8329933797440903, 0.66726693045516, -0.7691269801157354, -0.006835280274587907, -0.10135919232638779, 0.05184659801144087, -0.7312438417611535, -0.3926682980080415, 0.4072463898128624, -0.6574505747261467, -0.16929122206571168, 0.4357591693817494, -0.34055098234820347, -0.7888959992181159, -0.979650997854304, 0.6547375186403575, -0.9536943908416011, -0.6232685206502291, -0.260756613730453, -0.7453949018045498, -0.8383001908538852, -0.25429984054110677, 0.9184404755481176, 0.9902337284135103, 0.35543315475727844, 0.1416058072937197, 0.7991597021193768, 0.503962215283269, -0.4303666940342903, 0.39233753388254455, 0.31291056866619527, -0.8800122722589735, 0.6189203081950598, 0.24619092416698937, -0.4347546784620857, -0.4478219166814368, -0.469798984534455, -0.07367248382334239, 0.39332428191970803, -0.1893615317632853, 0.08273332902420338, 0.9532214440485681, 0.520830904621524, -0.14878567232577877, 0.25379307710260307, 0.21094100774982816, 0.6803237117347465, -0.9019444637925256, 0.1529075618179665, 0.7046819838338991, 0.9937954994784197, -0.629028241418008, -0.98478722483916, 0.7108272043020762, -0.794937138027837, -0.46061311324113957, 0.07855936173759948, 0.29638831575176955, 0.047790083203959374, -0.24123603719754813, -0.28196588895845576, 0.9913510588640801, -0.11629740922096299, -0.8916195465318314, 0.11949862734811223, -0.06386717635271233, -0.9308866396152591, -0.4592845119791257, -0.40258479121281043, 0.6129321291679928, 0.9107910359105592, 0.5445259122744279, 0.759547831326137, 0.8730183520830919, 0.25799450445810357, -0.6132113795136971, 0.772660823470063, 0.015038253775201182, 0.9007738075155054, 0.708789130284148, -0.1082480106651082, 0.6847816913241744, -0.18453115282055754, -0.1742997951174252, -0.0393184602274157, 0.022976989673211046, -0.7369728506119665, -0.660151141466309, 0.6212359267525572, 0.4578549910902343, 0.5600350062257942, -0.10350310891378212, -0.4627584488106321, -0.5771443636580078, 0.8965582819568865, 0.07198972144483201, -0.4249775244672589, 0.4493372249768831, 0.6524067739638213, -0.6191349831222688, -0.06996934503564556, 0.6819965112230189, 0.42165996235307646, -0.06314041013877447, -0.8304469786867044, 0.6036631714977414, -0.8031138984370061, -0.2171595587525359, -0.948906390671429, -0.7230438444004957, -0.7007385015722638, -0.037431954450473814, -0.28588511124517396, 0.5625171551183652, -0.792038962238502, 0.45111750936082684, -0.0663799383310335, 0.06735497468728191, 0.6737250491709357, 0.6515534104193792, 0.5616147984968184, -0.32244085980965287, -0.6931418211962348, -0.6866883433739338, 0.1651133445077142, -0.6632870888421442, 0.3211600692186084, 0.003006324243192915, 0.43178872777536065, 0.7626628842548248, -0.08724694228425246, -0.7972736529278175, 0.4576606952222513, 0.723321504966865, -0.6961900399734222, -0.07434757117879537, 0.3815500785648678, -0.2591894702938908, -0.645257596993778, -0.31115407601979506, -0.43767504279404196, 0.42034140709346374, -0.9830274960117042, 0.503681953195714, 0.8914580571909975, 0.6614580617184825, 0.5236848461124561, 0.38199324061239087, 0.34876834029302906, 0.03878727625869547, -0.041016819306603544, -0.8914039426436167, -0.47820190393968764]",False
