timestamp,charge_kw,discharge_kw
2000-01-01 00:00:00,0.0,0.0
2000-01-01 00:15:00,0.0,0.0
2000-01-01 00:30:00,0.0,0.0
2000-01-01 00:45:00,0.0,0.0
2000-01-01 01:00:00,0.0,0.0
2000-01-01 01:15:00,0.0,0.0
2000-01-01 01:30:00,0.0,0.0
2000-01-01 01:45:00,0.0,0.0
2000-01-01 02:00:00,0.0,0.0
2000-01-01 02:15:00,0.0,0.0
2000-01-01 02:30:00,0.0,0.0
2000-01-01 02:45:00,0.0,0.0
2000-01-01 03:00:00,0.0,0.0
2000-01-01 03:15:00,0.0,0.0
2000-01-01 03:30:00,0.0,0.0
2000-01-01 03:45:00,0.0,0.0
2000-01-01 04:00:00,0.0,0.0
2000-01-01 04:15:00,0.0,0.0
2000-01-01 04:30:00,0.0,0.0
2000-01-01 04:45:00,0.0,0.0
2000-01-01 05:00:00,0.0,0.0
2000-01-01 05:15:00,0.0,0.0
2000-01-01 05:30:00,0.0,0.0
2000-01-01 05:45:00,0.0,0.0
2000-01-01 06:00:00,0.0,0.0
2000-01-01 06:15:00,0.0,0.0
2000-01-01 06:30:00,0.0,0.0
2000-01-01 06:45:00,0.0,0.0
2000-01-01 07:00:00,0.0,0.0
2000-01-01 07:15:00,0.0,0.0
2000-01-01 07:30:00,0.0,0.0
2000-01-01 07:45:00,0.0,0.0
2000-01-01 08:00:00,0.0,0.0
2000-01-01 08:15:00,0.0,0.0
2000-01-01 08:30:00,0.0,0.0
2000-01-01 08:45:00,0.0,0.0
2000-01-01 09:00:00,0.0,0.0
2000-01-01 09:15:00,0.0,0.0
2000-01-01 09:30:00,0.0,0.0
2000-01-01 09:45:00,0.0,0.0
2000-01-01 10:00:00,0.0,0.0
2000-01-01 10:15:00,0.0,0.0
2000-01-01 10:30:00,0.0,0.0
2000-01-01 10:45:00,0.0,0.0
2000-01-01 11:00:00,0.0,0.0
2000-01-01 11:15:00,0.0,0.0
2000-01-01 11:30:00,0.0,0.0
2000-01-01 11:45:00,0.0,0.0
2000-01-01 12:00:00,0.0,0.0
2000-01-01 12:15:00,0.0,0.0
2000-01-01 12:30:00,0.0,0.0
2000-01-01 12:45:00,0.0,0.0
2000-01-01 13:00:00,0.0,0.0
2000-01-01 13:15:00,0.0,0.0
2000-01-01 13:30:00,0.0,0.0
2000-01-01 13:45:00,0.0,0.0
2000-01-01 14:00:00,0.0,0.0
2000-01-01 14:15:00,0.0,0.0
2000-01-01 14:30:00,0.0,0.0
2000-01-01 14:45:00,0.0,0.0
2000-01-01 15:00:00,0.0,0.0
2000-01-01 15:15:00,0.0,0.0
2000-01-01 15:30:00,0.0,0.0
2000-01-01 15:45:00,0.0,0.0
2000-01-01 16:00:00,0.0,0.0
2000-01-01 16:15:00,0.0,0.0
2000-01-01 16:30:00,0.0,0.0
2000-01-01 16:45:00,0.0,0.0
2000-01-01 17:00:00,0.0,0.0
2000-01-01 17:15:00,0.0,0.0
2000-01-01 17:30:00,0.0,0.0
2000-01-01 17:45:00,0.0,0.0
2000-01-01 18:00:00,0.0,0.0
2000-01-01 18:15:00,0.0,0.0
2000-01-01 18:30:00,0.0,0.0
2000-01-01 18:45:00,0.0,0.0
2000-01-01 19:00:00,0.0,0.0
2000-01-01 19:15:00,0.0,0.0
2000-01-01 19:30:00,0.0,0.0
2000-01-01 19:45:00,0.0,0.0
2000-01-01 20:00:00,0.0,0.0
2000-01-01 20:15:00,0.0,0.0
2000-01-01 20:30:00,0.0,0.0
2000-01-01 20:45:00,0.0,0.0
2000-01-01 21:00:00,0.0,0.0
2000-01-01 21:15:00,0.0,0.0
2000-01-01 21:30:00,0.0,0.0
2000-01-01 21:45:00,0.0,0.0
2000-01-01 22:00:00,0.0,0.0
2000-01-01 22:15:00,0.0,0.0
2000-01-01 22:30:00,0.0,0.0
2000-01-01 22:45:00,0.0,0.0
2000-01-01 23:00:00,0.0,0.0
2000-01-01 23:15:00,0.0,0.0
2000-01-01 23:30:00,0.0,0.0
2000-01-01 23:45:00,0.0,0.0
2000-01-02 00:00:00,0.0,0.0
2000-01-02 00:15:00,0.0,0.0
2000-01-02 00:30:00,0.0,0.0
2000-01-02 00:45:00,0.0,0.0
2000-01-02 01:00:00,0.0,0.0
2000-01-02 01:15:00,-0.0,0.0
2000-01-02 01:30:00,0.0,0.0
2000-01-02 01:45:00,0.0,0.0
2000-01-02 02:00:00,0.0,0.0
2000-01-02 02:15:00,0.0,0.0
2000-01-02 02:30:00,0.0,0.0
2000-01-02 02:45:00,-0.0,0.0
2000-01-02 03:00:00,0.0,0.0
2000-01-02 03:15:00,122.92935681481276,0.0
2000-01-02 03:30:00,121.55720569518765,0.0
2000-01-02 03:45:00,129.13111384595996,0.0
2000-01-02 04:00:00,127.12925958680091,0.0
2000-01-02 04:15:00,125.44619777083649,0.0
2000-01-02 04:30:00,21.469904548907117,0.0
2000-01-02 04:45:00,124.4019724897695,0.0
2000-01-02 05:00:00,135.0933030277777,0.0
2000-01-02 05:15:00,135.6653159827713,0.0
2000-01-02 05:30:00,130.73189042901993,0.0
2000-01-02 05:45:00,119.24447980815677,0.0
2000-01-02 06:00:00,0.0,-0.0
2000-01-02 06:15:00,0.0,0.5839910459672524
2000-01-02 06:30:00,0.0,0.0
2000-01-02 06:45:00,0.0,0.0
2000-01-02 07:00:00,0.0,0.0
2000-01-02 07:15:00,0.0,0.0
2000-01-02 07:30:00,0.0,0.0
2000-01-02 07:45:00,0.0,0.0
2000-01-02 08:00:00,0.0,0.0
2000-01-02 08:15:00,0.0,0.0
2000-01-02 08:30:00,0.0,0.0
2000-01-02 08:45:00,0.0,0.0
2000-01-02 09:00:00,0.0,0.0
2000-01-02 09:15:00,0.0,0.0
2000-01-02 09:30:00,0.0,0.0
2000-01-02 09:45:00,0.0,0.0
2000-01-02 10:00:00,0.0,0.0
2000-01-02 10:15:00,0.0,0.0
2000-01-02 10:30:00,0.0,0.0
2000-01-02 10:45:00,0.0,0.0
2000-01-02 11:00:00,0.0,0.0
2000-01-02 11:15:00,0.0,0.0
2000-01-02 11:30:00,0.0,0.0
2000-01-02 11:45:00,0.0,0.0
2000-01-02 12:00:00,0.0,0.0
2000-01-02 12:15:00,0.0,0.0
2000-01-02 12:30:00,0.0,0.0
2000-01-02 12:45:00,0.0,0.0
2000-01-02 13:00:00,0.0,0.0
2000-01-02 13:15:00,0.0,0.0
2000-01-02 13:30:00,0.0,0.0
2000-01-02 13:45:00,0.0,0.0
2000-01-02 14:00:00,0.0,0.0
2000-01-02 14:15:00,0.0,0.0
2000-01-02 14:30:00,0.0,0.0
2000-01-02 14:45:00,0.0,0.0
2000-01-02 15:00:00,0.0,0.0
2000-01-02 15:15:00,0.0,0.0
2000-01-02 15:30:00,0.0,0.0
2000-01-02 15:45:00,0.0,0.0
2000-01-02 16:00:00,0.0,0.0
2000-01-02 16:15:00,0.6470814913765074,0.0
2000-01-02 16:30:00,0.0,0.0
2000-01-02 16:45:00,0.0,0.0
2000-01-02 17:00:00,0.0,0.0
2000-01-02 17:15:00,0.0,0.0
2000-01-02 17:30:00,0.0,0.0
2000-01-02 17:45:00,0.0,0.0
2000-01-02 18:00:00,0.0,67.52055901061902
2000-01-02 18:15:00,0.0,73.45580972539855
2000-01-02 18:30:00,0.0,0.0
2000-01-02 18:45:00,0.0,0.0
2000-01-02 19:00:00,0.0,0.0
2000-01-02 19:15:00,0.0,98.82854005553644
2000-01-02 19:30:00,0.0,25.593733876773
2000-01-02 19:45:00,0.0,137.84083803336767
2000-01-02 20:00:00,0.0,0.0
2000-01-02 20:15:00,0.0,73.07542474121655
2000-01-02 20:30:00,0.0,114.29916148666729
2000-01-02 20:45:00,0.0,127.42789825188419
2000-01-02 21:00:00,0.0,63.183281173780614
2000-01-02 21:15:00,0.0,70.6840270130158
2000-01-02 21:30:00,0.0,92.95813126545056
2000-01-02 21:45:00,0.0,100.13953054026558
2000-01-02 22:00:00,0.0,121.74506482602476
2000-01-02 22:15:00,0.0,-0.0
2000-01-02 22:30:00,0.0,0.0
2000-01-02 22:45:00,0.0,0.0
2000-01-02 23:00:00,0.0,-0.0
2000-01-02 23:15:00,0.0,0.0
2000-01-02 23:30:00,0.0,0.0
2000-01-02 23:45:00,0.0,-0.0
2000-01-03 00:00:00,-0.0,0.0
2000-01-03 00:15:00,0.0,0.0
2000-01-03 00:30:00,-0.0,0.0
2000-01-03 00:45:00,0.0,0.0
2000-01-03 01:00:00,-0.0,0.0
2000-01-03 01:15:00,0.0,0.0
2000-01-03 01:30:00,82.4692675199449,0.0
2000-01-03 01:45:00,82.70698883151802,0.0
2000-01-03 02:00:00,85.92027140747098,0.0
2000-01-03 02:15:00,0.0,0.0
2000-01-03 02:30:00,88.71672627670468,0.0
2000-01-03 02:45:00,68.14689476076865,0.0
2000-01-03 03:00:00,85.05670398608633,0.0
2000-01-03 03:15:00,79.85922827049086,0.0
2000-01-03 03:30:00,78.98155191009528,0.0
2000-01-03 03:45:00,79.25873966054209,0.0
2000-01-03 04:00:00,66.65959490514501,0.0
2000-01-03 04:15:00,69.81541880513339,0.0
2000-01-03 04:30:00,70.51077432655201,0.0
2000-01-03 04:45:00,68.46181584802403,0.0
2000-01-03 05:00:00,68.06780816485752,0.0
2000-01-03 05:15:00,72.62946048354299,0.0
2000-01-03 05:30:00,69.77125182621347,0.0
2000-01-03 05:45:00,75.76750301690966,0.0
2000-01-03 06:00:00,0.0,-0.0
2000-01-03 06:15:00,0.0,-0.0
2000-01-03 06:30:00,0.0,0.0
2000-01-03 06:45:00,0.0,0.0
2000-01-03 07:00:00,0.0,0.0
2000-01-03 07:15:00,0.0,0.0
2000-01-03 07:30:00,0.0,0.0
2000-01-03 07:45:00,0.0,0.0
2000-01-03 08:00:00,0.0,0.0
2000-01-03 08:15:00,0.0,0.0
2000-01-03 08:30:00,0.0,0.0
2000-01-03 08:45:00,0.0,0.0
2000-01-03 09:00:00,0.0,0.0
2000-01-03 09:15:00,0.0,0.0
2000-01-03 09:30:00,0.0,0.0
2000-01-03 09:45:00,0.0,0.0
2000-01-03 10:00:00,0.0,0.0
2000-01-03 10:15:00,0.0,0.0
2000-01-03 10:30:00,0.0,0.0
2000-01-03 10:45:00,0.0,0.0
2000-01-03 11:00:00,0.0,0.0
2000-01-03 11:15:00,0.0,0.0
2000-01-03 11:30:00,0.0,0.0
2000-01-03 11:45:00,0.0,0.0
2000-01-03 12:00:00,0.0,0.0
2000-01-03 12:15:00,0.0,0.0
2000-01-03 12:30:00,0.0,0.0
2000-01-03 12:45:00,0.0,0.0
2000-01-03 13:00:00,0.0,0.0
2000-01-03 13:15:00,0.0,0.0
2000-01-03 13:30:00,0.0,0.0
2000-01-03 13:45:00,0.0,0.0
2000-01-03 14:00:00,0.0,0.0
2000-01-03 14:15:00,0.0,0.0
2000-01-03 14:30:00,0.0,0.0
2000-01-03 14:45:00,0.0,0.0
2000-01-03 15:00:00,0.0,0.0
2000-01-03 15:15:00,0.0,0.0
2000-01-03 15:30:00,0.0,0.0
2000-01-03 15:45:00,0.0,0.0
2000-01-03 16:00:00,0.0,0.0
2000-01-03 16:15:00,0.0,0.0
2000-01-03 16:30:00,0.0,0.0
2000-01-03 16:45:00,0.0,0.0
2000-01-03 17:00:00,0.0,0.0
2000-01-03 17:15:00,0.0,0.0
2000-01-03 17:30:00,0.0,0.0
2000-01-03 17:45:00,0.0,0.0
2000-01-03 18:00:00,0.0,125.6345701641844
2000-01-03 18:15:00,0.0,176.17809775703464
2000-01-03 18:30:00,0.0,159.6828032187617
2000-01-03 18:45:00,0.0,131.39921528098742
2000-01-03 19:00:00,0.0,68.95805951548266
2000-01-03 19:15:00,0.0,53.603259386303
2000-01-03 19:30:00,0.0,65.63309515126477
2000-01-03 19:45:00,0.0,82.8510591402267
2000-01-03 20:00:00,0.0,92.29765651727612
2000-01-03 20:15:00,0.0,94.57951181131276
2000-01-03 20:30:00,0.0,0.0
2000-01-03 20:45:00,0.0,69.44919054037157
2000-01-03 21:00:00,0.0,0.0
2000-01-03 21:15:00,0.0,0.0
2000-01-03 21:30:00,0.0,38.349531913059096
2000-01-03 21:45:00,0.0,0.0
2000-01-03 22:00:00,0.0,8.135949603734758
2000-01-03 22:15:00,0.0,0.0
2000-01-03 22:30:00,20.961574998393285,0.0
2000-01-03 22:45:00,0.0,0.0
2000-01-03 23:00:00,0.0,0.0
2000-01-03 23:15:00,0.0,9.71547998058746
2000-01-03 23:30:00,0.0,9.202341455462474
2000-01-03 23:45:00,0.0,-0.0
2000-01-04 00:00:00,-0.0,0.0
2000-01-04 00:15:00,0.0,0.0
2000-01-04 00:30:00,-0.0,0.0
2000-01-04 00:45:00,46.466130722589554,0.0
2000-01-04 01:00:00,87.61208573628407,0.0
2000-01-04 01:15:00,48.78081632401755,0.0
2000-01-04 01:30:00,44.50402982797824,0.0
2000-01-04 01:45:00,74.54978818049759,0.0
2000-01-04 02:00:00,86.56566319441137,0.0
2000-01-04 02:15:00,84.97241121262687,0.0
2000-01-04 02:30:00,64.30251245608551,0.0
2000-01-04 02:45:00,0.0,0.0
2000-01-04 03:00:00,0.0,0.0
2000-01-04 03:15:00,56.27178218741338,0.0
2000-01-04 03:30:00,49.6936175905889,0.0
2000-01-04 03:45:00,53.18013715103547,0.0
2000-01-04 04:00:00,63.61500269390619,0.0
2000-01-04 04:15:00,75.86350709329301,0.0
2000-01-04 04:30:00,78.71284264186728,0.0
2000-01-04 04:45:00,80.66967562754135,0.0
2000-01-04 05:00:00,79.34297927535722,0.0
2000-01-04 05:15:00,70.13703098975682,0.0
2000-01-04 05:30:00,81.11649851128135,0.0
2000-01-04 05:45:00,66.44348858346838,0.0
2000-01-04 06:00:00,0.0,-0.0
2000-01-04 06:15:00,0.0,-0.0
2000-01-04 06:30:00,0.0,0.0
2000-01-04 06:45:00,0.0,0.0
2000-01-04 07:00:00,0.0,0.0
2000-01-04 07:15:00,0.0,0.0
2000-01-04 07:30:00,0.0,0.0
2000-01-04 07:45:00,0.0,0.0
2000-01-04 08:00:00,0.0,0.0
2000-01-04 08:15:00,0.0,0.0
2000-01-04 08:30:00,0.0,0.0
2000-01-04 08:45:00,0.0,0.0
2000-01-04 09:00:00,0.0,0.0
2000-01-04 09:15:00,0.0,0.0
2000-01-04 09:30:00,0.0,0.0
2000-01-04 09:45:00,0.0,0.0
2000-01-04 10:00:00,0.0,0.0
2000-01-04 10:15:00,0.0,0.0
2000-01-04 10:30:00,0.0,0.0
2000-01-04 10:45:00,0.0,0.0
2000-01-04 11:00:00,0.0,0.0
2000-01-04 11:15:00,0.0,0.0
2000-01-04 11:30:00,0.0,0.0
2000-01-04 11:45:00,0.0,0.0
2000-01-04 12:00:00,0.0,0.0
2000-01-04 12:15:00,0.0,0.0
2000-01-04 12:30:00,0.0,0.0
2000-01-04 12:45:00,0.0,0.0
2000-01-04 13:00:00,0.0,0.0
2000-01-04 13:15:00,0.0,0.0
2000-01-04 13:30:00,0.0,0.0
2000-01-04 13:45:00,0.0,0.0
2000-01-04 14:00:00,0.0,0.0
2000-01-04 14:15:00,0.0,0.0
2000-01-04 14:30:00,0.0,0.0
2000-01-04 14:45:00,0.0,0.0
2000-01-04 15:00:00,0.0,0.0
2000-01-04 15:15:00,0.0,0.0
2000-01-04 15:30:00,0.0,0.0
2000-01-04 15:45:00,0.0,0.0
2000-01-04 16:00:00,0.0,0.0
2000-01-04 16:15:00,0.0,0.0
2000-01-04 16:30:00,0.0,0.0
2000-01-04 16:45:00,0.0,0.0
2000-01-04 17:00:00,0.0,0.0
2000-01-04 17:15:00,0.0,0.0
2000-01-04 17:30:00,0.0,0.0
2000-01-04 17:45:00,0.0,0.0
2000-01-04 18:00:00,0.0,45.12592842582022
2000-01-04 18:15:00,0.0,80.59158100064647
2000-01-04 18:30:00,0.0,0.0
2000-01-04 18:45:00,0.0,0.0
2000-01-04 19:00:00,0.0,141.9253453849099
2000-01-04 19:15:00,0.0,113.28916516129004
2000-01-04 19:30:00,0.0,191.89999999999998
2000-01-04 19:45:00,0.0,186.01120167473192
2000-01-04 20:00:00,0.0,26.038531436156262
2000-01-04 20:15:00,0.0,49.675791144277326
2000-01-04 20:30:00,0.0,111.60037212442523
2000-01-04 20:45:00,0.0,92.34570719893921
2000-01-04 21:00:00,0.0,30.285843267403095
2000-01-04 21:15:00,0.0,24.60246444222878
2000-01-04 21:30:00,0.0,29.144387269943422
2000-01-04 21:45:00,0.0,32.22315221991218
2000-01-04 22:00:00,0.0,11.992529249315908
2000-01-04 22:15:00,0.0,-0.0
2000-01-04 22:30:00,0.0,0.0
2000-01-04 22:45:00,0.0,0.0
2000-01-04 23:00:00,0.0,-0.0
2000-01-04 23:15:00,0.0,0.0
2000-01-04 23:30:00,0.0,0.0
2000-01-04 23:45:00,0.0,-0.0
2000-01-05 00:00:00,0.0,0.0
2000-01-05 00:15:00,0.0,0.0
2000-01-05 00:30:00,0.0,0.0
2000-01-05 00:45:00,-0.0,0.0
2000-01-05 01:00:00,0.0,0.0
2000-01-05 01:15:00,84.78777267902237,0.0
2000-01-05 01:30:00,0.0,0.0
2000-01-05 01:45:00,0.0,0.0
2000-01-05 02:00:00,67.74552166199287,0.0
2000-01-05 02:15:00,84.39155794842853,0.0
2000-01-05 02:30:00,0.0,0.0
2000-01-05 02:45:00,0.0,0.0
2000-01-05 03:00:00,85.36763097843439,0.0
2000-01-05 03:15:00,89.53721662360044,0.0
2000-01-05 03:30:00,86.49529681409432,0.0
2000-01-05 03:45:00,88.29827043368795,0.0
2000-01-05 04:00:00,89.1601053425266,0.0
2000-01-05 04:15:00,94.35931557664377,0.0
2000-01-05 04:30:00,94.83783371710956,0.0
2000-01-05 04:45:00,88.17621107170022,0.0
2000-01-05 05:00:00,89.26523860082423,0.0
2000-01-05 05:15:00,85.48142077358553,0.0
2000-01-05 05:30:00,83.29212330209705,0.0
2000-01-05 05:45:00,81.60448447625186,0.0
2000-01-05 06:00:00,0.0,-0.0
2000-01-05 06:15:00,0.0,0.0
2000-01-05 06:30:00,0.0,-0.0
2000-01-05 06:45:00,0.0,0.0
2000-01-05 07:00:00,0.0,0.0
2000-01-05 07:15:00,0.0,0.0
2000-01-05 07:30:00,0.0,0.0
2000-01-05 07:45:00,0.0,0.0
2000-01-05 08:00:00,0.0,0.0
2000-01-05 08:15:00,0.0,0.0
2000-01-05 08:30:00,0.0,0.0
2000-01-05 08:45:00,0.0,0.0
2000-01-05 09:00:00,0.0,0.0
2000-01-05 09:15:00,0.0,0.0
2000-01-05 09:30:00,0.0,0.0
2000-01-05 09:45:00,0.0,0.0
2000-01-05 10:00:00,0.0,0.0
2000-01-05 10:15:00,0.0,0.0
2000-01-05 10:30:00,0.0,0.0
2000-01-05 10:45:00,0.0,0.0
2000-01-05 11:00:00,0.0,0.0
2000-01-05 11:15:00,0.0,0.0
2000-01-05 11:30:00,0.0,0.0
2000-01-05 11:45:00,0.0,0.0
2000-01-05 12:00:00,0.0,0.0
2000-01-05 12:15:00,0.0,0.0
2000-01-05 12:30:00,0.0,0.0
2000-01-05 12:45:00,0.0,0.0
2000-01-05 13:00:00,0.0,0.0
2000-01-05 13:15:00,0.0,0.0
2000-01-05 13:30:00,0.0,0.0
2000-01-05 13:45:00,0.0,0.0
2000-01-05 14:00:00,0.0,0.0
2000-01-05 14:15:00,0.0,0.0
2000-01-05 14:30:00,0.0,0.0
2000-01-05 14:45:00,0.0,0.0
2000-01-05 15:00:00,0.0,0.0
2000-01-05 15:15:00,0.0,0.0
2000-01-05 15:30:00,0.0,0.0
2000-01-05 15:45:00,0.0,0.0
2000-01-05 16:00:00,0.0,0.0
2000-01-05 16:15:00,0.0,0.0
2000-01-05 16:30:00,0.0,0.0
2000-01-05 16:45:00,0.0,0.0
2000-01-05 17:00:00,0.0,0.0
2000-01-05 17:15:00,0.0,0.0
2000-01-05 17:30:00,0.0,47.759148410109475
2000-01-05 17:45:00,0.0,112.95122119022733
2000-01-05 18:00:00,0.0,117.98688544006797
2000-01-05 18:15:00,0.0,59.77982259873727
2000-01-05 18:30:00,0.0,87.46124758615403
2000-01-05 18:45:00,0.0,36.0344161202278
2000-01-05 19:00:00,0.0,156.16409945298412
2000-01-05 19:15:00,0.0,46.008067461151796
2000-01-05 19:30:00,0.0,37.36345655249369
2000-01-05 19:45:00,0.0,46.512523072339405
2000-01-05 20:00:00,0.0,55.78220097680577
2000-01-05 20:15:00,0.0,9.390862437586847
2000-01-05 20:30:00,0.0,0.0
2000-01-05 20:45:00,0.0,8.989534478084536
2000-01-05 21:00:00,0.0,108.56891130557332
2000-01-05 21:15:00,0.0,131.30951415338475
2000-01-05 21:30:00,0.0,91.25981728090568
2000-01-05 21:45:00,0.0,13.430271483165924
2000-01-05 22:00:00,7.423017646093433,0.0
2000-01-05 22:15:00,1.563496881530284,0.0
2000-01-05 22:30:00,0.0,8.110329361180405
2000-01-05 22:45:00,0.0,0.0
2000-01-05 23:00:00,0.0,0.0
2000-01-05 23:15:00,0.0,-0.0
2000-01-05 23:30:00,0.0,-0.0
2000-01-05 23:45:00,0.0,-0.0
2000-01-06 00:00:00,-0.0,0.0
2000-01-06 00:15:00,0.0,0.0
2000-01-06 00:30:00,-0.0,0.0
2000-01-06 00:45:00,-0.0,0.0
2000-01-06 01:00:00,44.91276589708603,0.0
2000-01-06 01:15:00,41.57619764966198,0.0
2000-01-06 01:30:00,0.0,0.0
2000-01-06 01:45:00,0.0,0.0
2000-01-06 02:00:00,57.14204452147193,0.0
2000-01-06 02:15:00,56.56166121643436,0.0
2000-01-06 02:30:00,53.49584092685326,0.0
2000-01-06 02:45:00,52.094586415967356,0.0
2000-01-06 03:00:00,53.10536597623317,0.0
2000-01-06 03:15:00,57.03503214904245,0.0
2000-01-06 03:30:00,60.72598059253781,0.0
2000-01-06 03:45:00,100.78895717630976,0.0
2000-01-06 04:00:00,104.00045317181888,0.0
2000-01-06 04:15:00,99.78715386025611,0.0
2000-01-06 04:30:00,98.52146777863896,0.0
2000-01-06 04:45:00,104.14360248003352,0.0
2000-01-06 05:00:00,115.7195521062192,0.0
2000-01-06 05:15:00,95.79016612823632,0.0
2000-01-06 05:30:00,77.5089723448375,0.0
2000-01-06 05:45:00,19.89019960836137,0.0
2000-01-06 06:00:00,0.0,0.0
2000-01-06 06:15:00,0.0,0.0
2000-01-06 06:30:00,0.0,0.0
2000-01-06 06:45:00,0.0,0.0
2000-01-06 07:00:00,0.0,2.1892829104774876
2000-01-06 07:15:00,0.0,0.0
2000-01-06 07:30:00,0.0,0.0
2000-01-06 07:45:00,0.0,0.0
2000-01-06 08:00:00,0.0,0.0
2000-01-06 08:15:00,0.0,0.0
2000-01-06 08:30:00,0.0,0.0
2000-01-06 08:45:00,0.0,0.0
2000-01-06 09:00:00,0.0,0.0
2000-01-06 09:15:00,0.0,0.0
2000-01-06 09:30:00,0.0,0.0
2000-01-06 09:45:00,0.0,0.0
2000-01-06 10:00:00,0.0,0.0
2000-01-06 10:15:00,0.0,0.0
2000-01-06 10:30:00,0.0,0.0
2000-01-06 10:45:00,0.0,0.0
2000-01-06 11:00:00,0.0,0.0
2000-01-06 11:15:00,0.0,0.0
2000-01-06 11:30:00,0.0,0.0
2000-01-06 11:45:00,0.0,0.0
2000-01-06 12:00:00,0.0,0.0
2000-01-06 12:15:00,0.0,0.0
2000-01-06 12:30:00,0.0,0.0
2000-01-06 12:45:00,0.0,0.0
2000-01-06 13:00:00,0.0,0.0
2000-01-06 13:15:00,0.0,0.0
2000-01-06 13:30:00,0.0,0.0
2000-01-06 13:45:00,0.0,0.0
2000-01-06 14:00:00,0.0,0.0
2000-01-06 14:15:00,0.0,0.0
2000-01-06 14:30:00,0.0,0.0
2000-01-06 14:45:00,0.0,0.0
2000-01-06 15:00:00,0.0,0.0
2000-01-06 15:15:00,0.0,0.0
2000-01-06 15:30:00,0.0,0.0
2000-01-06 15:45:00,0.0,0.0
2000-01-06 16:00:00,0.0,0.0
2000-01-06 16:15:00,0.0,0.0
2000-01-06 16:30:00,0.0,0.0
2000-01-06 16:45:00,0.0,0.0
2000-01-06 17:00:00,0.0,0.0
2000-01-06 17:15:00,0.0,0.0
2000-01-06 17:30:00,2.425798238756263,0.0
2000-01-06 17:45:00,0.0,0.0
2000-01-06 18:00:00,0.0,53.65706873286321
2000-01-06 18:15:00,0.0,63.544623571311305
2000-01-06 18:30:00,0.0,84.71020543049022
2000-01-06 18:45:00,0.0,191.89999999999998
2000-01-06 19:00:00,0.0,191.89999999999998
2000-01-06 19:15:00,0.0,91.886287936799
2000-01-06 19:30:00,0.0,89.1443666007283
2000-01-06 19:45:00,0.0,23.71490221838752
2000-01-06 20:00:00,0.0,59.762467919024004
2000-01-06 20:15:00,0.0,91.87025872723092
2000-01-06 20:30:00,0.0,99.64469180687519
2000-01-06 20:45:00,0.0,39.032225546490736
2000-01-06 21:00:00,0.0,4.048706545627823
2000-01-06 21:15:00,0.0,17.14078545178657
2000-01-06 21:30:00,0.0,29.850037225831585
2000-01-06 21:45:00,0.0,30.87379028193044
2000-01-06 22:00:00,0.0,4.07158200462311
2000-01-06 22:15:00,1.8504984523946777,0.0
2000-01-06 22:30:00,0.0,0.0
2000-01-06 22:45:00,0.0,0.0
2000-01-06 23:00:00,0.0,1.670074853286195
2000-01-06 23:15:00,0.0,0.0
2000-01-06 23:30:00,0.0,-0.0
2000-01-06 23:45:00,0.0,-0.0
2000-01-07 00:00:00,-0.0,0.0
2000-01-07 00:15:00,58.660787557912045,0.0
2000-01-07 00:30:00,0.0,0.0
2000-01-07 00:45:00,0.0,0.0
2000-01-07 01:00:00,65.52794432450588,0.0
2000-01-07 01:15:00,60.17365966365031,0.0
2000-01-07 01:30:00,0.0,0.0
2000-01-07 01:45:00,0.0,0.0
2000-01-07 02:00:00,36.31920375082742,0.0
2000-01-07 02:15:00,57.12358197813674,0.0
2000-01-07 02:30:00,63.3729691886132,0.0
2000-01-07 02:45:00,61.62210339629101,0.0
2000-01-07 03:00:00,51.32644989760925,0.0
2000-01-07 03:15:00,50.71761512542258,0.0
2000-01-07 03:30:00,48.85218274925869,0.0
2000-01-07 03:45:00,60.912337031071075,0.0
2000-01-07 04:00:00,59.04620303531384,0.0
2000-01-07 04:15:00,61.00034944902245,0.0
2000-01-07 04:30:00,64.55584942371328,0.0
2000-01-07 04:45:00,61.00535915081393,0.0
2000-01-07 05:00:00,98.95215560210845,0.0
2000-01-07 05:15:00,108.99325601884875,0.0
2000-01-07 05:30:00,109.57899814149522,0.0
2000-01-07 05:45:00,115.05899451538559,0.0
2000-01-07 06:00:00,0.0,-0.0
2000-01-07 06:15:00,0.0,0.0
2000-01-07 06:30:00,0.0,0.0
2000-01-07 06:45:00,0.0,0.0
2000-01-07 07:00:00,0.0,0.0
2000-01-07 07:15:00,0.0,0.0
2000-01-07 07:30:00,0.0,0.0
2000-01-07 07:45:00,0.0,0.0
2000-01-07 08:00:00,0.0,0.0
2000-01-07 08:15:00,0.0,0.0
2000-01-07 08:30:00,0.0,0.0
2000-01-07 08:45:00,0.0,0.0
2000-01-07 09:00:00,0.0,0.0
2000-01-07 09:15:00,0.0,0.0
2000-01-07 09:30:00,0.0,0.0
2000-01-07 09:45:00,0.0,0.0
2000-01-07 10:00:00,0.0,0.0
2000-01-07 10:15:00,0.0,0.0
2000-01-07 10:30:00,0.0,0.0
2000-01-07 10:45:00,0.0,0.0
2000-01-07 11:00:00,0.0,0.0
2000-01-07 11:15:00,0.0,0.0
2000-01-07 11:30:00,0.0,0.0
2000-01-07 11:45:00,0.0,0.0
2000-01-07 12:00:00,0.0,0.0
2000-01-07 12:15:00,0.0,0.0
2000-01-07 12:30:00,0.0,0.0
2000-01-07 12:45:00,0.0,0.0
2000-01-07 13:00:00,0.0,0.0
2000-01-07 13:15:00,0.0,0.0
2000-01-07 13:30:00,0.0,0.0
2000-01-07 13:45:00,0.0,0.0
2000-01-07 14:00:00,0.0,0.0
2000-01-07 14:15:00,0.0,0.0
2000-01-07 14:30:00,0.0,0.0
2000-01-07 14:45:00,0.0,0.0
2000-01-07 15:00:00,0.0,0.0
2000-01-07 15:15:00,0.0,0.0
2000-01-07 15:30:00,0.0,0.0
2000-01-07 15:45:00,0.0,0.0
2000-01-07 16:00:00,0.0,0.0
2000-01-07 16:15:00,0.0,0.0
2000-01-07 16:30:00,0.0,0.0
2000-01-07 16:45:00,0.0,0.0
2000-01-07 17:00:00,0.0,0.0
2000-01-07 17:15:00,0.0,5.250088529112738
2000-01-07 17:30:00,5.817272608435167,0.0
2000-01-07 17:45:00,0.0,50.94611401074914
2000-01-07 18:00:00,0.0,65.12659733618426
2000-01-07 18:15:00,0.0,72.53764844113707
2000-01-07 18:30:00,0.0,112.04436753389282
2000-01-07 18:45:00,0.0,42.87336444521952
2000-01-07 19:00:00,0.0,9.383592820945779
2000-01-07 19:15:00,0.0,139.81309628808995
2000-01-07 19:30:00,0.0,114.4626709893214
2000-01-07 19:45:00,0.0,135.78769050912928
2000-01-07 20:00:00,0.0,163.58819859003256
2000-01-07 20:15:00,0.0,105.47746169446762
2000-01-07 20:30:00,0.0,62.51282735509551
2000-01-07 20:45:00,0.0,54.3263477197757
2000-01-07 21:00:00,0.0,37.87202226595946
2000-01-07 21:15:00,0.0,0.0
2000-01-07 21:30:00,0.0,-0.0
2000-01-07 21:45:00,0.0,-0.0
2000-01-07 22:00:00,0.0,0.0
2000-01-07 22:15:00,0.0,0.0
2000-01-07 22:30:00,0.0,0.0
2000-01-07 22:45:00,0.0,0.0
2000-01-07 23:00:00,0.0,-0.0
2000-01-07 23:15:00,0.0,0.0
2000-01-07 23:30:00,0.0,-0.0
2000-01-07 23:45:00,0.0,-0.0
2000-01-08 00:00:00,39.450190267118316,0.0
2000-01-08 00:15:00,59.25468140278718,0.0
2000-01-08 00:30:00,59.84349699020872,0.0
2000-01-08 00:45:00,50.627520396994505,0.0
2000-01-08 01:00:00,48.542543126588,0.0
2000-01-08 01:15:00,48.818516203074964,0.0
2000-01-08 01:30:00,53.19081022125525,0.0
2000-01-08 01:45:00,48.8993003409594,0.0
2000-01-08 02:00:00,35.827186253718025,0.0
2000-01-08 02:15:00,37.86833566877675,0.0
2000-01-08 02:30:00,51.63236346575259,0.0
2000-01-08 02:45:00,65.6465501930533,0.0
2000-01-08 03:00:00,68.85242355728714,0.0
2000-01-08 03:15:00,69.78838937550604,0.0
2000-01-08 03:30:00,70.47541859719561,0.0
2000-01-08 03:45:00,72.90452849786294,0.0
2000-01-08 04:00:00,73.85687979827722,0.0
2000-01-08 04:15:00,78.20265052705778,0.0
2000-01-08 04:30:00,75.75621601355489,0.0
2000-01-08 04:45:00,74.33504007020284,0.0
2000-01-08 05:00:00,56.58027063345334,0.0
2000-01-08 05:15:00,29.2426066057008,0.0
2000-01-08 05:30:00,23.20408179361604,0.0
2000-01-08 05:45:00,0.0,49.28330675139583
2000-01-08 06:00:00,0.0,0.0
2000-01-08 06:15:00,0.0,0.0
2000-01-08 06:30:00,0.0,0.0
2000-01-08 06:45:00,0.0,0.0
2000-01-08 07:00:00,0.0,0.0
2000-01-08 07:15:00,0.0,0.0
2000-01-08 07:30:00,0.0,0.0
2000-01-08 07:45:00,0.0,0.0
2000-01-08 08:00:00,0.0,0.0
2000-01-08 08:15:00,0.0,0.0
2000-01-08 08:30:00,0.0,0.0
2000-01-08 08:45:00,0.0,0.0
2000-01-08 09:00:00,0.0,0.0
2000-01-08 09:15:00,0.0,0.0
2000-01-08 09:30:00,0.0,0.0
2000-01-08 09:45:00,0.0,0.0
2000-01-08 10:00:00,0.0,0.0
2000-01-08 10:15:00,0.0,0.0
2000-01-08 10:30:00,0.0,0.0
2000-01-08 10:45:00,0.0,0.0
2000-01-08 11:00:00,0.0,0.0
2000-01-08 11:15:00,0.0,0.0
2000-01-08 11:30:00,0.0,0.0
2000-01-08 11:45:00,0.0,0.0
2000-01-08 12:00:00,0.0,0.0
2000-01-08 12:15:00,0.0,0.0
2000-01-08 12:30:00,0.0,0.0
2000-01-08 12:45:00,0.0,0.0
2000-01-08 13:00:00,0.0,0.0
2000-01-08 13:15:00,0.0,0.0
2000-01-08 13:30:00,0.0,0.0
2000-01-08 13:45:00,0.0,0.0
2000-01-08 14:00:00,0.0,0.0
2000-01-08 14:15:00,0.0,0.0
2000-01-08 14:30:00,0.0,0.0
2000-01-08 14:45:00,0.0,0.0
2000-01-08 15:00:00,0.0,0.0
2000-01-08 15:15:00,0.0,0.0
2000-01-08 15:30:00,0.0,0.0
2000-01-08 15:45:00,0.0,0.0
2000-01-08 16:00:00,0.0,0.0
2000-01-08 16:15:00,0.0,0.0
2000-01-08 16:30:00,0.0,0.0
2000-01-08 16:45:00,0.0,0.0
2000-01-08 17:00:00,0.0,0.0
2000-01-08 17:15:00,54.60754210680989,0.0
2000-01-08 17:30:00,0.0,0.0
2000-01-08 17:45:00,0.0,0.0
2000-01-08 18:00:00,0.0,23.95240958610702
2000-01-08 18:15:00,0.0,28.12645065799704
2000-01-08 18:30:00,0.0,51.49211228689966
2000-01-08 18:45:00,0.0,105.70798565829962
2000-01-08 19:00:00,0.0,65.20359273153046
2000-01-08 19:15:00,0.0,51.170878232910404
2000-01-08 19:30:00,0.0,42.82534087382572
2000-01-08 19:45:00,0.0,191.89999999999998
2000-01-08 20:00:00,0.0,191.89999999999998
2000-01-08 20:15:00,0.0,119.19975886186376
2000-01-08 20:30:00,0.0,162.30549887441836
2000-01-08 20:45:00,0.0,125.04350531318492
2000-01-08 21:00:00,0.0,7.924466922962864
2000-01-08 21:15:00,0.0,0.0
2000-01-08 21:30:00,0.0,0.0
2000-01-08 21:45:00,0.0,-0.0
2000-01-08 22:00:00,0.0,0.0
2000-01-08 22:15:00,0.0,-0.0
2000-01-08 22:30:00,0.0,-0.0
2000-01-08 22:45:00,0.0,0.0
2000-01-08 23:00:00,0.0,0.0
2000-01-08 23:15:00,0.0,0.0
2000-01-08 23:30:00,0.0,0.0
2000-01-08 23:45:00,0.0,-0.0
2000-01-09 00:00:00,-0.0,0.0
2000-01-09 00:15:00,-0.0,0.0
2000-01-09 00:30:00,-0.0,0.0
2000-01-09 00:45:00,0.0,0.0
2000-01-09 01:00:00,-0.0,0.0
2000-01-09 01:15:00,-0.0,0.0
2000-01-09 01:30:00,-0.0,0.0
2000-01-09 01:45:00,0.0,0.0
2000-01-09 02:00:00,0.0,0.0
2000-01-09 02:15:00,0.0,0.0
2000-01-09 02:30:00,0.0,0.0
2000-01-09 02:45:00,0.0,0.0
2000-01-09 03:00:00,0.0,0.0
2000-01-09 03:15:00,145.5259374387117,0.0
2000-01-09 03:30:00,0.0,0.0
2000-01-09 03:45:00,147.91568209124245,0.0
2000-01-09 04:00:00,0.0,0.0
2000-01-09 04:15:00,125.21797196502976,0.0
2000-01-09 04:30:00,131.45536431871912,0.0
2000-01-09 04:45:00,149.92450012241108,0.0
2000-01-09 05:00:00,152.94346968954903,0.0
2000-01-09 05:15:00,150.7188491348353,0.0
2000-01-09 05:30:00,150.6740005790424,0.0
2000-01-09 05:45:00,138.424224660459,0.0
2000-01-09 06:00:00,0.0,-0.0
2000-01-09 06:15:00,0.0,-0.0
2000-01-09 06:30:00,0.0,0.0
2000-01-09 06:45:00,0.0,0.0
2000-01-09 07:00:00,0.0,0.0
2000-01-09 07:15:00,0.0,0.0
2000-01-09 07:30:00,0.0,0.0
2000-01-09 07:45:00,0.0,0.0
2000-01-09 08:00:00,0.0,0.0
2000-01-09 08:15:00,0.0,0.0
2000-01-09 08:30:00,0.0,0.0
2000-01-09 08:45:00,0.0,0.0
2000-01-09 09:00:00,0.0,0.0
2000-01-09 09:15:00,0.0,0.0
2000-01-09 09:30:00,0.0,0.0
2000-01-09 09:45:00,0.0,0.0
2000-01-09 10:00:00,0.0,0.0
2000-01-09 10:15:00,0.0,0.0
2000-01-09 10:30:00,0.0,0.0
2000-01-09 10:45:00,0.0,0.0
2000-01-09 11:00:00,0.0,0.0
2000-01-09 11:15:00,0.0,0.0
2000-01-09 11:30:00,0.0,0.0
2000-01-09 11:45:00,0.0,0.0
2000-01-09 12:00:00,0.0,0.0
2000-01-09 12:15:00,0.0,0.0
2000-01-09 12:30:00,0.0,0.0
2000-01-09 12:45:00,0.0,0.0
2000-01-09 13:00:00,0.0,0.0
2000-01-09 13:15:00,0.0,0.0
2000-01-09 13:30:00,0.0,0.0
2000-01-09 13:45:00,0.0,0.0
2000-01-09 14:00:00,0.0,0.0
2000-01-09 14:15:00,0.0,0.0
2000-01-09 14:30:00,0.0,0.0
2000-01-09 14:45:00,0.0,0.0
2000-01-09 15:00:00,0.0,0.0
2000-01-09 15:15:00,0.0,0.0
2000-01-09 15:30:00,0.0,0.0
2000-01-09 15:45:00,0.0,0.0
2000-01-09 16:00:00,0.0,0.0
2000-01-09 16:15:00,0.0,0.0
2000-01-09 16:30:00,0.0,0.0
2000-01-09 16:45:00,0.0,0.0
2000-01-09 17:00:00,0.0,0.0
2000-01-09 17:15:00,0.0,0.0
2000-01-09 17:30:00,0.0,0.0
2000-01-09 17:45:00,0.0,0.0
2000-01-09 18:00:00,0.0,34.96206349441122
2000-01-09 18:15:00,0.0,27.771430974526638
2000-01-09 18:30:00,0.0,30.5148879709816
2000-01-09 18:45:00,0.0,32.76481667870091
2000-01-09 19:00:00,0.0,41.371388142277844
2000-01-09 19:15:00,0.0,36.235865371735756
2000-01-09 19:30:00,0.0,37.191960558276286
2000-01-09 19:45:00,0.0,83.41945470112798
2000-01-09 20:00:00,0.0,53.417726868212746
2000-01-09 20:15:00,0.0,57.65085462250565
2000-01-09 20:30:00,0.0,0.0
2000-01-09 20:45:00,0.0,191.8218211693212
2000-01-09 21:00:00,0.0,191.89999999999998
2000-01-09 21:15:00,0.0,191.89999999999998
2000-01-09 21:30:00,0.0,112.0791051677792
2000-01-09 21:45:00,0.0,8.249910749288668
2000-01-09 22:00:00,0.0,35.5007135308544
2000-01-09 22:15:00,0.0,-0.0
2000-01-09 22:30:00,0.0,0.0
2000-01-09 22:45:00,0.0,0.0
2000-01-09 23:00:00,0.0,0.0
2000-01-09 23:15:00,0.0,-0.0
2000-01-09 23:30:00,0.0,-0.0
2000-01-09 23:45:00,0.0,-0.0
2000-01-10 00:00:00,0.0,0.0
2000-01-10 00:15:00,0.0,0.0
2000-01-10 00:30:00,0.0,0.0
2000-01-10 00:45:00,0.0,0.0
2000-01-10 01:00:00,0.0,0.0
2000-01-10 01:15:00,0.0,0.0
2000-01-10 01:30:00,0.0,0.0
2000-01-10 01:45:00,0.0,0.0
2000-01-10 02:00:00,0.0,0.0
2000-01-10 02:15:00,0.0,0.0
2000-01-10 02:30:00,0.0,0.0
2000-01-10 02:45:00,0.0,0.0
2000-01-10 03:00:00,118.47596357003198,0.0
2000-01-10 03:15:00,124.06251223911576,0.0
2000-01-10 03:30:00,124.6917961182651,0.0
2000-01-10 03:45:00,130.7064372450001,0.0
2000-01-10 04:00:00,84.22462261969198,0.0
2000-01-10 04:15:00,125.98225224402155,0.0
2000-01-10 04:30:00,125.40944256771152,0.0
2000-01-10 04:45:00,129.9922842994092,0.0
2000-01-10 05:00:00,132.66862271938675,0.0
2000-01-10 05:15:00,115.69837821345001,0.0
2000-01-10 05:30:00,0.0,0.0
2000-01-10 05:45:00,80.88768816391607,0.0
2000-01-10 06:00:00,0.0,-0.0
2000-01-10 06:15:00,0.0,0.0
2000-01-10 06:30:00,0.0,0.0
2000-01-10 06:45:00,0.0,0.0
2000-01-10 07:00:00,0.0,0.0
2000-01-10 07:15:00,0.0,0.0
2000-01-10 07:30:00,0.0,0.0
2000-01-10 07:45:00,0.0,0.0
2000-01-10 08:00:00,0.0,0.0
2000-01-10 08:15:00,0.0,0.0
2000-01-10 08:30:00,0.0,0.0
2000-01-10 08:45:00,0.0,0.0
2000-01-10 09:00:00,0.0,0.0
2000-01-10 09:15:00,0.0,0.0
2000-01-10 09:30:00,0.0,0.0
2000-01-10 09:45:00,0.0,0.0
2000-01-10 10:00:00,0.0,0.0
2000-01-10 10:15:00,0.0,0.0
2000-01-10 10:30:00,0.0,0.0
2000-01-10 10:45:00,0.0,0.0
2000-01-10 11:00:00,0.0,0.0
2000-01-10 11:15:00,0.0,0.0
2000-01-10 11:30:00,0.0,0.0
2000-01-10 11:45:00,0.0,0.0
2000-01-10 12:00:00,0.0,0.0
2000-01-10 12:15:00,0.0,0.0
2000-01-10 12:30:00,0.0,0.0
2000-01-10 12:45:00,0.0,0.0
2000-01-10 13:00:00,0.0,0.0
2000-01-10 13:15:00,0.0,0.0
2000-01-10 13:30:00,0.0,0.0
2000-01-10 13:45:00,0.0,0.0
2000-01-10 14:00:00,0.0,0.0
2000-01-10 14:15:00,0.0,0.0
2000-01-10 14:30:00,0.0,0.0
2000-01-10 14:45:00,0.0,0.0
2000-01-10 15:00:00,0.0,0.0
2000-01-10 15:15:00,0.0,0.0
2000-01-10 15:30:00,0.0,7.329594082235161
2000-01-10 15:45:00,0.0,50.44465793416356
2000-01-10 16:00:00,4.873122951651112,0.0
2000-01-10 16:15:00,9.66923115503194,0.0
2000-01-10 16:30:00,27.022182522221215,0.0
2000-01-10 16:45:00,22.451255079016704,0.0
2000-01-10 17:00:00,0.0,28.946443540989492
2000-01-10 17:15:00,0.0,4.339413061691744
2000-01-10 17:30:00,24.33422461339797,0.0
2000-01-10 17:45:00,12.547610957439929,0.0
2000-01-10 18:00:00,0.0,47.32249197722122
2000-01-10 18:15:00,0.0,152.58665298043292
2000-01-10 18:30:00,0.0,158.0641303845529
2000-01-10 18:45:00,0.0,155.81235318165537
2000-01-10 19:00:00,0.0,191.89999999999998
2000-01-10 19:15:00,0.0,191.89999999999998
2000-01-10 19:30:00,0.0,63.44184827431522
2000-01-10 19:45:00,0.0,20.56909917392676
2000-01-10 20:00:00,0.0,51.97330346616175
2000-01-10 20:15:00,0.0,31.454062508885386
2000-01-10 20:30:00,0.0,48.32568742408077
2000-01-10 20:45:00,0.0,24.40200969692313
2000-01-10 21:00:00,0.0,18.04405393501048
2000-01-10 21:15:00,0.0,0.0
2000-01-10 21:30:00,0.0,10.956306996834087
2000-01-10 21:45:00,0.0,-0.0
2000-01-10 22:00:00,0.0,0.0
2000-01-10 22:15:00,0.0,0.0
2000-01-10 22:30:00,0.0,0.0
2000-01-10 22:45:00,0.0,0.0
2000-01-10 23:00:00,0.0,-0.0
2000-01-10 23:15:00,0.0,0.0
2000-01-10 23:30:00,0.0,-0.0
2000-01-10 23:45:00,0.0,-0.0
2000-01-11 00:00:00,-0.0,0.0
2000-01-11 00:15:00,-0.0,0.0
2000-01-11 00:30:00,0.0,0.0
2000-01-11 00:45:00,0.0,0.0
2000-01-11 01:00:00,0.0,0.0
2000-01-11 01:15:00,0.0,0.0
2000-01-11 01:30:00,-0.0,0.0
2000-01-11 01:45:00,91.48956760236395,0.0
2000-01-11 02:00:00,0.0,0.0
2000-01-11 02:15:00,0.0,0.0
2000-01-11 02:30:00,0.0,0.0
2000-01-11 02:45:00,0.0,0.0
2000-01-11 03:00:00,104.55596907182313,0.0
2000-01-11 03:15:00,0.0,0.0
2000-01-11 03:30:00,99.24642748139341,0.0
2000-01-11 03:45:00,103.7797952901277,0.0
2000-01-11 04:00:00,106.79549277847052,0.0
2000-01-11 04:15:00,110.14531351342383,0.0
2000-01-11 04:30:00,114.37179392993603,0.0
2000-01-11 04:45:00,115.37754268832876,0.0
2000-01-11 05:00:00,112.29412962157326,0.0
2000-01-11 05:15:00,110.10312076644881,0.0
2000-01-11 05:30:00,118.31806882655957,0.0
2000-01-11 05:45:00,106.3227784295508,0.0
2000-01-11 06:00:00,0.0,-0.0
2000-01-11 06:15:00,0.0,-0.0
2000-01-11 06:30:00,0.0,0.0
2000-01-11 06:45:00,0.0,0.0
2000-01-11 07:00:00,0.0,0.0
2000-01-11 07:15:00,0.0,0.0
2000-01-11 07:30:00,0.0,0.0
2000-01-11 07:45:00,0.0,0.0
2000-01-11 08:00:00,0.0,0.0
2000-01-11 08:15:00,0.0,0.0
2000-01-11 08:30:00,0.0,0.0
2000-01-11 08:45:00,0.0,0.0
2000-01-11 09:00:00,0.0,0.0
2000-01-11 09:15:00,0.0,0.0
2000-01-11 09:30:00,0.0,0.0
2000-01-11 09:45:00,0.0,0.0
2000-01-11 10:00:00,0.0,0.0
2000-01-11 10:15:00,0.0,0.0
2000-01-11 10:30:00,0.0,0.0
2000-01-11 10:45:00,0.0,0.0
2000-01-11 11:00:00,0.0,0.0
2000-01-11 11:15:00,0.0,0.0
2000-01-11 11:30:00,0.0,0.0
2000-01-11 11:45:00,0.0,0.0
2000-01-11 12:00:00,0.0,0.0
2000-01-11 12:15:00,0.0,0.0
2000-01-11 12:30:00,0.0,0.0
2000-01-11 12:45:00,0.0,0.0
2000-01-11 13:00:00,0.0,0.0
2000-01-11 13:15:00,0.0,0.0
2000-01-11 13:30:00,0.0,0.0
2000-01-11 13:45:00,0.0,0.0
2000-01-11 14:00:00,0.0,0.0
2000-01-11 14:15:00,0.0,0.0
2000-01-11 14:30:00,0.0,0.0
2000-01-11 14:45:00,0.0,0.0
2000-01-11 15:00:00,0.0,0.0
2000-01-11 15:15:00,0.0,0.0
2000-01-11 15:30:00,0.0,0.0
2000-01-11 15:45:00,0.0,0.0
2000-01-11 16:00:00,0.0,0.0
2000-01-11 16:15:00,0.0,0.0
2000-01-11 16:30:00,0.0,0.0
2000-01-11 16:45:00,0.0,0.0
2000-01-11 17:00:00,0.0,0.0
2000-01-11 17:15:00,0.0,0.0
2000-01-11 17:30:00,0.0,0.0
2000-01-11 17:45:00,0.0,-0.0
2000-01-11 18:00:00,0.0,127.07536867789048
2000-01-11 18:15:00,0.0,90.34582016227593
2000-01-11 18:30:00,0.0,79.89987822391632
2000-01-11 18:45:00,0.0,37.68007281489314
2000-01-11 19:00:00,0.0,92.02997792236901
2000-01-11 19:15:00,0.0,114.28122316884469
2000-01-11 19:30:00,0.0,79.18428748888054
2000-01-11 19:45:00,0.0,52.841011947169314
2000-01-11 20:00:00,0.0,46.44643110448679
2000-01-11 20:15:00,0.0,71.73996283726628
2000-01-11 20:30:00,0.0,0.0
2000-01-11 20:45:00,0.0,163.73142226544854
2000-01-11 21:00:00,0.0,0.0
2000-01-11 21:15:00,0.0,47.9245768939477
2000-01-11 21:30:00,0.0,134.14737604075313
2000-01-11 21:45:00,0.0,0.0
2000-01-11 22:00:00,0.0,29.42459045185788
2000-01-11 22:15:00,0.0,0.0
2000-01-11 22:30:00,0.0,0.0
2000-01-11 22:45:00,0.0,0.0
2000-01-11 23:00:00,0.0,-0.0
2000-01-11 23:15:00,0.0,0.0
2000-01-11 23:30:00,0.0,-0.0
2000-01-11 23:45:00,0.0,-0.0
2000-01-12 00:00:00,-0.0,0.0
2000-01-12 00:15:00,0.0,0.0
2000-01-12 00:30:00,0.0,0.0
2000-01-12 00:45:00,0.0,0.0
2000-01-12 01:00:00,-0.0,0.0
2000-01-12 01:15:00,0.0,0.0
2000-01-12 01:30:00,52.827384445906205,0.0
2000-01-12 01:45:00,61.87503217777257,0.0
2000-01-12 02:00:00,72.88649797739696,0.0
2000-01-12 02:15:00,0.0,0.0
2000-01-12 02:30:00,0.0,0.0
2000-01-12 02:45:00,0.0,0.0
2000-01-12 03:00:00,92.56791880952711,0.0
2000-01-12 03:15:00,94.26020719282806,0.0
2000-01-12 03:30:00,102.22658329701417,0.0
2000-01-12 03:45:00,100.36923900960382,0.0
2000-01-12 04:00:00,105.6881277318339,0.0
2000-01-12 04:15:00,107.56336467808006,0.0
2000-01-12 04:30:00,103.36787882390136,0.0
2000-01-12 04:45:00,57.9151874200613,0.0
2000-01-12 05:00:00,60.48808372908864,0.0
2000-01-12 05:15:00,82.98679746109474,0.0
2000-01-12 05:30:00,104.80621885130674,0.0
2000-01-12 05:45:00,92.97147839458414,0.0
2000-01-12 06:00:00,0.0,-0.0
2000-01-12 06:15:00,0.0,-0.0
2000-01-12 06:30:00,0.0,0.0
2000-01-12 06:45:00,0.0,0.0
2000-01-12 07:00:00,0.0,0.0
2000-01-12 07:15:00,0.0,0.0
2000-01-12 07:30:00,0.0,0.0
2000-01-12 07:45:00,0.0,0.0
2000-01-12 08:00:00,0.0,0.0
2000-01-12 08:15:00,0.0,0.0
2000-01-12 08:30:00,0.0,0.0
2000-01-12 08:45:00,0.0,0.0
2000-01-12 09:00:00,0.0,0.0
2000-01-12 09:15:00,0.0,0.0
2000-01-12 09:30:00,0.0,0.0
2000-01-12 09:45:00,0.0,0.0
2000-01-12 10:00:00,0.0,0.0
2000-01-12 10:15:00,0.0,0.0
2000-01-12 10:30:00,0.0,0.0
2000-01-12 10:45:00,0.0,0.0
2000-01-12 11:00:00,0.0,0.0
2000-01-12 11:15:00,0.0,0.0
2000-01-12 11:30:00,0.0,0.0
2000-01-12 11:45:00,0.0,0.0
2000-01-12 12:00:00,0.0,0.0
2000-01-12 12:15:00,0.0,0.0
2000-01-12 12:30:00,0.0,0.0
2000-01-12 12:45:00,0.0,0.0
2000-01-12 13:00:00,0.0,0.0
2000-01-12 13:15:00,0.0,0.0
2000-01-12 13:30:00,0.0,0.0
2000-01-12 13:45:00,0.0,0.0
2000-01-12 14:00:00,0.0,0.0
2000-01-12 14:15:00,0.0,0.0
2000-01-12 14:30:00,0.0,0.0
2000-01-12 14:45:00,0.0,0.0
2000-01-12 15:00:00,0.0,0.0
2000-01-12 15:15:00,0.0,0.0
2000-01-12 15:30:00,0.0,0.0
2000-01-12 15:45:00,0.0,0.0
2000-01-12 16:00:00,0.0,0.0
2000-01-12 16:15:00,0.0,0.0
2000-01-12 16:30:00,0.0,0.0
2000-01-12 16:45:00,0.0,0.0
2000-01-12 17:00:00,0.0,0.0
2000-01-12 17:15:00,0.0,0.0
2000-01-12 17:30:00,0.0,0.0
2000-01-12 17:45:00,0.0,0.0
2000-01-12 18:00:00,0.0,69.52579173367742
2000-01-12 18:15:00,0.0,70.45045496577059
2000-01-12 18:30:00,0.0,89.40669195549675
2000-01-12 18:45:00,0.0,88.10099576524733
2000-01-12 19:00:00,0.0,94.9340447321122
2000-01-12 19:15:00,0.0,122.32958861821729
2000-01-12 19:30:00,0.0,108.05401633928255
2000-01-12 19:45:00,0.0,103.44624955633745
2000-01-12 20:00:00,0.0,103.83935219943457
2000-01-12 20:15:00,0.0,123.49930277621799
2000-01-12 20:30:00,0.0,0.0
2000-01-12 20:45:00,0.0,141.64611167804824
2000-01-12 21:00:00,0.0,4.9134476591275416
2000-01-12 21:15:00,0.0,0.0
2000-01-12 21:30:00,0.0,46.605952021030014
2000-01-12 21:45:00,0.0,-0.0
2000-01-12 22:00:00,3.653091800188791,0.0
2000-01-12 22:15:00,0.0,3.296915349670384
2000-01-12 22:30:00,5.52311912031673,0.0
2000-01-12 22:45:00,0.0,0.0
2000-01-12 23:00:00,0.0,4.984615006085846
2000-01-12 23:15:00,0.0,0.0
2000-01-12 23:30:00,0.0,-0.0
2000-01-12 23:45:00,0.0,-0.0
2000-01-13 00:00:00,46.42138195093313,0.0
2000-01-13 00:15:00,42.42676602301985,0.0
2000-01-13 00:30:00,58.52487933212142,0.0
2000-01-13 00:45:00,69.0024225776517,0.0
2000-01-13 01:00:00,54.384671387751574,0.0
2000-01-13 01:15:00,52.32439887718455,0.0
2000-01-13 01:30:00,64.76705895295987,0.0
2000-01-13 01:45:00,60.81072331387087,0.0
2000-01-13 02:00:00,60.0098471690606,0.0
2000-01-13 02:15:00,58.52920737577072,0.0
2000-01-13 02:30:00,59.81653563293424,0.0
2000-01-13 02:45:00,52.50514210723712,0.0
2000-01-13 03:00:00,50.197204324129274,0.0
2000-01-13 03:15:00,47.527371599257975,0.0
2000-01-13 03:30:00,54.36024849052943,0.0
2000-01-13 03:45:00,59.901222039805226,0.0
2000-01-13 04:00:00,49.693421250218236,0.0
2000-01-13 04:15:00,53.50061760440987,0.0
2000-01-13 04:30:00,63.095312232015296,0.0
2000-01-13 04:45:00,58.884541630333565,0.0
2000-01-13 05:00:00,45.549299779785215,0.0
2000-01-13 05:15:00,41.99797696021275,0.0
2000-01-13 05:30:00,44.32040731302552,0.0
2000-01-13 05:45:00,44.24934207578286,0.0
2000-01-13 06:00:00,0.0,46.57147505551995
2000-01-13 06:15:00,0.0,33.6647814374575
2000-01-13 06:30:00,0.0,16.821979617948514
2000-01-13 06:45:00,0.0,0.0
2000-01-13 07:00:00,0.0,0.0
2000-01-13 07:15:00,0.0,0.0
2000-01-13 07:30:00,0.0,0.0
2000-01-13 07:45:00,0.0,0.0
2000-01-13 08:00:00,0.0,0.0
2000-01-13 08:15:00,0.0,0.0
2000-01-13 08:30:00,0.0,0.0
2000-01-13 08:45:00,0.0,0.0
2000-01-13 09:00:00,0.0,0.0
2000-01-13 09:15:00,0.0,0.0
2000-01-13 09:30:00,0.0,0.0
2000-01-13 09:45:00,0.0,0.0
2000-01-13 10:00:00,0.0,0.0
2000-01-13 10:15:00,0.0,0.0
2000-01-13 10:30:00,0.0,0.0
2000-01-13 10:45:00,0.0,0.0
2000-01-13 11:00:00,0.0,0.0
2000-01-13 11:15:00,0.0,0.0
2000-01-13 11:30:00,0.0,0.0
2000-01-13 11:45:00,0.0,0.0
2000-01-13 12:00:00,0.0,0.0
2000-01-13 12:15:00,0.0,0.0
2000-01-13 12:30:00,0.0,0.0
2000-01-13 12:45:00,0.0,0.0
2000-01-13 13:00:00,0.0,0.0
2000-01-13 13:15:00,0.0,0.0
2000-01-13 13:30:00,0.0,0.0
2000-01-13 13:45:00,0.0,0.0
2000-01-13 14:00:00,0.0,0.0
2000-01-13 14:15:00,0.0,0.0
2000-01-13 14:30:00,0.0,0.0
2000-01-13 14:45:00,0.0,0.0
2000-01-13 15:00:00,0.0,0.0
2000-01-13 15:15:00,0.0,0.0
2000-01-13 15:30:00,0.0,0.0
2000-01-13 15:45:00,0.0,0.0
2000-01-13 16:00:00,0.0,0.0
2000-01-13 16:15:00,0.0,0.0
2000-01-13 16:30:00,0.0,0.0
2000-01-13 16:45:00,0.0,0.0
2000-01-13 17:00:00,0.0,0.0
2000-01-13 17:15:00,0.0,0.0
2000-01-13 17:30:00,0.0,0.0
2000-01-13 17:45:00,0.0,0.0
2000-01-13 18:00:00,0.0,30.030648059403607
2000-01-13 18:15:00,0.0,42.473094099636334
2000-01-13 18:30:00,0.0,31.418208649565717
2000-01-13 18:45:00,0.0,53.62837108338486
2000-01-13 19:00:00,0.0,58.49207253857627
2000-01-13 19:15:00,0.0,86.61523419198355
2000-01-13 19:30:00,0.0,115.24413814434523
2000-01-13 19:45:00,0.0,85.41581998550582
2000-01-13 20:00:00,0.0,60.51578291212843
2000-01-13 20:15:00,0.0,47.23899642601767
2000-01-13 20:30:00,0.0,46.88210071824375
2000-01-13 20:45:00,0.0,51.8129121491085
2000-01-13 21:00:00,0.0,97.32133600789547
2000-01-13 21:15:00,0.0,93.09853050802698
2000-01-13 21:30:00,0.0,84.39042439055241
2000-01-13 21:45:00,0.0,85.11609402469962
2000-01-13 22:00:00,0.0,0.0
2000-01-13 22:15:00,0.0,0.0
2000-01-13 22:30:00,0.0,0.0
2000-01-13 22:45:00,0.0,0.0
2000-01-13 23:00:00,0.0,-0.0
2000-01-13 23:15:00,0.0,-0.0
2000-01-13 23:30:00,0.0,-0.0
2000-01-13 23:45:00,0.0,-0.0
2000-01-14 00:00:00,-0.0,0.0
2000-01-14 00:15:00,0.0,0.0
2000-01-14 00:30:00,0.0,0.0
2000-01-14 00:45:00,0.0,0.0
2000-01-14 01:00:00,-0.0,0.0
2000-01-14 01:15:00,0.0,0.0
2000-01-14 01:30:00,87.5078859802033,0.0
2000-01-14 01:45:00,94.35781709969119,0.0
2000-01-14 02:00:00,78.26801642260389,0.0
2000-01-14 02:15:00,0.0,0.0
2000-01-14 02:30:00,34.763461624861286,0.0
2000-01-14 02:45:00,0.0,0.0
2000-01-14 03:00:00,87.70615052736801,0.0
2000-01-14 03:15:00,90.82720793952292,0.0
2000-01-14 03:30:00,82.91042102997571,0.0
2000-01-14 03:45:00,88.98166104234963,0.0
2000-01-14 04:00:00,90.42567340877217,0.0
2000-01-14 04:15:00,96.20723609535071,0.0
2000-01-14 04:30:00,83.98294053489685,0.0
2000-01-14 04:45:00,97.30958904299636,0.0
2000-01-14 05:00:00,95.02289784701884,0.0
2000-01-14 05:15:00,92.73215260303155,0.0
2000-01-14 05:30:00,66.11686072696835,0.0
2000-01-14 05:45:00,25.6800280743892,0.0
2000-01-14 06:00:00,0.0,33.95535569935848
2000-01-14 06:15:00,0.0,0.0
2000-01-14 06:30:00,0.0,0.0
2000-01-14 06:45:00,0.0,0.0
2000-01-14 07:00:00,0.0,0.0
2000-01-14 07:15:00,0.0,28.909790161089575
2000-01-14 07:30:00,0.0,0.0
2000-01-14 07:45:00,0.0,0.0
2000-01-14 08:00:00,0.0,0.0
2000-01-14 08:15:00,0.0,0.0
2000-01-14 08:30:00,0.0,0.0
2000-01-14 08:45:00,0.0,0.0
2000-01-14 09:00:00,0.0,0.0
2000-01-14 09:15:00,0.0,0.0
2000-01-14 09:30:00,0.0,0.0
2000-01-14 09:45:00,0.0,0.0
2000-01-14 10:00:00,0.0,0.0
2000-01-14 10:15:00,0.0,0.0
2000-01-14 10:30:00,0.0,0.0
2000-01-14 10:45:00,0.0,0.0
2000-01-14 11:00:00,0.0,0.0
2000-01-14 11:15:00,0.0,0.0
2000-01-14 11:30:00,0.0,0.0
2000-01-14 11:45:00,0.0,0.0
2000-01-14 12:00:00,0.0,0.0
2000-01-14 12:15:00,0.0,0.0
2000-01-14 12:30:00,0.0,0.0
2000-01-14 12:45:00,0.0,0.0
2000-01-14 13:00:00,0.0,0.0
2000-01-14 13:15:00,0.0,0.0
2000-01-14 13:30:00,0.0,0.0
2000-01-14 13:45:00,0.0,0.0
2000-01-14 14:00:00,0.0,0.0
2000-01-14 14:15:00,0.0,0.0
2000-01-14 14:30:00,0.0,0.0
2000-01-14 14:45:00,0.0,0.0
2000-01-14 15:00:00,0.0,0.0
2000-01-14 15:15:00,0.0,24.317606237388958
2000-01-14 15:30:00,0.0,0.0
2000-01-14 15:45:00,60.514481300064105,0.0
2000-01-14 16:00:00,0.0,0.0
2000-01-14 16:15:00,3.9842515880390152,0.0
2000-01-14 16:30:00,0.0,56.224538641961914
2000-01-14 16:45:00,0.0,0.0
2000-01-14 17:00:00,0.0,0.0
2000-01-14 17:15:00,0.0,0.0
2000-01-14 17:30:00,32.04894915953015,0.0
2000-01-14 17:45:00,62.35236309341818,0.0
2000-01-14 18:00:00,0.0,92.96277488191404
2000-01-14 18:15:00,0.0,78.17328654072703
2000-01-14 18:30:00,0.0,114.37114610329733
2000-01-14 18:45:00,0.0,167.55758469993654
2000-01-14 19:00:00,0.0,164.03878749737768
2000-01-14 19:15:00,0.0,99.74150040419289
2000-01-14 19:30:00,0.0,10.988417645847008
2000-01-14 19:45:00,0.0,54.79199159531544
2000-01-14 20:00:00,0.0,118.23004176180979
2000-01-14 20:15:00,0.0,146.34784999801087
2000-01-14 20:30:00,0.0,0.65417565985328
2000-01-14 20:45:00,0.0,118.89444321171811
2000-01-14 21:00:00,0.0,0.0
2000-01-14 21:15:00,0.0,0.0
2000-01-14 21:30:00,0.0,-0.0
2000-01-14 21:45:00,0.0,-0.0
2000-01-14 22:00:00,0.0,-0.0
2000-01-14 22:15:00,0.0,0.0
2000-01-14 22:30:00,0.0,0.0
2000-01-14 22:45:00,0.0,0.0
2000-01-14 23:00:00,0.0,0.0
2000-01-14 23:15:00,0.0,0.0
2000-01-14 23:30:00,0.0,-0.0
2000-01-14 23:45:00,0.0,-0.0
2000-01-15 00:00:00,0.0,0.0
2000-01-15 00:15:00,0.0,0.0
2000-01-15 00:30:00,0.0,0.0
2000-01-15 00:45:00,0.0,0.0
2000-01-15 01:00:00,0.0,0.0
2000-01-15 01:15:00,0.0,0.0
2000-01-15 01:30:00,-0.0,0.0
2000-01-15 01:45:00,0.0,0.0
2000-01-15 02:00:00,0.0,0.0
2000-01-15 02:15:00,-0.0,0.0
2000-01-15 02:30:00,-0.0,0.0
2000-01-15 02:45:00,146.68832807774538,0.0
2000-01-15 03:00:00,0.0,0.0
2000-01-15 03:15:00,0.0,0.0
2000-01-15 03:30:00,0.0,0.0
2000-01-15 03:45:00,147.8084896236316,0.0
2000-01-15 04:00:00,156.45907615136227,0.0
2000-01-15 04:15:00,170.46705326204767,0.0
2000-01-15 04:30:00,171.77243528733757,0.0
2000-01-15 04:45:00,171.1846438423171,0.0
2000-01-15 05:00:00,0.0,0.0
2000-01-15 05:15:00,170.41642578075172,0.0
2000-01-15 05:30:00,129.60513940355028,0.0
2000-01-15 05:45:00,28.39840857125654,0.0
2000-01-15 06:00:00,0.0,-0.0
2000-01-15 06:15:00,0.0,0.0
2000-01-15 06:30:00,0.0,0.0
2000-01-15 06:45:00,0.0,0.0
2000-01-15 07:00:00,0.0,0.0
2000-01-15 07:15:00,0.0,0.0
2000-01-15 07:30:00,0.0,0.0
2000-01-15 07:45:00,0.0,0.0
2000-01-15 08:00:00,0.0,0.0
2000-01-15 08:15:00,0.0,0.0
2000-01-15 08:30:00,0.0,0.0
2000-01-15 08:45:00,0.0,0.0
2000-01-15 09:00:00,0.0,0.0
2000-01-15 09:15:00,0.0,0.0
2000-01-15 09:30:00,0.0,0.0
2000-01-15 09:45:00,0.0,0.0
2000-01-15 10:00:00,0.0,0.0
2000-01-15 10:15:00,0.0,0.0
2000-01-15 10:30:00,0.0,0.0
2000-01-15 10:45:00,0.0,0.0
2000-01-15 11:00:00,0.0,0.0
2000-01-15 11:15:00,0.0,0.0
2000-01-15 11:30:00,0.0,0.0
2000-01-15 11:45:00,0.0,0.0
2000-01-15 12:00:00,0.0,0.0
2000-01-15 12:15:00,0.0,0.0
2000-01-15 12:30:00,0.0,0.0
2000-01-15 12:45:00,0.0,0.0
2000-01-15 13:00:00,0.0,0.0
2000-01-15 13:15:00,0.0,0.0
2000-01-15 13:30:00,0.0,0.0
2000-01-15 13:45:00,0.0,0.0
2000-01-15 14:00:00,0.0,0.0
2000-01-15 14:15:00,0.0,0.0
2000-01-15 14:30:00,0.0,0.0
2000-01-15 14:45:00,0.0,0.0
2000-01-15 15:00:00,0.0,0.0
2000-01-15 15:15:00,0.0,0.0
2000-01-15 15:30:00,0.0,0.0
2000-01-15 15:45:00,0.0,0.0
2000-01-15 16:00:00,0.0,0.0
2000-01-15 16:15:00,0.0,0.0
2000-01-15 16:30:00,0.0,0.0
2000-01-15 16:45:00,0.0,0.0
2000-01-15 17:00:00,0.0,0.0
2000-01-15 17:15:00,0.0,0.0
2000-01-15 17:30:00,0.0,0.0
2000-01-15 17:45:00,0.0,0.0
2000-01-15 18:00:00,0.0,115.42765706745597
2000-01-15 18:15:00,0.0,145.5568469233539
2000-01-15 18:30:00,0.0,119.4691472221532
2000-01-15 18:45:00,0.0,0.0
2000-01-15 19:00:00,0.0,22.669744745650746
2000-01-15 19:15:00,0.0,191.89999999999998
2000-01-15 19:30:00,0.0,39.770451499181604
2000-01-15 19:45:00,0.0,26.7870844113433
2000-01-15 20:00:00,0.0,187.16979577335042
2000-01-15 20:15:00,0.0,116.48907853169291
2000-01-15 20:30:00,0.0,18.856331587144098
2000-01-15 20:45:00,0.0,21.88287302331196
2000-01-15 21:00:00,0.0,44.122493698602
2000-01-15 21:15:00,0.0,29.633367700302927
2000-01-15 21:30:00,0.0,81.29550306799729
2000-01-15 21:45:00,0.0,5.7216247484596465
2000-01-15 22:00:00,27.044070165511883,0.0
2000-01-15 22:15:00,31.77091658920429,0.0
2000-01-15 22:30:00,19.50601409756328,0.0
2000-01-15 22:45:00,0.0,70.68470326918225
2000-01-15 23:00:00,0.0,0.0
2000-01-15 23:15:00,0.0,0.0
2000-01-15 23:30:00,0.0,-0.0
2000-01-15 23:45:00,0.0,-0.0
2000-01-16 00:00:00,0.0,0.0
2000-01-16 00:15:00,0.0,0.0
2000-01-16 00:30:00,0.0,0.0
2000-01-16 00:45:00,-0.0,0.0
2000-01-16 01:00:00,0.0,0.0
2000-01-16 01:15:00,0.0,0.0
2000-01-16 01:30:00,0.0,0.0
2000-01-16 01:45:00,0.0,0.0
2000-01-16 02:00:00,0.0,0.0
2000-01-16 02:15:00,-0.0,0.0
2000-01-16 02:30:00,0.0,0.0
2000-01-16 02:45:00,114.01216686985084,0.0
2000-01-16 03:00:00,112.67029948455601,0.0
2000-01-16 03:15:00,116.27363779587454,0.0
2000-01-16 03:30:00,0.0,0.0
2000-01-16 03:45:00,110.76484305694551,0.0
2000-01-16 04:00:00,0.2743727494581244,0.0
2000-01-16 04:15:00,119.36443544550772,0.0
2000-01-16 04:30:00,122.32766531592236,0.0
2000-01-16 04:45:00,118.94100273775621,0.0
2000-01-16 05:00:00,120.08003402020509,0.0
2000-01-16 05:15:00,121.05428735182582,0.0
2000-01-16 05:30:00,117.96396605435574,0.0
2000-01-16 05:45:00,119.07328911774212,0.0
2000-01-16 06:00:00,0.0,-0.0
2000-01-16 06:15:00,0.0,0.0
2000-01-16 06:30:00,0.0,0.0
2000-01-16 06:45:00,0.0,0.0
2000-01-16 07:00:00,0.0,0.0
2000-01-16 07:15:00,0.0,0.0
2000-01-16 07:30:00,0.0,0.0
2000-01-16 07:45:00,0.0,0.0
2000-01-16 08:00:00,0.0,0.0
2000-01-16 08:15:00,0.0,0.0
2000-01-16 08:30:00,0.0,0.0
2000-01-16 08:45:00,0.0,0.0
2000-01-16 09:00:00,0.0,0.0
2000-01-16 09:15:00,0.0,0.0
2000-01-16 09:30:00,0.0,0.0
2000-01-16 09:45:00,0.0,0.0
2000-01-16 10:00:00,0.0,0.0
2000-01-16 10:15:00,0.0,0.0
2000-01-16 10:30:00,0.0,0.0
2000-01-16 10:45:00,0.0,0.0
2000-01-16 11:00:00,0.0,0.0
2000-01-16 11:15:00,0.0,0.0
2000-01-16 11:30:00,0.0,0.0
2000-01-16 11:45:00,0.0,0.0
2000-01-16 12:00:00,0.0,0.0
2000-01-16 12:15:00,0.0,0.0
2000-01-16 12:30:00,0.0,0.0
2000-01-16 12:45:00,0.0,0.0
2000-01-16 13:00:00,0.0,0.0
2000-01-16 13:15:00,0.0,0.0
2000-01-16 13:30:00,0.0,0.0
2000-01-16 13:45:00,0.0,0.0
2000-01-16 14:00:00,0.0,0.0
2000-01-16 14:15:00,0.0,0.0
2000-01-16 14:30:00,0.0,0.0
2000-01-16 14:45:00,0.0,0.0
2000-01-16 15:00:00,0.0,0.0
2000-01-16 15:15:00,0.0,0.0
2000-01-16 15:30:00,0.0,0.0
2000-01-16 15:45:00,0.0,0.0
2000-01-16 16:00:00,0.0,0.0
2000-01-16 16:15:00,0.0,0.0
2000-01-16 16:30:00,0.0,0.0
2000-01-16 16:45:00,0.0,0.0
2000-01-16 17:00:00,0.0,0.0
2000-01-16 17:15:00,0.0,0.0
2000-01-16 17:30:00,0.0,0.0
2000-01-16 17:45:00,0.0,0.0
2000-01-16 18:00:00,0.0,121.0001567536708
2000-01-16 18:15:00,0.0,102.50967292651917
2000-01-16 18:30:00,0.0,75.7499244880548
2000-01-16 18:45:00,0.0,106.28373201270394
2000-01-16 19:00:00,0.0,109.17171613490649
2000-01-16 19:15:00,0.0,0.0
2000-01-16 19:30:00,0.0,8.733275144687752
2000-01-16 19:45:00,0.0,0.04156720159414817
2000-01-16 20:00:00,0.0,191.89999999999998
2000-01-16 20:15:00,0.0,140.62831551288164
2000-01-16 20:30:00,0.0,0.0
2000-01-16 20:45:00,0.0,0.0
2000-01-16 21:00:00,0.0,0.0
2000-01-16 21:15:00,0.0,105.77126045232126
2000-01-16 21:30:00,0.0,124.14590808807355
2000-01-16 21:45:00,0.0,80.81647128458638
2000-01-16 22:00:00,9.65940122922313,0.0
2000-01-16 22:15:00,21.350999290571025,0.0
2000-01-16 22:30:00,64.11615496230817,0.0
2000-01-16 22:45:00,4.103038740665596,0.0
2000-01-16 23:00:00,0.0,74.06381152955151
2000-01-16 23:15:00,0.0,15.49089725649651
2000-01-16 23:30:00,0.0,0.0
2000-01-16 23:45:00,0.0,-0.0
2000-01-17 00:00:00,43.94583783435433,0.0
2000-01-17 00:15:00,50.31852312036164,0.0
2000-01-17 00:30:00,56.38788674521315,0.0
2000-01-17 00:45:00,55.846048699067794,0.0
2000-01-17 01:00:00,50.839577093955775,0.0
2000-01-17 01:15:00,50.15148003051421,0.0
2000-01-17 01:30:00,43.583818652608606,0.0
2000-01-17 01:45:00,40.31453817250065,0.0
2000-01-17 02:00:00,52.47684495694787,0.0
2000-01-17 02:15:00,43.52466163222333,0.0
2000-01-17 02:30:00,27.669677105265215,0.0
2000-01-17 02:45:00,39.34908434041424,0.0
2000-01-17 03:00:00,48.58940533513361,0.0
2000-01-17 03:15:00,53.90079803873989,0.0
2000-01-17 03:30:00,62.33612268706775,0.0
2000-01-17 03:45:00,63.83202101363108,0.0
2000-01-17 04:00:00,66.74382741135163,0.0
2000-01-17 04:15:00,63.79858527424486,0.0
2000-01-17 04:30:00,67.30535873686189,0.0
2000-01-17 04:45:00,64.5229487086404,0.0
2000-01-17 05:00:00,65.70054980842096,0.0
2000-01-17 05:15:00,61.78914318567692,0.0
2000-01-17 05:30:00,59.102890679449324,0.0
2000-01-17 05:45:00,60.7703707373557,0.0
2000-01-17 06:00:00,0.0,10.927459551211664
2000-01-17 06:15:00,0.0,33.463575201986686
2000-01-17 06:30:00,0.0,10.788146811558988
2000-01-17 06:45:00,0.0,3.672898872280978
2000-01-17 07:00:00,0.0,20.428966426758645
2000-01-17 07:15:00,0.0,0.0
2000-01-17 07:30:00,0.0,0.0
2000-01-17 07:45:00,0.0,41.678292980534735
2000-01-17 08:00:00,0.0,0.0
2000-01-17 08:15:00,0.0,0.0
2000-01-17 08:30:00,0.0,0.0
2000-01-17 08:45:00,0.0,0.0
2000-01-17 09:00:00,0.0,0.0
2000-01-17 09:15:00,0.0,0.0
2000-01-17 09:30:00,0.0,0.0
2000-01-17 09:45:00,0.0,0.0
2000-01-17 10:00:00,0.0,0.0
2000-01-17 10:15:00,0.0,0.0
2000-01-17 10:30:00,0.0,0.0
2000-01-17 10:45:00,0.0,0.0
2000-01-17 11:00:00,0.0,0.0
2000-01-17 11:15:00,0.0,0.0
2000-01-17 11:30:00,0.0,0.0
2000-01-17 11:45:00,0.0,0.0
2000-01-17 12:00:00,0.0,0.0
2000-01-17 12:15:00,0.0,0.0
2000-01-17 12:30:00,0.0,0.0
2000-01-17 12:45:00,0.0,0.0
2000-01-17 13:00:00,0.0,0.0
2000-01-17 13:15:00,0.0,0.0
2000-01-17 13:30:00,0.0,0.0
2000-01-17 13:45:00,0.0,0.0
2000-01-17 14:00:00,0.0,0.0
2000-01-17 14:15:00,0.0,0.0
2000-01-17 14:30:00,0.0,0.0
2000-01-17 14:45:00,0.0,0.0
2000-01-17 15:00:00,0.0,0.0
2000-01-17 15:15:00,0.0,0.0
2000-01-17 15:30:00,0.0,0.0
2000-01-17 15:45:00,0.0,0.0
2000-01-17 16:00:00,0.0,0.0
2000-01-17 16:15:00,0.0,0.0
2000-01-17 16:30:00,0.0,0.0
2000-01-17 16:45:00,0.0,0.0
2000-01-17 17:00:00,0.0,0.0
2000-01-17 17:15:00,0.0,0.0
2000-01-17 17:30:00,0.0,0.0
2000-01-17 17:45:00,0.0,0.0
2000-01-17 18:00:00,0.0,32.51679907784714
2000-01-17 18:15:00,0.0,44.17435415057681
2000-01-17 18:30:00,0.0,50.205338655466164
2000-01-17 18:45:00,0.0,63.343959965229566
2000-01-17 19:00:00,0.0,74.3989600444727
2000-01-17 19:15:00,0.0,62.78661031238345
2000-01-17 19:30:00,0.0,54.93342332939882
2000-01-17 19:45:00,0.0,45.05561155649616
2000-01-17 20:00:00,0.0,49.19490726699304
2000-01-17 20:15:00,0.0,64.2399416168886
2000-01-17 20:30:00,0.0,92.23226402105843
2000-01-17 20:45:00,0.0,85.66110001462701
2000-01-17 21:00:00,0.0,80.21413614046214
2000-01-17 21:15:00,0.0,76.12752985538307
2000-01-17 21:30:00,0.0,90.5177642014458
2000-01-17 21:45:00,0.0,80.18995994693934
2000-01-17 22:00:00,3.1512700108169156,0.0
2000-01-17 22:15:00,0.0,2.844021184762269
2000-01-17 22:30:00,2.961476379074354,0.0
2000-01-17 22:45:00,0.0,0.0
2000-01-17 23:00:00,0.0,2.672732432114614
2000-01-17 23:15:00,0.0,0.0
2000-01-17 23:30:00,0.0,-0.0
2000-01-17 23:45:00,0.0,-0.0
2000-01-18 00:00:00,-0.0,0.0
2000-01-18 00:15:00,-0.0,0.0
2000-01-18 00:30:00,0.0,0.0
2000-01-18 00:45:00,0.0,0.0
2000-01-18 01:00:00,0.0,0.0
2000-01-18 01:15:00,0.0,0.0
2000-01-18 01:30:00,65.47149940217358,0.0
2000-01-18 01:45:00,69.37954360859581,0.0
2000-01-18 02:00:00,74.08616681819852,0.0
2000-01-18 02:15:00,0.0,0.0
2000-01-18 02:30:00,0.0,0.0
2000-01-18 02:45:00,0.0,0.0
2000-01-18 03:00:00,90.15961420591799,0.0
2000-01-18 03:15:00,93.96865957270813,0.0
2000-01-18 03:30:00,95.09042199875582,0.0
2000-01-18 03:45:00,91.95197592893689,0.0
2000-01-18 04:00:00,88.68082369188564,0.0
2000-01-18 04:15:00,95.61778124241883,0.0
2000-01-18 04:30:00,86.84362111870682,0.0
2000-01-18 04:45:00,92.94867870731393,0.0
2000-01-18 05:00:00,85.56708607887465,0.0
2000-01-18 05:15:00,81.62726915766005,0.0
2000-01-18 05:30:00,87.73171194574547,0.0
2000-01-18 05:45:00,93.67514652210755,0.0
2000-01-18 06:00:00,0.0,-0.0
2000-01-18 06:15:00,0.0,-0.0
2000-01-18 06:30:00,0.0,0.0
2000-01-18 06:45:00,0.0,0.0
2000-01-18 07:00:00,0.0,0.0
2000-01-18 07:15:00,0.0,0.0
2000-01-18 07:30:00,0.0,14.341209195548302
2000-01-18 07:45:00,0.0,0.0
2000-01-18 08:00:00,0.0,0.0
2000-01-18 08:15:00,0.0,0.0
2000-01-18 08:30:00,0.0,0.0
2000-01-18 08:45:00,0.0,0.0
2000-01-18 09:00:00,0.0,0.0
2000-01-18 09:15:00,0.0,0.0
2000-01-18 09:30:00,0.0,0.0
2000-01-18 09:45:00,0.0,0.0
2000-01-18 10:00:00,0.0,0.0
2000-01-18 10:15:00,0.0,0.0
2000-01-18 10:30:00,0.0,0.0
2000-01-18 10:45:00,0.0,0.0
2000-01-18 11:00:00,0.0,0.0
2000-01-18 11:15:00,0.0,0.0
2000-01-18 11:30:00,0.0,0.0
2000-01-18 11:45:00,0.0,0.0
2000-01-18 12:00:00,0.0,0.0
2000-01-18 12:15:00,0.0,0.0
2000-01-18 12:30:00,0.0,0.0
2000-01-18 12:45:00,0.0,0.0
2000-01-18 13:00:00,0.0,0.0
2000-01-18 13:15:00,0.0,0.0
2000-01-18 13:30:00,0.0,0.0
2000-01-18 13:45:00,0.0,0.0
2000-01-18 14:00:00,0.0,0.0
2000-01-18 14:15:00,0.0,0.0
2000-01-18 14:30:00,0.0,0.0
2000-01-18 14:45:00,0.0,0.0
2000-01-18 15:00:00,0.0,0.0
2000-01-18 15:15:00,0.0,0.0
2000-01-18 15:30:00,0.0,0.0
2000-01-18 15:45:00,0.0,0.0
2000-01-18 16:00:00,0.0,0.0
2000-01-18 16:15:00,0.0,0.0
2000-01-18 16:30:00,0.0,0.0
2000-01-18 16:45:00,15.890536504762647,0.0
2000-01-18 17:00:00,0.0,0.0
2000-01-18 17:15:00,0.0,0.0
2000-01-18 17:30:00,0.0,0.0
2000-01-18 17:45:00,0.0,0.0
2000-01-18 18:00:00,0.0,50.12397208071397
2000-01-18 18:15:00,0.0,42.91519284652603
2000-01-18 18:30:00,0.0,51.17697584188919
2000-01-18 18:45:00,0.0,74.5171757091312
2000-01-18 19:00:00,0.0,62.41868180792525
2000-01-18 19:15:00,0.0,51.883842386159124
2000-01-18 19:30:00,0.0,84.81617049598262
2000-01-18 19:45:00,0.0,109.47220523234188
2000-01-18 20:00:00,0.0,86.58656924165119
2000-01-18 20:15:00,0.0,75.90805601547197
2000-01-18 20:30:00,0.0,0.0
2000-01-18 20:45:00,0.0,174.91641554616146
2000-01-18 21:00:00,0.0,10.701869589356363
2000-01-18 21:15:00,0.0,131.61766903167322
2000-01-18 21:30:00,0.0,52.14728758020327
2000-01-18 21:45:00,0.0,53.44474878816099
2000-01-18 22:00:00,0.0,54.10516780665212
2000-01-18 22:15:00,0.0,0.0
2000-01-18 22:30:00,2.1900794814236013,0.0
2000-01-18 22:45:00,0.0,0.0
2000-01-18 23:00:00,0.0,1.9765467319848113
2000-01-18 23:15:00,0.0,0.0
2000-01-18 23:30:00,0.0,-0.0
2000-01-18 23:45:00,0.0,-0.0
2000-01-19 00:00:00,-0.0,0.0
2000-01-19 00:15:00,0.0,0.0
2000-01-19 00:30:00,0.0,0.0
2000-01-19 00:45:00,0.0,0.0
2000-01-19 01:00:00,0.0,0.0
2000-01-19 01:15:00,0.0,0.0
2000-01-19 01:30:00,0.0,0.0
2000-01-19 01:45:00,-0.0,0.0
2000-01-19 02:00:00,0.0,0.0
2000-01-19 02:15:00,86.93073538553918,0.0
2000-01-19 02:30:00,98.45245610774558,0.0
2000-01-19 02:45:00,80.39139211916354,0.0
2000-01-19 03:00:00,0.0,0.0
2000-01-19 03:15:00,0.0,0.0
2000-01-19 03:30:00,0.0,0.0
2000-01-19 03:45:00,115.7180961067348,0.0
2000-01-19 04:00:00,120.01686278359759,0.0
2000-01-19 04:15:00,113.62741197600567,0.0
2000-01-19 04:30:00,120.48137713847116,0.0
2000-01-19 04:45:00,116.32755580215891,0.0
2000-01-19 05:00:00,114.40623639033706,0.0
2000-01-19 05:15:00,119.97189060781533,0.0
2000-01-19 05:30:00,118.48506938596427,0.0
2000-01-19 05:45:00,87.99091619646667,0.0
2000-01-19 06:00:00,0.0,-0.0
2000-01-19 06:15:00,0.0,0.0
2000-01-19 06:30:00,0.0,-0.0
2000-01-19 06:45:00,0.0,0.0
2000-01-19 07:00:00,0.0,-0.0
2000-01-19 07:15:00,0.0,0.0
2000-01-19 07:30:00,0.0,51.56202375955769
2000-01-19 07:45:00,0.0,0.0
2000-01-19 08:00:00,0.0,0.0
2000-01-19 08:15:00,0.0,0.0
2000-01-19 08:30:00,0.0,0.0
2000-01-19 08:45:00,0.0,0.0
2000-01-19 09:00:00,0.0,0.0
2000-01-19 09:15:00,0.0,0.0
2000-01-19 09:30:00,0.0,0.0
2000-01-19 09:45:00,0.0,0.0
2000-01-19 10:00:00,0.0,0.0
2000-01-19 10:15:00,0.0,0.0
2000-01-19 10:30:00,0.0,0.0
2000-01-19 10:45:00,0.0,0.0
2000-01-19 11:00:00,0.0,0.0
2000-01-19 11:15:00,0.0,0.0
2000-01-19 11:30:00,0.0,0.0
2000-01-19 11:45:00,0.0,0.0
2000-01-19 12:00:00,0.0,0.0
2000-01-19 12:15:00,0.0,0.0
2000-01-19 12:30:00,0.0,0.0
2000-01-19 12:45:00,0.0,0.0
2000-01-19 13:00:00,0.0,0.0
2000-01-19 13:15:00,0.0,0.0
2000-01-19 13:30:00,0.0,0.0
2000-01-19 13:45:00,0.0,0.0
2000-01-19 14:00:00,0.0,0.0
2000-01-19 14:15:00,0.0,0.0
2000-01-19 14:30:00,0.0,0.0
2000-01-19 14:45:00,0.0,0.0
2000-01-19 15:00:00,0.0,0.0
2000-01-19 15:15:00,0.0,0.0
2000-01-19 15:30:00,0.0,0.0
2000-01-19 15:45:00,0.0,0.0
2000-01-19 16:00:00,0.0,0.0
2000-01-19 16:15:00,0.0,0.0
2000-01-19 16:30:00,0.0,0.0
2000-01-19 16:45:00,0.0,0.0
2000-01-19 17:00:00,57.1324362986788,0.0
2000-01-19 17:15:00,0.0,0.0
2000-01-19 17:30:00,0.0,0.0
2000-01-19 17:45:00,0.0,0.0
2000-01-19 18:00:00,0.0,95.97485302693275
2000-01-19 18:15:00,0.0,103.14713354660368
2000-01-19 18:30:00,0.0,102.09456892234363
2000-01-19 18:45:00,0.0,103.45981059721743
2000-01-19 19:00:00,0.0,107.20270641207907
2000-01-19 19:15:00,0.0,128.02550165262878
2000-01-19 19:30:00,0.0,11.044085457677909
2000-01-19 19:45:00,0.0,27.24482148679928
2000-01-19 20:00:00,0.0,53.84207545730405
2000-01-19 20:15:00,0.0,0.0
2000-01-19 20:30:00,0.0,0.0
2000-01-19 20:45:00,0.0,0.0
2000-01-19 21:00:00,0.0,159.22281393876963
2000-01-19 21:15:00,0.0,96.2492673938829
2000-01-19 21:30:00,0.0,153.71794932183437
2000-01-19 21:45:00,0.0,0.0
2000-01-19 22:00:00,0.0,25.526412785926453
2000-01-19 22:15:00,0.0,-0.0
2000-01-19 22:30:00,0.0,0.0
2000-01-19 22:45:00,0.0,0.0
2000-01-19 23:00:00,0.0,0.0
2000-01-19 23:15:00,0.0,-0.0
2000-01-19 23:30:00,0.0,0.0
2000-01-19 23:45:00,0.0,-0.0
2000-01-20 00:00:00,42.77610381077819,0.0
2000-01-20 00:15:00,0.0,0.0
2000-01-20 00:30:00,0.0,0.0
2000-01-20 00:45:00,0.0,0.0
2000-01-20 01:00:00,0.0,0.0
2000-01-20 01:15:00,0.0,0.0
2000-01-20 01:30:00,88.9260628195089,0.0
2000-01-20 01:45:00,0.0,0.0
2000-01-20 02:00:00,0.0,0.0
2000-01-20 02:15:00,0.0,0.0
2000-01-20 02:30:00,0.0,0.0
2000-01-20 02:45:00,84.44043986189604,0.0
2000-01-20 03:00:00,95.6369137046944,0.0
2000-01-20 03:15:00,98.5574238286523,0.0
2000-01-20 03:30:00,93.21658343544271,0.0
2000-01-20 03:45:00,91.1415379393029,0.0
2000-01-20 04:00:00,96.77691748727905,0.0
2000-01-20 04:15:00,92.44253913906124,0.0
2000-01-20 04:30:00,94.72598032046153,0.0
2000-01-20 04:45:00,94.21958773853524,0.0
2000-01-20 05:00:00,90.81079886609541,0.0
2000-01-20 05:15:00,75.64718519484649,0.0
2000-01-20 05:30:00,77.6830365696546,0.0
2000-01-20 05:45:00,75.79888928379091,0.0
2000-01-20 06:00:00,0.0,-0.0
2000-01-20 06:15:00,0.0,0.0
2000-01-20 06:30:00,0.0,-0.0
2000-01-20 06:45:00,0.0,0.0
2000-01-20 07:00:00,0.0,0.0
2000-01-20 07:15:00,0.0,0.0
2000-01-20 07:30:00,0.0,0.0
2000-01-20 07:45:00,0.0,0.0
2000-01-20 08:00:00,0.0,0.0
2000-01-20 08:15:00,0.0,0.0
2000-01-20 08:30:00,0.0,0.0
2000-01-20 08:45:00,0.0,0.0
2000-01-20 09:00:00,0.0,0.0
2000-01-20 09:15:00,0.0,0.0
2000-01-20 09:30:00,0.0,0.0
2000-01-20 09:45:00,0.0,0.0
2000-01-20 10:00:00,0.0,0.0
2000-01-20 10:15:00,0.0,0.0
2000-01-20 10:30:00,0.0,0.0
2000-01-20 10:45:00,0.0,0.0
2000-01-20 11:00:00,0.0,0.0
2000-01-20 11:15:00,0.0,0.0
2000-01-20 11:30:00,0.0,0.0
2000-01-20 11:45:00,0.0,0.0
2000-01-20 12:00:00,0.0,0.0
2000-01-20 12:15:00,0.0,0.0
2000-01-20 12:30:00,0.0,0.0
2000-01-20 12:45:00,0.0,0.0
2000-01-20 13:00:00,0.0,0.0
2000-01-20 13:15:00,0.0,0.0
2000-01-20 13:30:00,0.0,0.0
2000-01-20 13:45:00,0.0,0.0
2000-01-20 14:00:00,0.0,0.0
2000-01-20 14:15:00,0.0,0.0
2000-01-20 14:30:00,0.0,0.0
2000-01-20 14:45:00,0.0,0.0
2000-01-20 15:00:00,0.0,0.0
2000-01-20 15:15:00,0.0,0.0
2000-01-20 15:30:00,0.0,0.0
2000-01-20 15:45:00,0.0,0.0
2000-01-20 16:00:00,0.0,0.0
2000-01-20 16:15:00,0.0,0.0
2000-01-20 16:30:00,0.0,0.0
2000-01-20 16:45:00,0.0,0.0
2000-01-20 17:00:00,0.0,0.0
2000-01-20 17:15:00,0.0,0.0
2000-01-20 17:30:00,0.0,0.0
2000-01-20 17:45:00,0.0,0.0
2000-01-20 18:00:00,0.0,31.467144543917005
2000-01-20 18:15:00,0.0,0.0
2000-01-20 18:30:00,0.0,83.32502897175668
2000-01-20 18:45:00,0.0,70.39775698576882
2000-01-20 19:00:00,0.0,79.61887869826968
2000-01-20 19:15:00,0.0,72.71241539108372
2000-01-20 19:30:00,0.0,78.53489524772532
2000-01-20 19:45:00,0.0,120.65136111477518
2000-01-20 20:00:00,0.0,103.25398827143543
2000-01-20 20:15:00,0.0,117.32017534914688
2000-01-20 20:30:00,0.0,77.58619584029084
2000-01-20 20:45:00,0.0,71.7327957122706
2000-01-20 21:00:00,0.0,107.96521765586984
2000-01-20 21:15:00,0.0,101.56473697696076
2000-01-20 21:30:00,0.0,50.62140924072942
2000-01-20 21:45:00,0.0,-0.0
2000-01-20 22:00:00,13.002369652530442,0.0
2000-01-20 22:15:00,5.7916614154415385,0.0
2000-01-20 22:30:00,0.0,9.83023600600275
2000-01-20 22:45:00,0.0,7.131377032841911
2000-01-20 23:00:00,0.0,-0.0
2000-01-20 23:15:00,0.0,0.0
2000-01-20 23:30:00,0.0,0.0
2000-01-20 23:45:00,0.0,-0.0
2000-01-21 00:00:00,0.0,0.0
2000-01-21 00:15:00,0.0,0.0
2000-01-21 00:30:00,0.0,0.0
2000-01-21 00:45:00,0.0,0.0
2000-01-21 01:00:00,0.0,0.0
2000-01-21 01:15:00,0.0,0.0
2000-01-21 01:30:00,0.0,0.0
2000-01-21 01:45:00,0.0,0.0
2000-01-21 02:00:00,0.0,0.0
2000-01-21 02:15:00,0.0,0.0
2000-01-21 02:30:00,0.0,0.0
2000-01-21 02:45:00,0.0,0.0
2000-01-21 03:00:00,186.22962619784857,0.0
2000-01-21 03:15:00,0.0,0.0
2000-01-21 03:30:00,187.7723670241848,0.0
2000-01-21 03:45:00,0.0,0.0
2000-01-21 04:00:00,0.0,0.0
2000-01-21 04:15:00,170.3587023920167,0.0
2000-01-21 04:30:00,191.8578618989283,0.0
2000-01-21 04:45:00,187.14615422595233,0.0
2000-01-21 05:00:00,0.0,0.0
2000-01-21 05:15:00,181.3583858379212,0.0
2000-01-21 05:30:00,0.0,0.0
2000-01-21 05:45:00,188.076902423148,0.0
2000-01-21 06:00:00,0.0,-0.0
2000-01-21 06:15:00,0.0,0.0
2000-01-21 06:30:00,0.0,0.0
2000-01-21 06:45:00,0.0,0.0
2000-01-21 07:00:00,0.0,0.0
2000-01-21 07:15:00,0.0,0.0
2000-01-21 07:30:00,0.0,0.0
2000-01-21 07:45:00,0.0,0.0
2000-01-21 08:00:00,0.0,0.0
2000-01-21 08:15:00,0.0,0.0
2000-01-21 08:30:00,0.0,0.0
2000-01-21 08:45:00,0.0,0.0
2000-01-21 09:00:00,0.0,0.0
2000-01-21 09:15:00,0.0,0.0
2000-01-21 09:30:00,0.0,0.0
2000-01-21 09:45:00,0.0,0.0
2000-01-21 10:00:00,0.0,0.0
2000-01-21 10:15:00,0.0,0.0
2000-01-21 10:30:00,0.0,0.0
2000-01-21 10:45:00,0.0,0.0
2000-01-21 11:00:00,0.0,0.0
2000-01-21 11:15:00,0.0,0.0
2000-01-21 11:30:00,0.0,0.0
2000-01-21 11:45:00,0.0,0.0
2000-01-21 12:00:00,0.0,0.0
2000-01-21 12:15:00,0.0,0.0
2000-01-21 12:30:00,0.0,0.0
2000-01-21 12:45:00,0.0,0.0
2000-01-21 13:00:00,0.0,0.0
2000-01-21 13:15:00,0.0,0.0
2000-01-21 13:30:00,0.0,0.0
2000-01-21 13:45:00,0.0,0.0
2000-01-21 14:00:00,0.0,0.0
2000-01-21 14:15:00,0.0,0.0
2000-01-21 14:30:00,0.0,0.0
2000-01-21 14:45:00,0.0,0.0
2000-01-21 15:00:00,0.0,0.0
2000-01-21 15:15:00,0.0,0.0
2000-01-21 15:30:00,0.0,0.0
2000-01-21 15:45:00,0.0,0.0
2000-01-21 16:00:00,0.0,0.0
2000-01-21 16:15:00,0.0,0.0
2000-01-21 16:30:00,0.0,0.0
2000-01-21 16:45:00,0.0,0.0
2000-01-21 17:00:00,0.0,0.0
2000-01-21 17:15:00,0.0,0.0
2000-01-21 17:30:00,0.0,0.0
2000-01-21 17:45:00,0.0,0.0
2000-01-21 18:00:00,0.0,76.81331340241186
2000-01-21 18:15:00,0.0,72.94688070140928
2000-01-21 18:30:00,0.0,60.137292569143725
2000-01-21 18:45:00,0.0,64.8699643834972
2000-01-21 19:00:00,0.0,116.04648999045897
2000-01-21 19:15:00,0.0,98.74702221347948
2000-01-21 19:30:00,0.0,72.3050742171893
2000-01-21 19:45:00,0.0,70.16876167290914
2000-01-21 20:00:00,0.0,75.1432748423776
2000-01-21 20:15:00,0.0,65.68141386855226
2000-01-21 20:30:00,0.0,92.7165456561952
2000-01-21 20:45:00,0.0,142.23750488968741
2000-01-21 21:00:00,0.0,0.0
2000-01-21 21:15:00,0.0,52.14593712620595
2000-01-21 21:30:00,0.0,0.0
2000-01-21 21:45:00,0.0,106.79252446648236
2000-01-21 22:00:00,6.143284858968274,0.0
2000-01-21 22:15:00,6.301065359689886,0.0
2000-01-21 22:30:00,0.0,11.231026072338949
2000-01-21 22:45:00,-0.0,0.0
2000-01-21 23:00:00,0.0,0.0
2000-01-21 23:15:00,0.0,0.0
2000-01-21 23:30:00,0.0,0.0
2000-01-21 23:45:00,0.0,-0.0
2000-01-22 00:00:00,0.0,0.0
2000-01-22 00:15:00,0.0,0.0
2000-01-22 00:30:00,0.0,0.0
2000-01-22 00:45:00,0.0,0.0
2000-01-22 01:00:00,0.0,0.0
2000-01-22 01:15:00,0.0,0.0
2000-01-22 01:30:00,0.0,0.0
2000-01-22 01:45:00,0.0,0.0
2000-01-22 02:00:00,0.0,0.0
2000-01-22 02:15:00,99.8608981055014,0.0
2000-01-22 02:30:00,0.0,0.0
2000-01-22 02:45:00,99.93063540885444,0.0
2000-01-22 03:00:00,28.818767911754346,0.0
2000-01-22 03:15:00,98.24794287441713,0.0
2000-01-22 03:30:00,98.88344426393859,0.0
2000-01-22 03:45:00,99.55460099172461,0.0
2000-01-22 04:00:00,101.03651746988567,0.0
2000-01-22 04:15:00,102.96381954658094,0.0
2000-01-22 04:30:00,103.60121427343861,0.0
2000-01-22 04:45:00,105.76345635518408,0.0
2000-01-22 05:00:00,105.93248728113028,0.0
2000-01-22 05:15:00,106.84955175883863,0.0
2000-01-22 05:30:00,76.77789798403316,0.0
2000-01-22 05:45:00,64.57876577471805,0.0
2000-01-22 06:00:00,0.0,-0.0
2000-01-22 06:15:00,0.0,0.0
2000-01-22 06:30:00,0.0,0.0
2000-01-22 06:45:00,0.0,0.0
2000-01-22 07:00:00,0.0,0.0
2000-01-22 07:15:00,0.0,0.0
2000-01-22 07:30:00,0.0,0.0
2000-01-22 07:45:00,0.0,0.0
2000-01-22 08:00:00,0.0,0.0
2000-01-22 08:15:00,0.0,0.0
2000-01-22 08:30:00,0.0,0.0
2000-01-22 08:45:00,0.0,0.0
2000-01-22 09:00:00,0.0,0.0
2000-01-22 09:15:00,0.0,0.0
2000-01-22 09:30:00,0.0,0.0
2000-01-22 09:45:00,0.0,0.0
2000-01-22 10:00:00,0.0,0.0
2000-01-22 10:15:00,0.0,0.0
2000-01-22 10:30:00,0.0,0.0
2000-01-22 10:45:00,0.0,0.0
2000-01-22 11:00:00,0.0,0.0
2000-01-22 11:15:00,0.0,0.0
2000-01-22 11:30:00,0.0,0.0
2000-01-22 11:45:00,0.0,0.0
2000-01-22 12:00:00,0.0,0.0
2000-01-22 12:15:00,0.0,0.0
2000-01-22 12:30:00,0.0,0.0
2000-01-22 12:45:00,0.0,108.42054822501854
2000-01-22 13:00:00,0.0,35.195945931498215
2000-01-22 13:15:00,0.0,0.0
2000-01-22 13:30:00,0.0,0.0
2000-01-22 13:45:00,0.0,4.291527277002331
2000-01-22 14:00:00,0.0,0.0
2000-01-22 14:15:00,0.0,5.83062908909568
2000-01-22 14:30:00,0.0,68.63076589381856
2000-01-22 14:45:00,0.0,74.19973683186635
2000-01-22 15:00:00,0.0,81.36635853261612
2000-01-22 15:15:00,0.0,0.0
2000-01-22 15:30:00,30.799513484642162,0.0
2000-01-22 15:45:00,0.28961635186061585,0.0
2000-01-22 16:00:00,4.247416833790339,0.0
2000-01-22 16:15:00,14.667399888366873,0.0
2000-01-22 16:30:00,31.792781735745947,0.0
2000-01-22 16:45:00,72.53790372348496,0.0
2000-01-22 17:00:00,84.35250182818208,0.0
2000-01-22 17:15:00,86.35866365215222,0.0
2000-01-22 17:30:00,7.781420698225511,0.0
2000-01-22 17:45:00,85.93789181010439,0.0
2000-01-22 18:00:00,0.0,75.95681275784227
2000-01-22 18:15:00,0.0,125.98433615787496
2000-01-22 18:30:00,0.0,114.16585618619484
2000-01-22 18:45:00,0.0,2.530226732391924
2000-01-22 19:00:00,0.0,0.0
2000-01-22 19:15:00,0.0,135.5787610609888
2000-01-22 19:30:00,0.0,60.13709333553831
2000-01-22 19:45:00,0.0,129.70191802781875
2000-01-22 20:00:00,0.0,156.22721366810322
2000-01-22 20:15:00,0.0,60.79576061193214
2000-01-22 20:30:00,0.0,32.701524503835316
2000-01-22 20:45:00,0.0,28.024787215199126
2000-01-22 21:00:00,0.0,52.336123528834946
2000-01-22 21:15:00,0.0,112.0685143642869
2000-01-22 21:30:00,0.0,77.52231157357366
2000-01-22 21:45:00,0.0,3.0207602755847063
2000-01-22 22:00:00,0.0,0.0
2000-01-22 22:15:00,0.0,0.0
2000-01-22 22:30:00,0.0,0.0
2000-01-22 22:45:00,0.0,0.0
2000-01-22 23:00:00,0.0,-0.0
2000-01-22 23:15:00,0.0,0.0
2000-01-22 23:30:00,0.0,0.0
2000-01-22 23:45:00,0.0,-0.0
2000-01-23 00:00:00,-0.0,0.0
2000-01-23 00:15:00,0.0,0.0
2000-01-23 00:30:00,43.12027284200602,0.0
2000-01-23 00:45:00,59.67337037373439,0.0
2000-01-23 01:00:00,71.75218564226005,0.0
2000-01-23 01:15:00,0.0,0.0
2000-01-23 01:30:00,0.0,0.0
2000-01-23 01:45:00,69.61116317052782,0.0
2000-01-23 02:00:00,74.95011008403006,0.0
2000-01-23 02:15:00,84.9168408903872,0.0
2000-01-23 02:30:00,87.78675209896188,0.0
2000-01-23 02:45:00,73.02431336017095,0.0
2000-01-23 03:00:00,69.45695001953125,0.0
2000-01-23 03:15:00,54.06857930338738,0.0
2000-01-23 03:30:00,60.10113946636671,0.0
2000-01-23 03:45:00,74.02624833526049,0.0
2000-01-23 04:00:00,82.82713185514743,0.0
2000-01-23 04:15:00,38.4640551875039,0.0
2000-01-23 04:30:00,34.6780690749098,0.0
2000-01-23 04:45:00,32.329050694282955,0.0
2000-01-23 05:00:00,64.92701336163562,0.0
2000-01-23 05:15:00,76.50703116292026,0.0
2000-01-23 05:30:00,73.95485069933899,0.0
2000-01-23 05:45:00,66.62487237763668,0.0
2000-01-23 06:00:00,0.0,-0.0
2000-01-23 06:15:00,0.0,0.0
2000-01-23 06:30:00,0.0,0.0
2000-01-23 06:45:00,0.0,0.0
2000-01-23 07:00:00,0.0,0.0
2000-01-23 07:15:00,0.0,37.980619204671754
2000-01-23 07:30:00,0.0,15.749431163086427
2000-01-23 07:45:00,0.0,0.0
2000-01-23 08:00:00,0.0,0.0
2000-01-23 08:15:00,0.0,0.0
2000-01-23 08:30:00,0.0,6.947219092327543
2000-01-23 08:45:00,0.0,0.0
2000-01-23 09:00:00,0.0,0.0
2000-01-23 09:15:00,0.0,0.0
2000-01-23 09:30:00,0.0,0.0
2000-01-23 09:45:00,0.0,0.0
2000-01-23 10:00:00,0.0,0.0
2000-01-23 10:15:00,0.0,0.0
2000-01-23 10:30:00,0.0,0.0
2000-01-23 10:45:00,0.0,0.0
2000-01-23 11:00:00,0.0,0.0
2000-01-23 11:15:00,0.0,0.0
2000-01-23 11:30:00,0.0,0.0
2000-01-23 11:45:00,0.0,0.0
2000-01-23 12:00:00,0.0,0.0
2000-01-23 12:15:00,0.0,0.0
2000-01-23 12:30:00,0.0,0.0
2000-01-23 12:45:00,0.0,0.0
2000-01-23 13:00:00,0.0,0.0
2000-01-23 13:15:00,0.0,0.0
2000-01-23 13:30:00,0.0,0.0
2000-01-23 13:45:00,0.0,0.0
2000-01-23 14:00:00,0.0,0.0
2000-01-23 14:15:00,0.0,0.0
2000-01-23 14:30:00,0.0,0.0
2000-01-23 14:45:00,0.0,0.0
2000-01-23 15:00:00,0.0,0.0
2000-01-23 15:15:00,0.0,0.0
2000-01-23 15:30:00,0.0,0.0
2000-01-23 15:45:00,38.276385396173424,0.0
2000-01-23 16:00:00,0.0,0.0
2000-01-23 16:15:00,0.0,0.0
2000-01-23 16:30:00,0.0,0.0
2000-01-23 16:45:00,0.0,0.0
2000-01-23 17:00:00,0.0,0.0
2000-01-23 17:15:00,0.0,0.0
2000-01-23 17:30:00,0.0,0.0
2000-01-23 17:45:00,28.95604613854745,0.0
2000-01-23 18:00:00,0.0,142.11904913098118
2000-01-23 18:15:00,0.0,162.6334143960565
2000-01-23 18:30:00,0.0,91.35558255610998
2000-01-23 18:45:00,0.0,98.65568755700188
2000-01-23 19:00:00,0.0,52.83430374455516
2000-01-23 19:15:00,0.0,145.78808644547493
2000-01-23 19:30:00,0.0,59.354902764824075
2000-01-23 19:45:00,0.0,130.68113442282367
2000-01-23 20:00:00,0.0,28.741109084133896
2000-01-23 20:15:00,0.0,16.128429070500573
2000-01-23 20:30:00,0.0,30.900107224236578
2000-01-23 20:45:00,0.0,24.574816664221473
2000-01-23 21:00:00,0.0,40.038388139278524
2000-01-23 21:15:00,0.0,101.04809677155673
2000-01-23 21:30:00,0.0,41.89889202824479
2000-01-23 21:45:00,0.0,-0.0
2000-01-23 22:00:00,0.0,-0.0
2000-01-23 22:15:00,2.0707989359222942,0.0
2000-01-23 22:30:00,0.0,0.0
2000-01-23 22:45:00,0.0,1.8688960396698775
2000-01-23 23:00:00,0.0,-0.0
2000-01-23 23:15:00,0.0,-0.0
2000-01-23 23:30:00,0.0,-0.0
2000-01-23 23:45:00,0.0,-0.0
2000-01-24 00:00:00,-0.0,0.0
2000-01-24 00:15:00,-0.0,0.0
2000-01-24 00:30:00,39.574188736370985,0.0
2000-01-24 00:45:00,79.54109913446761,0.0
2000-01-24 01:00:00,85.4546121689612,0.0
2000-01-24 01:15:00,0.0,0.0
2000-01-24 01:30:00,0.0,0.0
2000-01-24 01:45:00,73.71069979185167,0.0
2000-01-24 02:00:00,74.49120534039307,0.0
2000-01-24 02:15:00,72.68384989333086,0.0
2000-01-24 02:30:00,74.17313539283484,0.0
2000-01-24 02:45:00,72.1861689101369,0.0
2000-01-24 03:00:00,77.8469455556366,0.0
2000-01-24 03:15:00,76.16306864299963,0.0
2000-01-24 03:30:00,24.72629119457494,0.0
2000-01-24 03:45:00,28.339028440576058,0.0
2000-01-24 04:00:00,66.49572125091808,0.0
2000-01-24 04:15:00,74.3546587878005,0.0
2000-01-24 04:30:00,67.73109282364581,0.0
2000-01-24 04:45:00,55.26591745536968,0.0
2000-01-24 05:00:00,52.26427256754984,0.0
2000-01-24 05:15:00,74.47479108798666,0.0
2000-01-24 05:30:00,86.7564897899867,0.0
2000-01-24 05:45:00,36.566763034608215,0.0
2000-01-24 06:00:00,0.0,-0.0
2000-01-24 06:15:00,0.0,0.0
2000-01-24 06:30:00,0.0,4.255231271132317
2000-01-24 06:45:00,0.0,20.258989448978653
2000-01-24 07:00:00,0.0,0.0
2000-01-24 07:15:00,0.0,0.0
2000-01-24 07:30:00,0.0,0.0
2000-01-24 07:45:00,0.0,0.0
2000-01-24 08:00:00,0.0,0.0
2000-01-24 08:15:00,0.0,0.0
2000-01-24 08:30:00,0.0,0.0
2000-01-24 08:45:00,0.0,0.0
2000-01-24 09:00:00,0.0,0.0
2000-01-24 09:15:00,0.0,0.0
2000-01-24 09:30:00,0.0,0.0
2000-01-24 09:45:00,0.0,0.0
2000-01-24 10:00:00,0.0,0.0
2000-01-24 10:15:00,0.0,0.0
2000-01-24 10:30:00,0.0,0.0
2000-01-24 10:45:00,0.0,0.0
2000-01-24 11:00:00,0.0,0.0
2000-01-24 11:15:00,0.0,0.0
2000-01-24 11:30:00,0.0,0.0
2000-01-24 11:45:00,0.0,0.0
2000-01-24 12:00:00,0.0,0.0
2000-01-24 12:15:00,0.0,0.0
2000-01-24 12:30:00,0.0,0.0
2000-01-24 12:45:00,0.0,0.0
2000-01-24 13:00:00,0.0,0.0
2000-01-24 13:15:00,0.0,0.0
2000-01-24 13:30:00,0.0,0.0
2000-01-24 13:45:00,0.0,0.0
2000-01-24 14:00:00,0.0,0.0
2000-01-24 14:15:00,0.0,0.0
2000-01-24 14:30:00,0.0,0.0
2000-01-24 14:45:00,0.0,0.0
2000-01-24 15:00:00,0.0,0.0
2000-01-24 15:15:00,0.0,0.0
2000-01-24 15:30:00,0.0,0.0
2000-01-24 15:45:00,15.895015004694917,0.0
2000-01-24 16:00:00,0.0,0.0
2000-01-24 16:15:00,0.0,0.0
2000-01-24 16:30:00,0.0,0.0
2000-01-24 16:45:00,0.0,0.0
2000-01-24 17:00:00,0.0,0.0
2000-01-24 17:15:00,0.0,0.0
2000-01-24 17:30:00,0.0,0.0
2000-01-24 17:45:00,11.267556430330842,0.0
2000-01-24 18:00:00,0.0,103.50718157580656
2000-01-24 18:15:00,0.0,103.28134989891883
2000-01-24 18:30:00,0.0,105.39227550921572
2000-01-24 18:45:00,0.0,13.084238425799782
2000-01-24 19:00:00,0.0,122.0578129421369
2000-01-24 19:15:00,0.0,45.96095553045873
2000-01-24 19:30:00,0.0,150.25848642098896
2000-01-24 19:45:00,0.0,40.65947253088524
2000-01-24 20:00:00,0.0,7.727209719420415
2000-01-24 20:15:00,0.0,80.72554418003207
2000-01-24 20:30:00,0.0,97.82466602514666
2000-01-24 20:45:00,0.0,101.79290128272237
2000-01-24 21:00:00,0.0,79.5808962203615
2000-01-24 21:15:00,0.0,42.51403213532735
2000-01-24 21:30:00,0.0,26.085873027515476
2000-01-24 21:45:00,0.0,28.059252190548378
2000-01-24 22:00:00,0.0,18.23985238471488
2000-01-24 22:15:00,0.0,0.0
2000-01-24 22:30:00,0.0,0.0
2000-01-24 22:45:00,0.0,0.0
2000-01-24 23:00:00,0.0,-0.0
2000-01-24 23:15:00,0.0,0.0
2000-01-24 23:30:00,0.0,0.0
2000-01-24 23:45:00,0.0,-0.0
2000-01-25 00:00:00,41.62809042073626,0.0
2000-01-25 00:15:00,59.08738572930276,0.0
2000-01-25 00:30:00,79.73792734446363,0.0
2000-01-25 00:45:00,38.4715729656469,0.0
2000-01-25 01:00:00,31.71480082931876,0.0
2000-01-25 01:15:00,28.933982963851705,0.0
2000-01-25 01:30:00,69.23414722841673,0.0
2000-01-25 01:45:00,65.91429898966402,0.0
2000-01-25 02:00:00,60.419375970897406,0.0
2000-01-25 02:15:00,41.77405592934139,0.0
2000-01-25 02:30:00,49.00193233671486,0.0
2000-01-25 02:45:00,56.51659837964223,0.0
2000-01-25 03:00:00,57.263208987559295,0.0
2000-01-25 03:15:00,64.93818348216591,0.0
2000-01-25 03:30:00,61.0011557493887,0.0
2000-01-25 03:45:00,63.37757454784859,0.0
2000-01-25 04:00:00,56.93172656294194,0.0
2000-01-25 04:15:00,56.24685205967306,0.0
2000-01-25 04:30:00,54.93570244915057,0.0
2000-01-25 04:45:00,42.05274294868093,0.0
2000-01-25 05:00:00,47.47998943587641,0.0
2000-01-25 05:15:00,54.19808085641789,0.0
2000-01-25 05:30:00,53.68957149289788,0.0
2000-01-25 05:45:00,58.2510423394026,0.0
2000-01-25 06:00:00,0.0,-0.0
2000-01-25 06:15:00,0.0,-0.0
2000-01-25 06:30:00,0.0,0.0
2000-01-25 06:45:00,0.0,0.0
2000-01-25 07:00:00,0.0,0.0
2000-01-25 07:15:00,0.0,0.0
2000-01-25 07:30:00,0.0,0.0
2000-01-25 07:45:00,0.0,0.0
2000-01-25 08:00:00,0.0,0.0
2000-01-25 08:15:00,0.0,0.0
2000-01-25 08:30:00,0.0,0.0
2000-01-25 08:45:00,0.0,0.0
2000-01-25 09:00:00,0.0,0.0
2000-01-25 09:15:00,0.0,0.0
2000-01-25 09:30:00,0.0,0.0
2000-01-25 09:45:00,0.0,0.0
2000-01-25 10:00:00,0.0,0.0
2000-01-25 10:15:00,0.0,0.0
2000-01-25 10:30:00,0.0,0.0
2000-01-25 10:45:00,0.0,0.0
2000-01-25 11:00:00,0.0,0.0
2000-01-25 11:15:00,0.0,0.0
2000-01-25 11:30:00,0.0,0.0
2000-01-25 11:45:00,0.0,0.0
2000-01-25 12:00:00,0.0,0.0
2000-01-25 12:15:00,0.0,0.0
2000-01-25 12:30:00,0.0,0.0
2000-01-25 12:45:00,0.0,0.0
2000-01-25 13:00:00,0.0,0.0
2000-01-25 13:15:00,0.0,0.0
2000-01-25 13:30:00,0.0,0.0
2000-01-25 13:45:00,0.0,0.0
2000-01-25 14:00:00,0.0,0.0
2000-01-25 14:15:00,0.0,0.0
2000-01-25 14:30:00,0.0,0.0
2000-01-25 14:45:00,0.0,0.0
2000-01-25 15:00:00,0.0,0.0
2000-01-25 15:15:00,0.0,0.0
2000-01-25 15:30:00,0.0,0.0
2000-01-25 15:45:00,0.0,0.0
2000-01-25 16:00:00,0.0,0.0
2000-01-25 16:15:00,0.0,0.0
2000-01-25 16:30:00,0.0,0.0
2000-01-25 16:45:00,0.0,0.0
2000-01-25 17:00:00,0.0,0.0
2000-01-25 17:15:00,0.0,0.0
2000-01-25 17:30:00,0.0,0.0
2000-01-25 17:45:00,0.0,0.0
2000-01-25 18:00:00,0.0,45.74519697604825
2000-01-25 18:15:00,0.0,56.61661818046332
2000-01-25 18:30:00,0.0,64.77098857841494
2000-01-25 18:45:00,0.0,113.77650627527476
2000-01-25 19:00:00,0.0,92.43383567176346
2000-01-25 19:15:00,0.0,155.91272948653642
2000-01-25 19:30:00,0.0,55.642483570102385
2000-01-25 19:45:00,0.0,114.40226769201215
2000-01-25 20:00:00,0.0,142.6309212255339
2000-01-25 20:15:00,0.0,123.30559266742883
2000-01-25 20:30:00,0.0,39.94557691763916
2000-01-25 20:45:00,0.0,144.3816786796831
2000-01-25 21:00:00,0.0,16.287735241429544
2000-01-25 21:15:00,0.0,0.8998688376699135
2000-01-25 21:30:00,0.0,-0.0
2000-01-25 21:45:00,0.0,-0.0
2000-01-25 22:00:00,0.0,0.0
2000-01-25 22:15:00,0.0,0.0
2000-01-25 22:30:00,0.8150900911707775,0.0
2000-01-25 22:45:00,0.0,0.7356188072816252
2000-01-25 23:00:00,0.0,-0.0
2000-01-25 23:15:00,0.0,-0.0
2000-01-25 23:30:00,0.0,-0.0
2000-01-25 23:45:00,0.0,-0.0
2000-01-26 00:00:00,0.0,0.0
2000-01-26 00:15:00,0.0,0.0
2000-01-26 00:30:00,0.0,0.0
2000-01-26 00:45:00,0.0,0.0
2000-01-26 01:00:00,0.0,0.0
2000-01-26 01:15:00,4.09026113165414,0.0
2000-01-26 01:30:00,0.0,0.0
2000-01-26 01:45:00,0.0,0.0
2000-01-26 02:00:00,0.0,0.0
2000-01-26 02:15:00,0.0,0.0
2000-01-26 02:30:00,0.0,0.0
2000-01-26 02:45:00,0.0,0.0
2000-01-26 03:00:00,0.0,0.0
2000-01-26 03:15:00,133.08010574759527,0.0
2000-01-26 03:30:00,130.79568863867598,0.0
2000-01-26 03:45:00,128.1647429479866,0.0
2000-01-26 04:00:00,132.0418357763376,0.0
2000-01-26 04:15:00,136.05036596008244,0.0
2000-01-26 04:30:00,95.81815966629232,0.0
2000-01-26 04:45:00,76.45692485554798,0.0
2000-01-26 05:00:00,93.16661346201593,0.0
2000-01-26 05:15:00,127.89665162073823,0.0
2000-01-26 05:30:00,123.12195859612956,0.0
2000-01-26 05:45:00,112.11669159694361,0.0
2000-01-26 06:00:00,0.0,-0.0
2000-01-26 06:15:00,0.0,0.0
2000-01-26 06:30:00,0.0,-0.0
2000-01-26 06:45:00,0.0,0.0
2000-01-26 07:00:00,0.0,0.0
2000-01-26 07:15:00,0.0,0.0
2000-01-26 07:30:00,0.0,0.0
2000-01-26 07:45:00,0.0,0.0
2000-01-26 08:00:00,0.0,0.0
2000-01-26 08:15:00,0.0,0.0
2000-01-26 08:30:00,0.0,0.0
2000-01-26 08:45:00,0.0,0.0
2000-01-26 09:00:00,0.0,0.0
2000-01-26 09:15:00,0.0,0.0
2000-01-26 09:30:00,0.0,0.0
2000-01-26 09:45:00,0.0,0.0
2000-01-26 10:00:00,0.0,0.0
2000-01-26 10:15:00,0.0,0.0
2000-01-26 10:30:00,0.0,0.0
2000-01-26 10:45:00,0.0,0.0
2000-01-26 11:00:00,0.0,0.0
2000-01-26 11:15:00,0.0,0.0
2000-01-26 11:30:00,0.0,0.0
2000-01-26 11:45:00,0.0,0.0
2000-01-26 12:00:00,0.0,0.0
2000-01-26 12:15:00,0.0,0.0
2000-01-26 12:30:00,0.0,0.0
2000-01-26 12:45:00,0.0,0.0
2000-01-26 13:00:00,0.0,0.0
2000-01-26 13:15:00,0.0,0.0
2000-01-26 13:30:00,0.0,0.0
2000-01-26 13:45:00,0.0,0.0
2000-01-26 14:00:00,0.0,0.0
2000-01-26 14:15:00,0.0,0.0
2000-01-26 14:30:00,0.0,0.0
2000-01-26 14:45:00,0.0,0.0
2000-01-26 15:00:00,0.0,0.0
2000-01-26 15:15:00,0.0,0.0
2000-01-26 15:30:00,0.0,0.0
2000-01-26 15:45:00,0.0,0.0
2000-01-26 16:00:00,0.0,0.0
2000-01-26 16:15:00,0.0,0.0
2000-01-26 16:30:00,0.0,0.0
2000-01-26 16:45:00,0.0,0.0
2000-01-26 17:00:00,0.0,0.0
2000-01-26 17:15:00,0.0,0.0
2000-01-26 17:30:00,0.0,0.0
2000-01-26 17:45:00,0.0,0.0
2000-01-26 18:00:00,0.0,57.78113496549983
2000-01-26 18:15:00,0.0,58.62676992795039
2000-01-26 18:30:00,0.0,61.96337103919576
2000-01-26 18:45:00,0.0,57.621972936925424
2000-01-26 19:00:00,0.0,60.51672223941698
2000-01-26 19:15:00,0.0,137.47780806990946
2000-01-26 19:30:00,0.0,25.341443841913726
2000-01-26 19:45:00,0.0,191.89999999999998
2000-01-26 20:00:00,0.0,4.3484958444335575
2000-01-26 20:15:00,0.0,184.42739714729595
2000-01-26 20:30:00,0.0,11.3436181376957
2000-01-26 20:45:00,0.0,48.79200910748648
2000-01-26 21:00:00,0.0,110.97831475182386
2000-01-26 21:15:00,0.0,94.88506140114075
2000-01-26 21:30:00,0.0,33.240814239769804
2000-01-26 21:45:00,0.0,17.553307841432343
2000-01-26 22:00:00,0.0,9.953758508109985
2000-01-26 22:15:00,0.0,-0.0
2000-01-26 22:30:00,0.0,0.0
2000-01-26 22:45:00,0.0,0.0
2000-01-26 23:00:00,0.0,0.0
2000-01-26 23:15:00,0.0,-0.0
2000-01-26 23:30:00,0.0,0.0
2000-01-26 23:45:00,0.0,-0.0
2000-01-27 00:00:00,15.15993155316437,0.0
2000-01-27 00:15:00,17.851188138245263,0.0
2000-01-27 00:30:00,17.86399173095151,0.0
2000-01-27 00:45:00,67.32399790469847,0.0
2000-01-27 01:00:00,65.8080101156929,0.0
2000-01-27 01:15:00,62.0302853850315,0.0
2000-01-27 01:30:00,72.45929197690013,0.0
2000-01-27 01:45:00,64.52696280515607,0.0
2000-01-27 02:00:00,74.47689830445654,0.0
2000-01-27 02:15:00,70.8074802742766,0.0
2000-01-27 02:30:00,72.93358143570502,0.0
2000-01-27 02:45:00,68.38550902519982,0.0
2000-01-27 03:00:00,57.8480944652073,0.0
2000-01-27 03:15:00,72.03451561507974,0.0
2000-01-27 03:30:00,60.48541711993023,0.0
2000-01-27 03:45:00,67.22276669286663,0.0
2000-01-27 04:00:00,70.0349793387204,0.0
2000-01-27 04:15:00,67.96150314420808,0.0
2000-01-27 04:30:00,45.53392791296572,0.0
2000-01-27 04:45:00,49.67701644049119,0.0
2000-01-27 05:00:00,59.69933514785126,0.0
2000-01-27 05:15:00,72.67531547320125,0.0
2000-01-27 05:30:00,0.0,4.204768452053751
2000-01-27 05:45:00,4.659023215572025,0.0
2000-01-27 06:00:00,0.0,-0.0
2000-01-27 06:15:00,0.0,-0.0
2000-01-27 06:30:00,0.0,0.0
2000-01-27 06:45:00,0.0,0.0
2000-01-27 07:00:00,0.0,0.0
2000-01-27 07:15:00,0.0,0.0
2000-01-27 07:30:00,0.0,0.0
2000-01-27 07:45:00,0.0,0.0
2000-01-27 08:00:00,0.0,0.0
2000-01-27 08:15:00,0.0,0.0
2000-01-27 08:30:00,0.0,0.0
2000-01-27 08:45:00,0.0,0.0
2000-01-27 09:00:00,0.0,0.0
2000-01-27 09:15:00,0.0,0.0
2000-01-27 09:30:00,0.0,0.0
2000-01-27 09:45:00,0.0,0.0
2000-01-27 10:00:00,0.0,0.0
2000-01-27 10:15:00,0.0,0.0
2000-01-27 10:30:00,0.0,0.0
2000-01-27 10:45:00,0.0,0.0
2000-01-27 11:00:00,0.0,0.0
2000-01-27 11:15:00,0.0,0.0
2000-01-27 11:30:00,0.0,0.0
2000-01-27 11:45:00,0.0,0.0
2000-01-27 12:00:00,0.0,0.0
2000-01-27 12:15:00,0.0,0.0
2000-01-27 12:30:00,0.0,0.0
2000-01-27 12:45:00,0.0,0.0
2000-01-27 13:00:00,0.0,0.0
2000-01-27 13:15:00,0.0,0.0
2000-01-27 13:30:00,0.0,0.0
2000-01-27 13:45:00,0.0,0.0
2000-01-27 14:00:00,0.0,0.0
2000-01-27 14:15:00,0.0,0.0
2000-01-27 14:30:00,0.0,0.0
2000-01-27 14:45:00,0.0,0.0
2000-01-27 15:00:00,0.0,0.0
2000-01-27 15:15:00,0.0,0.0
2000-01-27 15:30:00,0.0,0.0
2000-01-27 15:45:00,0.0,0.0
2000-01-27 16:00:00,0.0,0.0
2000-01-27 16:15:00,0.0,0.0
2000-01-27 16:30:00,0.0,0.0
2000-01-27 16:45:00,0.0,0.0
2000-01-27 17:00:00,0.0,0.0
2000-01-27 17:15:00,0.0,0.0
2000-01-27 17:30:00,0.0,0.547035245927205
2000-01-27 17:45:00,0.6061332364843589,0.0
2000-01-27 18:00:00,0.0,65.86067350548471
2000-01-27 18:15:00,0.0,84.15369213314597
2000-01-27 18:30:00,0.0,103.13042534811441
2000-01-27 18:45:00,0.0,0.0
2000-01-27 19:00:00,0.0,91.37901616614435
2000-01-27 19:15:00,0.0,107.1237103847443
2000-01-27 19:30:00,0.0,0.0
2000-01-27 19:45:00,0.0,9.216743599720331
2000-01-27 20:00:00,0.0,173.27372417856293
2000-01-27 20:15:00,0.0,105.46215025956741
2000-01-27 20:30:00,0.0,45.98095725479621
2000-01-27 20:45:00,0.0,81.3608344294324
2000-01-27 21:00:00,0.0,97.3982760049123
2000-01-27 21:15:00,0.0,59.10699218284762
2000-01-27 21:30:00,0.0,108.95427387502465
2000-01-27 21:45:00,0.0,14.455255482801434
2000-01-27 22:00:00,0.0,19.89527519470073
2000-01-27 22:15:00,0.0,0.0
2000-01-27 22:30:00,0.0,-0.0
2000-01-27 22:45:00,0.0,-0.0
2000-01-27 23:00:00,0.0,-0.0
2000-01-27 23:15:00,0.0,0.0
2000-01-27 23:30:00,0.0,0.0
2000-01-27 23:45:00,0.0,-0.0
2000-01-28 00:00:00,0.0,0.0
2000-01-28 00:15:00,0.0,0.0
2000-01-28 00:30:00,0.0,0.0
2000-01-28 00:45:00,0.0,0.0
2000-01-28 01:00:00,0.0,0.0
2000-01-28 01:15:00,-0.0,0.0
2000-01-28 01:30:00,0.0,0.0
2000-01-28 01:45:00,0.0,0.0
2000-01-28 02:00:00,137.8392328064956,0.0
2000-01-28 02:15:00,0.0,0.0
2000-01-28 02:30:00,0.0,0.0
2000-01-28 02:45:00,0.0,0.0
2000-01-28 03:00:00,0.0,0.0
2000-01-28 03:15:00,94.56125462301601,0.0
2000-01-28 03:30:00,86.27804004294237,0.0
2000-01-28 03:45:00,97.00460572014872,0.0
2000-01-28 04:00:00,140.0103694395824,0.0
2000-01-28 04:15:00,127.94821362075642,0.0
2000-01-28 04:30:00,116.11041339407407,0.0
2000-01-28 04:45:00,106.86212510058516,0.0
2000-01-28 05:00:00,116.44284116904376,0.0
2000-01-28 05:15:00,130.98103163385682,0.0
2000-01-28 05:30:00,138.76187244949858,0.0
2000-01-28 05:45:00,0.0,4.1137405220117955
2000-01-28 06:00:00,0.0,0.0
2000-01-28 06:15:00,0.0,0.0
2000-01-28 06:30:00,0.0,0.0
2000-01-28 06:45:00,0.0,0.0
2000-01-28 07:00:00,0.0,0.0
2000-01-28 07:15:00,0.0,0.0
2000-01-28 07:30:00,0.0,0.0
2000-01-28 07:45:00,0.0,0.0
2000-01-28 08:00:00,0.0,0.0
2000-01-28 08:15:00,0.0,0.0
2000-01-28 08:30:00,0.0,0.0
2000-01-28 08:45:00,0.0,0.0
2000-01-28 09:00:00,0.0,0.0
2000-01-28 09:15:00,0.0,0.0
2000-01-28 09:30:00,0.0,0.0
2000-01-28 09:45:00,0.0,0.0
2000-01-28 10:00:00,0.0,0.0
2000-01-28 10:15:00,0.0,0.0
2000-01-28 10:30:00,0.0,0.0
2000-01-28 10:45:00,0.0,0.0
2000-01-28 11:00:00,0.0,0.0
2000-01-28 11:15:00,0.0,0.0
2000-01-28 11:30:00,0.0,0.0
2000-01-28 11:45:00,0.0,0.0
2000-01-28 12:00:00,0.0,0.0
2000-01-28 12:15:00,0.0,0.0
2000-01-28 12:30:00,0.0,0.0
2000-01-28 12:45:00,0.0,0.0
2000-01-28 13:00:00,0.0,0.0
2000-01-28 13:15:00,0.0,0.0
2000-01-28 13:30:00,0.0,0.0
2000-01-28 13:45:00,0.0,0.0
2000-01-28 14:00:00,0.0,0.0
2000-01-28 14:15:00,0.0,0.0
2000-01-28 14:30:00,0.0,0.0
2000-01-28 14:45:00,0.0,0.0
2000-01-28 15:00:00,0.0,0.0
2000-01-28 15:15:00,0.0,0.0
2000-01-28 15:30:00,0.0,0.0
2000-01-28 15:45:00,0.0,0.0
2000-01-28 16:00:00,0.0,0.0
2000-01-28 16:15:00,4.558161243226335,0.0
2000-01-28 16:30:00,0.0,0.0
2000-01-28 16:45:00,0.0,0.0
2000-01-28 17:00:00,0.0,0.0
2000-01-28 17:15:00,0.0,0.0
2000-01-28 17:30:00,-0.0,0.0
2000-01-28 17:45:00,0.0,36.94830763350876
2000-01-28 18:00:00,0.0,191.89999999999998
2000-01-28 18:15:00,0.0,191.89999999999998
2000-01-28 18:30:00,0.0,191.89999999999998
2000-01-28 18:45:00,0.0,189.79908198924014
2000-01-28 19:00:00,0.0,181.42331876595435
2000-01-28 19:15:00,0.0,3.6630453866770267
2000-01-28 19:30:00,0.0,98.43304924006037
2000-01-28 19:45:00,0.0,7.322355286921237
2000-01-28 20:00:00,0.0,7.509084058383991
2000-01-28 20:15:00,0.0,0.0
2000-01-28 20:30:00,0.0,0.0
2000-01-28 20:45:00,0.0,36.56952953491134
2000-01-28 21:00:00,0.0,12.488965149477025
2000-01-28 21:15:00,0.0,0.0
2000-01-28 21:30:00,0.0,16.89526295486573
2000-01-28 21:45:00,0.0,0.0
2000-01-28 22:00:00,0.0,0.0
2000-01-28 22:15:00,0.0,0.0
2000-01-28 22:30:00,0.0,0.0
2000-01-28 22:45:00,0.0,0.0
2000-01-28 23:00:00,0.0,-0.0
2000-01-28 23:15:00,0.0,0.0
2000-01-28 23:30:00,0.0,0.0
2000-01-28 23:45:00,0.0,-0.0
2000-01-29 00:00:00,0.0,0.0
2000-01-29 00:15:00,0.0,0.0
2000-01-29 00:30:00,0.0,0.0
2000-01-29 00:45:00,0.0,0.0
2000-01-29 01:00:00,0.0,0.0
2000-01-29 01:15:00,0.0,0.0
2000-01-29 01:30:00,0.0,0.0
2000-01-29 01:45:00,0.0,0.0
2000-01-29 02:00:00,0.0,0.0
2000-01-29 02:15:00,0.0,0.0
2000-01-29 02:30:00,0.0,0.0
2000-01-29 02:45:00,0.0,0.0
2000-01-29 03:00:00,0.0,0.0
2000-01-29 03:15:00,164.25966229227956,0.0
2000-01-29 03:30:00,0.0,0.0
2000-01-29 03:45:00,0.0,0.0
2000-01-29 04:00:00,187.51661229862145,0.0
2000-01-29 04:15:00,191.89999999999998,0.0
2000-01-29 04:30:00,187.67348091792223,0.0
2000-01-29 04:45:00,0.0,0.0
2000-01-29 05:00:00,190.00953727551303,0.0
2000-01-29 05:15:00,190.4934066544268,0.0
2000-01-29 05:30:00,0.0,0.0
2000-01-29 05:45:00,180.94730056123686,0.0
2000-01-29 06:00:00,0.0,-0.0
2000-01-29 06:15:00,0.0,0.0
2000-01-29 06:30:00,0.0,0.0
2000-01-29 06:45:00,0.0,-0.0
2000-01-29 07:00:00,0.0,0.0
2000-01-29 07:15:00,0.0,0.0
2000-01-29 07:30:00,0.0,0.0
2000-01-29 07:45:00,0.0,0.0
2000-01-29 08:00:00,0.0,0.0
2000-01-29 08:15:00,0.0,0.0
2000-01-29 08:30:00,0.0,0.0
2000-01-29 08:45:00,0.0,0.0
2000-01-29 09:00:00,0.0,0.0
2000-01-29 09:15:00,0.0,0.0
2000-01-29 09:30:00,0.0,0.0
2000-01-29 09:45:00,0.0,0.0
2000-01-29 10:00:00,0.0,0.0
2000-01-29 10:15:00,0.0,0.0
2000-01-29 10:30:00,0.0,0.0
2000-01-29 10:45:00,0.0,0.0
2000-01-29 11:00:00,0.0,0.0
2000-01-29 11:15:00,0.0,0.0
2000-01-29 11:30:00,0.0,0.0
2000-01-29 11:45:00,0.0,0.0
2000-01-29 12:00:00,0.0,0.0
2000-01-29 12:15:00,0.0,0.0
2000-01-29 12:30:00,0.0,0.0
2000-01-29 12:45:00,0.0,0.0
2000-01-29 13:00:00,0.0,0.0
2000-01-29 13:15:00,0.0,0.0
2000-01-29 13:30:00,0.0,0.0
2000-01-29 13:45:00,0.0,0.0
2000-01-29 14:00:00,0.0,0.0
2000-01-29 14:15:00,0.0,0.0
2000-01-29 14:30:00,0.0,0.0
2000-01-29 14:45:00,0.0,0.0
2000-01-29 15:00:00,0.0,0.0
2000-01-29 15:15:00,0.0,0.0
2000-01-29 15:30:00,0.0,0.0
2000-01-29 15:45:00,0.0,0.0
2000-01-29 16:00:00,0.0,0.0
2000-01-29 16:15:00,0.0,0.0
2000-01-29 16:30:00,0.0,0.0
2000-01-29 16:45:00,0.0,0.0
2000-01-29 17:00:00,0.0,0.0
2000-01-29 17:15:00,0.0,0.0
2000-01-29 17:30:00,0.0,0.0
2000-01-29 17:45:00,-0.0,0.0
2000-01-29 18:00:00,0.0,16.578350403088088
2000-01-29 18:15:00,0.0,49.48278954406549
2000-01-29 18:30:00,0.0,21.268025620104623
2000-01-29 18:45:00,0.0,0.0
2000-01-29 19:00:00,0.0,17.10939849321707
2000-01-29 19:15:00,0.0,126.03681404164664
2000-01-29 19:30:00,0.0,132.45352303705735
2000-01-29 19:45:00,0.0,126.17705214725063
2000-01-29 20:00:00,0.0,96.4580843415105
2000-01-29 20:15:00,0.0,132.98669261476564
2000-01-29 20:30:00,0.0,144.5574452027886
2000-01-29 20:45:00,0.0,102.78474155304943
2000-01-29 21:00:00,0.0,104.89573834607725
2000-01-29 21:15:00,0.0,42.12279230790145
2000-01-29 21:30:00,0.0,30.12875859482935
2000-01-29 21:45:00,0.0,19.55632188034619
2000-01-29 22:00:00,0.0,4.155471872301547
2000-01-29 22:15:00,-0.0,0.0
2000-01-29 22:30:00,0.0,0.0
2000-01-29 22:45:00,0.0,0.0
2000-01-29 23:00:00,0.0,0.0
2000-01-29 23:15:00,0.0,0.0
2000-01-29 23:30:00,0.0,0.0
2000-01-29 23:45:00,0.0,-0.0
2000-01-30 00:00:00,0.0,0.0
2000-01-30 00:15:00,0.0,0.0
2000-01-30 00:30:00,0.0,0.0
2000-01-30 00:45:00,0.0,0.0
2000-01-30 01:00:00,0.0,0.0
2000-01-30 01:15:00,0.0,0.0
2000-01-30 01:30:00,0.0,0.0
2000-01-30 01:45:00,0.0,0.0
2000-01-30 02:00:00,0.0,0.0
2000-01-30 02:15:00,14.517156750795445,0.0
2000-01-30 02:30:00,0.0,0.0
2000-01-30 02:45:00,98.56356749404037,0.0
2000-01-30 03:00:00,94.42927046676641,0.0
2000-01-30 03:15:00,98.80585552293549,0.0
2000-01-30 03:30:00,89.00847555682006,0.0
2000-01-30 03:45:00,96.04865300063832,0.0
2000-01-30 04:00:00,109.96362572403652,0.0
2000-01-30 04:15:00,115.44551560917327,0.0
2000-01-30 04:30:00,101.20467236816691,0.0
2000-01-30 04:45:00,70.00906536419868,0.0
2000-01-30 05:00:00,69.80923753048573,0.0
2000-01-30 05:15:00,110.83497497283157,0.0
2000-01-30 05:30:00,114.47816061440653,0.0
2000-01-30 05:45:00,109.68176902470469,0.0
2000-01-30 06:00:00,0.0,-0.0
2000-01-30 06:15:00,0.0,0.0
2000-01-30 06:30:00,0.0,0.0
2000-01-30 06:45:00,0.0,0.0
2000-01-30 07:00:00,0.0,0.0
2000-01-30 07:15:00,0.0,0.0
2000-01-30 07:30:00,0.0,0.0
2000-01-30 07:45:00,0.0,0.0
2000-01-30 08:00:00,0.0,0.0
2000-01-30 08:15:00,0.0,0.0
2000-01-30 08:30:00,0.0,0.0
2000-01-30 08:45:00,0.0,0.0
2000-01-30 09:00:00,0.0,0.0
2000-01-30 09:15:00,0.0,0.0
2000-01-30 09:30:00,0.0,0.0
2000-01-30 09:45:00,0.0,0.0
2000-01-30 10:00:00,0.0,0.0
2000-01-30 10:15:00,0.0,0.0
2000-01-30 10:30:00,0.0,0.0
2000-01-30 10:45:00,0.0,0.0
2000-01-30 11:00:00,0.0,0.0
2000-01-30 11:15:00,0.0,0.0
2000-01-30 11:30:00,0.0,0.0
2000-01-30 11:45:00,0.0,0.0
2000-01-30 12:00:00,0.0,0.0
2000-01-30 12:15:00,0.0,0.0
2000-01-30 12:30:00,0.0,0.0
2000-01-30 12:45:00,0.0,0.0
2000-01-30 13:00:00,0.0,0.0
2000-01-30 13:15:00,0.0,0.0
2000-01-30 13:30:00,0.0,0.0
2000-01-30 13:45:00,0.0,0.0
2000-01-30 14:00:00,0.0,0.0
2000-01-30 14:15:00,0.0,0.0
2000-01-30 14:30:00,0.0,0.0
2000-01-30 14:45:00,0.0,0.0
2000-01-30 15:00:00,0.0,0.0
2000-01-30 15:15:00,0.0,0.0
2000-01-30 15:30:00,0.0,0.0
2000-01-30 15:45:00,0.0,0.0
2000-01-30 16:00:00,0.0,0.0
2000-01-30 16:15:00,0.0,0.0
2000-01-30 16:30:00,0.0,0.0
2000-01-30 16:45:00,0.0,0.0
2000-01-30 17:00:00,0.0,0.0
2000-01-30 17:15:00,0.0,0.0
2000-01-30 17:30:00,0.0,0.0
2000-01-30 17:45:00,0.0,0.0
2000-01-30 18:00:00,0.0,-0.0
2000-01-30 18:15:00,0.0,25.637417109600122
2000-01-30 18:30:00,0.0,0.9835528642336389
2000-01-30 18:45:00,0.0,91.49909797507877
2000-01-30 19:00:00,0.0,97.52508735544774
2000-01-30 19:15:00,0.0,61.43947638236011
2000-01-30 19:30:00,0.0,4.385251585406991
2000-01-30 19:45:00,0.0,67.73778547608185
2000-01-30 20:00:00,0.0,119.84380256416097
2000-01-30 20:15:00,0.0,68.17084363317605
2000-01-30 20:30:00,0.0,28.72092710905605
2000-01-30 20:45:00,0.0,55.731690282867504
2000-01-30 21:00:00,0.0,44.8884349026184
2000-01-30 21:15:00,0.0,134.33864217889783
2000-01-30 21:30:00,0.0,160.52865514944853
2000-01-30 21:45:00,0.0,129.29148895567812
2000-01-30 22:00:00,0.0,76.02984647588733
2000-01-30 22:15:00,-0.0,0.0
2000-01-30 22:30:00,0.0,0.0
2000-01-30 22:45:00,0.0,0.0
2000-01-30 23:00:00,0.0,0.0
2000-01-30 23:15:00,0.0,0.0
2000-01-30 23:30:00,0.0,-0.0
2000-01-30 23:45:00,0.0,-0.0
2000-01-31 00:00:00,0.0,0.0
2000-01-31 00:15:00,0.0,0.0
2000-01-31 00:30:00,0.0,0.0
2000-01-31 00:45:00,0.0,0.0
2000-01-31 01:00:00,0.0,0.0
2000-01-31 01:15:00,0.0,0.0
2000-01-31 01:30:00,0.0,0.0
2000-01-31 01:45:00,0.0,0.0
2000-01-31 02:00:00,0.0,0.0
2000-01-31 02:15:00,43.384885923570124,0.0
2000-01-31 02:30:00,63.14567664144863,0.0
2000-01-31 02:45:00,87.64526825639267,0.0
2000-01-31 03:00:00,0.0,0.0
2000-01-31 03:15:00,0.0,0.0
2000-01-31 03:30:00,19.280776280771462,0.0
2000-01-31 03:45:00,102.3591966330265,0.0
2000-01-31 04:00:00,131.57806392931127,0.0
2000-01-31 04:15:00,132.18742481658396,0.0
2000-01-31 04:30:00,123.18767514343652,0.0
2000-01-31 04:45:00,122.90588039574136,0.0
2000-01-31 05:00:00,130.85634258457765,0.0
2000-01-31 05:15:00,131.3969217976324,0.0
2000-01-31 05:30:00,125.55586411175133,0.0
2000-01-31 05:45:00,79.31602348575625,0.0
2000-01-31 06:00:00,0.0,-0.0
2000-01-31 06:15:00,0.0,0.0
2000-01-31 06:30:00,0.0,-0.0
2000-01-31 06:45:00,0.0,0.0
2000-01-31 07:00:00,0.0,-0.0
2000-01-31 07:15:00,0.0,0.0
2000-01-31 07:30:00,0.0,0.0
2000-01-31 07:45:00,0.0,0.0
2000-01-31 08:00:00,0.0,0.0
2000-01-31 08:15:00,0.0,0.0
2000-01-31 08:30:00,0.0,0.0
2000-01-31 08:45:00,0.0,0.0
2000-01-31 09:00:00,0.0,0.0
2000-01-31 09:15:00,0.0,0.0
2000-01-31 09:30:00,0.0,0.0
2000-01-31 09:45:00,0.0,0.0
2000-01-31 10:00:00,0.0,0.0
2000-01-31 10:15:00,0.0,0.0
2000-01-31 10:30:00,0.0,0.0
2000-01-31 10:45:00,0.0,0.0
2000-01-31 11:00:00,0.0,0.0
2000-01-31 11:15:00,0.0,0.0
2000-01-31 11:30:00,0.0,0.0
2000-01-31 11:45:00,0.0,0.0
2000-01-31 12:00:00,0.0,0.0
2000-01-31 12:15:00,0.0,0.0
2000-01-31 12:30:00,0.0,0.0
2000-01-31 12:45:00,0.0,0.0
2000-01-31 13:00:00,0.0,0.0
2000-01-31 13:15:00,0.0,0.0
2000-01-31 13:30:00,0.0,0.0
2000-01-31 13:45:00,0.0,0.0
2000-01-31 14:00:00,0.0,0.0
2000-01-31 14:15:00,0.0,0.0
2000-01-31 14:30:00,0.0,0.0
2000-01-31 14:45:00,0.0,0.0
2000-01-31 15:00:00,0.0,0.0
2000-01-31 15:15:00,0.0,0.0
2000-01-31 15:30:00,0.0,0.0
2000-01-31 15:45:00,0.0,0.0
2000-01-31 16:00:00,0.0,0.0
2000-01-31 16:15:00,0.0,0.0
2000-01-31 16:30:00,0.0,0.0
2000-01-31 16:45:00,0.0,0.0
2000-01-31 17:00:00,0.0,0.0
2000-01-31 17:15:00,0.0,0.0
2000-01-31 17:30:00,-0.0,0.0
2000-01-31 17:45:00,0.0,-0.0
2000-01-31 18:00:00,0.0,146.36192683187164
2000-01-31 18:15:00,0.0,152.9281194072291
2000-01-31 18:30:00,0.0,112.81804797571631
2000-01-31 18:45:00,0.0,138.78280164161586
2000-01-31 19:00:00,0.0,145.27598755490845
2000-01-31 19:15:00,0.0,177.52222094023136
2000-01-31 19:30:00,0.0,6.964890036635154
2000-01-31 19:45:00,0.0,64.92713359385931
2000-01-31 20:00:00,0.0,12.296903005212897
2000-01-31 20:15:00,0.0,8.896757552644033
2000-01-31 20:30:00,0.0,0.0
2000-01-31 20:45:00,0.0,138.1379747365942
2000-01-31 21:00:00,0.0,0.0
2000-01-31 21:15:00,0.0,3.502820094184017
2000-01-31 21:30:00,0.0,18.324278705220337
2000-01-31 21:45:00,0.0,25.445012413216546
2000-01-31 22:00:00,0.0,14.567125510860677
2000-01-31 22:15:00,0.0,0.0
2000-01-31 22:30:00,0.0,0.0
2000-01-31 22:45:00,0.0,0.0
2000-01-31 23:00:00,0.0,0.0
2000-01-31 23:15:00,0.0,0.0
2000-01-31 23:30:00,0.0,0.0
2000-01-31 23:45:00,0.0,-0.0
2000-02-01 00:00:00,0.0,0.0
2000-02-01 00:15:00,0.0,0.0
2000-02-01 00:30:00,0.0,0.0
2000-02-01 00:45:00,0.0,0.0
2000-02-01 01:00:00,69.46281215390992,0.0
2000-02-01 01:15:00,0.0,0.0
2000-02-01 01:30:00,0.0,0.0
2000-02-01 01:45:00,0.0,0.0
2000-02-01 02:00:00,0.0,0.0
2000-02-01 02:15:00,0.0,0.0
2000-02-01 02:30:00,86.617130447291,0.0
2000-02-01 02:45:00,46.524865000417385,0.0
2000-02-01 03:00:00,96.81890995589112,0.0
2000-02-01 03:15:00,94.90366981317807,0.0
2000-02-01 03:30:00,83.4117685667558,0.0
2000-02-01 03:45:00,89.49404108310627,0.0
2000-02-01 04:00:00,94.82214991195316,0.0
2000-02-01 04:15:00,96.69902089589249,0.0
2000-02-01 04:30:00,92.38160578280464,0.0
2000-02-01 04:45:00,87.87027856974949,0.0
2000-02-01 05:00:00,88.70731066483245,0.0
2000-02-01 05:15:00,91.41429870592903,0.0
2000-02-01 05:30:00,91.48256693438006,0.0
2000-02-01 05:45:00,82.1895715139089,0.0
2000-02-01 06:00:00,0.0,-0.0
2000-02-01 06:15:00,0.0,0.0
2000-02-01 06:30:00,0.0,-0.0
2000-02-01 06:45:00,0.0,0.0
2000-02-01 07:00:00,0.0,0.0
2000-02-01 07:15:00,0.0,0.0
2000-02-01 07:30:00,0.0,0.0
2000-02-01 07:45:00,0.0,0.0
2000-02-01 08:00:00,0.0,0.0
2000-02-01 08:15:00,0.0,0.0
2000-02-01 08:30:00,0.0,0.0
2000-02-01 08:45:00,0.0,0.0
2000-02-01 09:00:00,0.0,0.0
2000-02-01 09:15:00,0.0,0.0
2000-02-01 09:30:00,0.0,0.0
2000-02-01 09:45:00,0.0,0.0
2000-02-01 10:00:00,0.0,0.0
2000-02-01 10:15:00,0.0,0.0
2000-02-01 10:30:00,0.0,0.0
2000-02-01 10:45:00,0.0,0.0
2000-02-01 11:00:00,0.0,0.0
2000-02-01 11:15:00,0.0,0.0
2000-02-01 11:30:00,0.0,0.0
2000-02-01 11:45:00,0.0,0.0
2000-02-01 12:00:00,0.0,0.0
2000-02-01 12:15:00,0.0,0.0
2000-02-01 12:30:00,0.0,0.0
2000-02-01 12:45:00,0.0,0.0
2000-02-01 13:00:00,0.0,0.0
2000-02-01 13:15:00,0.0,0.0
2000-02-01 13:30:00,0.0,0.0
2000-02-01 13:45:00,0.0,0.0
2000-02-01 14:00:00,0.0,0.0
2000-02-01 14:15:00,0.0,0.0
2000-02-01 14:30:00,0.0,0.0
2000-02-01 14:45:00,0.0,0.0
2000-02-01 15:00:00,0.0,0.0
2000-02-01 15:15:00,0.0,0.0
2000-02-01 15:30:00,0.0,0.0
2000-02-01 15:45:00,0.0,0.0
2000-02-01 16:00:00,0.0,0.0
2000-02-01 16:15:00,0.0,0.0
2000-02-01 16:30:00,0.0,0.0
2000-02-01 16:45:00,0.0,0.0
2000-02-01 17:00:00,0.0,0.0
2000-02-01 17:15:00,0.0,0.0
2000-02-01 17:30:00,0.0,0.0
2000-02-01 17:45:00,0.0,0.0
2000-02-01 18:00:00,0.0,146.88539257585393
2000-02-01 18:15:00,0.0,100.69117762826633
2000-02-01 18:30:00,0.0,156.29404622172814
2000-02-01 18:45:00,0.0,63.332037868310415
2000-02-01 19:00:00,0.0,187.34469919771973
2000-02-01 19:15:00,0.0,124.31884984373278
2000-02-01 19:30:00,0.0,126.54572674295362
2000-02-01 19:45:00,0.0,21.80947086317039
2000-02-01 20:00:00,0.0,81.8554894790251
2000-02-01 20:15:00,0.0,0.0
2000-02-01 20:30:00,0.0,13.167677944417022
2000-02-01 20:45:00,0.0,19.251178478069164
2000-02-01 21:00:00,0.0,12.832929284674236
2000-02-01 21:15:00,0.0,90.91961130064627
2000-02-01 21:30:00,0.0,21.50371257143283
2000-02-01 21:45:00,0.0,-0.0
2000-02-01 22:00:00,26.549752915846266,0.0
2000-02-01 22:15:00,12.730791931355157,0.0
2000-02-01 22:30:00,0.0,12.067374652100682
2000-02-01 22:45:00,0.0,23.383317072498613
2000-02-01 23:00:00,0.0,0.0
2000-02-01 23:15:00,0.0,-0.0
2000-02-01 23:30:00,0.0,0.0
2000-02-01 23:45:00,0.0,-0.0
2000-02-02 00:00:00,60.87222948204068,0.0
2000-02-02 00:15:00,54.863796891776545,0.0
2000-02-02 00:30:00,60.99190725622962,0.0
2000-02-02 00:45:00,60.75507609457383,0.0
2000-02-02 01:00:00,60.62883682153412,0.0
2000-02-02 01:15:00,57.36294634809347,0.0
2000-02-02 01:30:00,59.25212847214029,0.0
2000-02-02 01:45:00,56.503943114219965,0.0
2000-02-02 02:00:00,55.53771140728914,0.0
2000-02-02 02:15:00,54.69454240880465,0.0
2000-02-02 02:30:00,55.69597384960264,0.0
2000-02-02 02:45:00,57.1577687887237,0.0
2000-02-02 03:00:00,53.283545347771344,0.0
2000-02-02 03:15:00,58.629610011891515,0.0
2000-02-02 03:30:00,57.78939348624505,0.0
2000-02-02 03:45:00,62.37607918198127,0.0
2000-02-02 04:00:00,61.27454737553409,0.0
2000-02-02 04:15:00,66.2893051003515,0.0
2000-02-02 04:30:00,57.81858633732269,0.0
2000-02-02 04:45:00,53.321248865556896,0.0
2000-02-02 05:00:00,14.766814497101088,0.0
2000-02-02 05:15:00,7.5468461724630345,0.0
2000-02-02 05:30:00,46.972987150638495,0.0
2000-02-02 05:45:00,58.41417553811534,0.0
2000-02-02 06:00:00,0.0,68.06559443518674
2000-02-02 06:15:00,0.0,42.29589082401555
2000-02-02 06:30:00,0.0,34.299371624736196
2000-02-02 06:45:00,0.0,48.46871213283697
2000-02-02 07:00:00,0.0,52.46229112614592
2000-02-02 07:15:00,0.0,16.806191808248503
2000-02-02 07:30:00,0.0,101.60837599697531
2000-02-02 07:45:00,0.0,50.756846086969986
2000-02-02 08:00:00,0.0,0.0
2000-02-02 08:15:00,0.0,34.81084157454812
2000-02-02 08:30:00,0.0,0.0
2000-02-02 08:45:00,0.0,76.79403376566758
2000-02-02 09:00:00,0.0,0.0
2000-02-02 09:15:00,0.0,0.0
2000-02-02 09:30:00,0.0,0.0
2000-02-02 09:45:00,0.0,0.0
2000-02-02 10:00:00,0.0,0.0
2000-02-02 10:15:00,0.0,0.0
2000-02-02 10:30:00,0.0,0.0
2000-02-02 10:45:00,0.0,0.0
2000-02-02 11:00:00,0.0,0.0
2000-02-02 11:15:00,0.0,0.0
2000-02-02 11:30:00,0.0,0.0
2000-02-02 11:45:00,0.0,0.0
2000-02-02 12:00:00,0.0,0.0
2000-02-02 12:15:00,0.0,0.0
2000-02-02 12:30:00,0.0,0.0
2000-02-02 12:45:00,0.0,0.0
2000-02-02 13:00:00,0.0,0.0
2000-02-02 13:15:00,0.0,0.0
2000-02-02 13:30:00,0.0,0.0
2000-02-02 13:45:00,0.0,0.0
2000-02-02 14:00:00,0.0,0.0
2000-02-02 14:15:00,0.0,0.0
2000-02-02 14:30:00,0.0,0.0
2000-02-02 14:45:00,0.0,0.0
2000-02-02 15:00:00,0.0,0.0
2000-02-02 15:15:00,0.0,0.0
2000-02-02 15:30:00,0.0,0.0
2000-02-02 15:45:00,0.0,0.0
2000-02-02 16:00:00,0.0,0.0
2000-02-02 16:15:00,0.0,0.0
2000-02-02 16:30:00,0.0,0.0
2000-02-02 16:45:00,0.0,0.0
2000-02-02 17:00:00,0.0,0.0
2000-02-02 17:15:00,0.0,0.0
2000-02-02 17:30:00,0.0,0.0
2000-02-02 17:45:00,0.0,0.0
2000-02-02 18:00:00,0.0,71.54292459904644
2000-02-02 18:15:00,0.0,73.0779309517871
2000-02-02 18:30:00,0.0,43.85114609023103
2000-02-02 18:45:00,0.0,30.50561248673114
2000-02-02 19:00:00,0.0,48.59057634069245
2000-02-02 19:15:00,0.0,50.68401242511268
2000-02-02 19:30:00,0.0,50.412079392091485
2000-02-02 19:45:00,0.0,42.13768146617068
2000-02-02 20:00:00,0.0,36.902808420304474
2000-02-02 20:15:00,0.0,32.79585020566694
2000-02-02 20:30:00,0.0,32.509751480102125
2000-02-02 20:45:00,0.0,28.40798393856231
2000-02-02 21:00:00,0.0,22.803075375402337
2000-02-02 21:15:00,0.0,23.579745100767266
2000-02-02 21:30:00,0.0,23.92080179558488
2000-02-02 21:45:00,0.0,28.661870556415987
2000-02-02 22:00:00,0.0,0.0
2000-02-02 22:15:00,0.0,0.0
2000-02-02 22:30:00,0.0,0.0
2000-02-02 22:45:00,0.0,0.0
2000-02-02 23:00:00,0.0,0.0
2000-02-02 23:15:00,0.0,0.0
2000-02-02 23:30:00,0.0,-0.0
2000-02-02 23:45:00,0.0,-0.0
2000-02-03 00:00:00,0.0,0.0
2000-02-03 00:15:00,0.0,0.0
2000-02-03 00:30:00,0.0,0.0
2000-02-03 00:45:00,0.0,0.0
2000-02-03 01:00:00,0.0,0.0
2000-02-03 01:15:00,0.0,0.0
2000-02-03 01:30:00,0.0,0.0
2000-02-03 01:45:00,0.0,0.0
2000-02-03 02:00:00,135.19409702448218,0.0
2000-02-03 02:15:00,0.0,0.0
2000-02-03 02:30:00,0.0,0.0
2000-02-03 02:45:00,0.0,0.0
2000-02-03 03:00:00,0.0,0.0
2000-02-03 03:15:00,0.0,0.0
2000-02-03 03:30:00,0.0,0.0
2000-02-03 03:45:00,0.0,0.0
2000-02-03 04:00:00,0.0,0.0
2000-02-03 04:15:00,172.71515427926755,0.0
2000-02-03 04:30:00,167.07905087463894,0.0
2000-02-03 04:45:00,160.9528342182452,0.0
2000-02-03 05:00:00,153.3097332766846,0.0
2000-02-03 05:15:00,170.21469987119227,0.0
2000-02-03 05:30:00,169.96626384488206,0.0
2000-02-03 05:45:00,163.36816661060723,0.0
2000-02-03 06:00:00,0.0,-0.0
2000-02-03 06:15:00,0.0,0.0
2000-02-03 06:30:00,0.0,0.0
2000-02-03 06:45:00,0.0,0.0
2000-02-03 07:00:00,0.0,-0.0
2000-02-03 07:15:00,0.0,0.0
2000-02-03 07:30:00,0.0,0.0
2000-02-03 07:45:00,0.0,0.0
2000-02-03 08:00:00,0.0,0.0
2000-02-03 08:15:00,0.0,0.0
2000-02-03 08:30:00,0.0,0.0
2000-02-03 08:45:00,0.0,0.0
2000-02-03 09:00:00,0.0,0.0
2000-02-03 09:15:00,0.0,0.0
2000-02-03 09:30:00,0.0,0.0
2000-02-03 09:45:00,0.0,0.0
2000-02-03 10:00:00,0.0,0.0
2000-02-03 10:15:00,0.0,0.0
2000-02-03 10:30:00,0.0,0.0
2000-02-03 10:45:00,0.0,0.0
2000-02-03 11:00:00,0.0,0.0
2000-02-03 11:15:00,0.0,0.0
2000-02-03 11:30:00,0.0,0.0
2000-02-03 11:45:00,0.0,0.0
2000-02-03 12:00:00,0.0,0.0
2000-02-03 12:15:00,0.0,0.0
2000-02-03 12:30:00,0.0,0.0
2000-02-03 12:45:00,0.0,0.0
2000-02-03 13:00:00,0.0,0.0
2000-02-03 13:15:00,0.0,0.0
2000-02-03 13:30:00,0.0,0.0
2000-02-03 13:45:00,0.0,0.0
2000-02-03 14:00:00,0.0,0.0
2000-02-03 14:15:00,0.0,0.0
2000-02-03 14:30:00,0.0,0.0
2000-02-03 14:45:00,0.0,0.0
2000-02-03 15:00:00,0.0,0.0
2000-02-03 15:15:00,0.0,0.0
2000-02-03 15:30:00,0.0,0.0
2000-02-03 15:45:00,0.0,0.0
2000-02-03 16:00:00,0.0,0.0
2000-02-03 16:15:00,0.0,0.0
2000-02-03 16:30:00,0.0,0.0
2000-02-03 16:45:00,0.0,0.0
2000-02-03 17:00:00,0.0,0.0
2000-02-03 17:15:00,0.0,0.0
2000-02-03 17:30:00,0.0,0.0
2000-02-03 17:45:00,0.0,56.51322836501933
2000-02-03 18:00:00,0.0,190.29276842798168
2000-02-03 18:15:00,0.0,19.672807624086687
2000-02-03 18:30:00,0.0,37.88021267154397
2000-02-03 18:45:00,0.0,49.1929190064707
2000-02-03 19:00:00,0.0,68.76583475969557
2000-02-03 19:15:00,0.0,134.10938455985115
2000-02-03 19:30:00,0.0,161.34678343128633
2000-02-03 19:45:00,0.0,191.89999999999998
2000-02-03 20:00:00,0.0,108.5391614656956
2000-02-03 20:15:00,0.0,54.11035065280706
2000-02-03 20:30:00,0.0,54.32646318888757
2000-02-03 20:45:00,0.0,35.814132589988446
2000-02-03 21:00:00,0.0,4.28795325668591
2000-02-03 21:15:00,0.0,0.0
2000-02-03 21:30:00,0.0,0.0
2000-02-03 21:45:00,0.0,-0.0
2000-02-03 22:00:00,0.0,0.0
2000-02-03 22:15:00,0.0,0.0
2000-02-03 22:30:00,0.0,0.0
2000-02-03 22:45:00,0.0,0.0
2000-02-03 23:00:00,0.0,0.0
2000-02-03 23:15:00,0.0,-0.0
2000-02-03 23:30:00,0.0,0.0
2000-02-03 23:45:00,0.0,-0.0
2000-02-04 00:00:00,-0.0,0.0
2000-02-04 00:15:00,0.0,0.0
2000-02-04 00:30:00,53.8432977936583,0.0
2000-02-04 00:45:00,57.10478142974691,0.0
2000-02-04 01:00:00,68.06690288574902,0.0
2000-02-04 01:15:00,66.52857443161955,0.0
2000-02-04 01:30:00,30.18900945775504,0.0
2000-02-04 01:45:00,11.600026431999012,0.0
2000-02-04 02:00:00,51.50338229031658,0.0
2000-02-04 02:15:00,61.80161331855884,0.0
2000-02-04 02:30:00,63.787413381895945,0.0
2000-02-04 02:45:00,46.69968266902186,0.0
2000-02-04 03:00:00,44.103372380416914,0.0
2000-02-04 03:15:00,52.00282541799634,0.0
2000-02-04 03:30:00,63.58742113066,0.0
2000-02-04 03:45:00,59.67081932806206,0.0
2000-02-04 04:00:00,65.95815999601133,0.0
2000-02-04 04:15:00,71.32411460274975,0.0
2000-02-04 04:30:00,66.54856018689507,0.0
2000-02-04 04:45:00,71.88030141996731,0.0
2000-02-04 05:00:00,71.13261971795256,0.0
2000-02-04 05:15:00,75.41446858705949,0.0
2000-02-04 05:30:00,68.4736963610676,0.0
2000-02-04 05:45:00,71.57895678084053,0.0
2000-02-04 06:00:00,0.0,-0.0
2000-02-04 06:15:00,0.0,9.190599545608023
2000-02-04 06:30:00,0.0,0.0
2000-02-04 06:45:00,0.0,0.0
2000-02-04 07:00:00,0.0,0.0
2000-02-04 07:15:00,0.0,0.0
2000-02-04 07:30:00,0.0,0.0
2000-02-04 07:45:00,0.0,0.0
2000-02-04 08:00:00,0.0,0.0
2000-02-04 08:15:00,0.0,0.0
2000-02-04 08:30:00,0.0,0.0
2000-02-04 08:45:00,0.0,0.0
2000-02-04 09:00:00,0.0,0.0
2000-02-04 09:15:00,0.0,0.0
2000-02-04 09:30:00,0.0,0.0
2000-02-04 09:45:00,0.0,0.0
2000-02-04 10:00:00,0.0,0.0
2000-02-04 10:15:00,0.0,0.0
2000-02-04 10:30:00,0.0,0.0
2000-02-04 10:45:00,0.0,0.0
2000-02-04 11:00:00,0.0,0.0
2000-02-04 11:15:00,0.0,0.0
2000-02-04 11:30:00,0.0,0.0
2000-02-04 11:45:00,0.0,0.0
2000-02-04 12:00:00,0.0,0.0
2000-02-04 12:15:00,0.0,0.0
2000-02-04 12:30:00,0.0,0.0
2000-02-04 12:45:00,0.0,0.0
2000-02-04 13:00:00,0.0,0.0
2000-02-04 13:15:00,0.0,0.0
2000-02-04 13:30:00,0.0,0.0
2000-02-04 13:45:00,0.0,0.0
2000-02-04 14:00:00,0.0,0.0
2000-02-04 14:15:00,0.0,0.0
2000-02-04 14:30:00,0.0,0.0
2000-02-04 14:45:00,0.0,0.0
2000-02-04 15:00:00,0.0,0.0
2000-02-04 15:15:00,0.0,0.0
2000-02-04 15:30:00,0.0,0.0
2000-02-04 15:45:00,0.0,0.0
2000-02-04 16:00:00,0.0,0.0
2000-02-04 16:15:00,0.0,0.0
2000-02-04 16:30:00,0.0,0.0
2000-02-04 16:45:00,10.183489801227696,0.0
2000-02-04 17:00:00,0.0,0.0
2000-02-04 17:15:00,0.0,0.0
2000-02-04 17:30:00,0.0,0.0
2000-02-04 17:45:00,0.0,0.0
2000-02-04 18:00:00,0.0,92.71276449267653
2000-02-04 18:15:00,0.0,71.84971935367693
2000-02-04 18:30:00,0.0,101.41257909487581
2000-02-04 18:45:00,0.0,26.340622331330238
2000-02-04 19:00:00,0.0,22.05656032261132
2000-02-04 19:15:00,0.0,109.89399927348764
2000-02-04 19:30:00,0.0,22.519100771056344
2000-02-04 19:45:00,0.0,28.3265317837523
2000-02-04 20:00:00,0.0,59.906529416005895
2000-02-04 20:15:00,0.0,141.844035707487
2000-02-04 20:30:00,0.0,56.18162874906051
2000-02-04 20:45:00,0.0,144.16934655422799
2000-02-04 21:00:00,0.0,51.2915810306917
2000-02-04 21:15:00,0.0,64.57574995463166
2000-02-04 21:30:00,0.0,68.60527192909365
2000-02-04 21:45:00,0.0,60.83089869398211
2000-02-04 22:00:00,0.0,44.2350805413524
2000-02-04 22:15:00,0.0,0.0
2000-02-04 22:30:00,4.734479621226671,0.0
2000-02-04 22:45:00,0.0,0.0
2000-02-04 23:00:00,0.0,4.2728678581570705
2000-02-04 23:15:00,0.0,0.0
2000-02-04 23:30:00,0.0,-0.0
2000-02-04 23:45:00,0.0,-0.0
2000-02-05 00:00:00,75.52921436787155,0.0
2000-02-05 00:15:00,68.01508984675039,0.0
2000-02-05 00:30:00,56.804252209067926,0.0
2000-02-05 00:45:00,45.455812519278254,0.0
2000-02-05 01:00:00,47.11548642710562,0.0
2000-02-05 01:15:00,50.44316528790908,0.0
2000-02-05 01:30:00,49.034038296455535,0.0
2000-02-05 01:45:00,44.289437966395965,0.0
2000-02-05 02:00:00,47.14674443832209,0.0
2000-02-05 02:15:00,47.95777535991314,0.0
2000-02-05 02:30:00,46.07228747561365,0.0
2000-02-05 02:45:00,43.21076087834881,0.0
2000-02-05 03:00:00,43.80525554264594,0.0
2000-02-05 03:15:00,42.70756302700143,0.0
2000-02-05 03:30:00,42.62812310891593,0.0
2000-02-05 03:45:00,43.81604141061089,0.0
2000-02-05 04:00:00,47.400014184512116,0.0
2000-02-05 04:15:00,48.771947825154385,0.0
2000-02-05 04:30:00,49.8584386300183,0.0
2000-02-05 04:45:00,48.927678248231445,0.0
2000-02-05 05:00:00,45.4359674140554,0.0
2000-02-05 05:15:00,49.09077432319907,0.0
2000-02-05 05:30:00,96.87952806565455,0.0
2000-02-05 05:45:00,112.404603146969,0.0
2000-02-05 06:00:00,0.0,113.83846446868107
2000-02-05 06:15:00,0.0,142.09133641220822
2000-02-05 06:30:00,0.0,12.842494893082176
2000-02-05 06:45:00,0.0,0.0
2000-02-05 07:00:00,0.0,0.0
2000-02-05 07:15:00,0.0,0.0
2000-02-05 07:30:00,0.0,0.0
2000-02-05 07:45:00,0.0,90.22865270422142
2000-02-05 08:00:00,0.0,0.0
2000-02-05 08:15:00,0.0,0.0
2000-02-05 08:30:00,0.0,0.0
2000-02-05 08:45:00,0.0,0.0
2000-02-05 09:00:00,0.0,0.0
2000-02-05 09:15:00,0.0,0.0
2000-02-05 09:30:00,0.0,0.0
2000-02-05 09:45:00,0.0,0.0
2000-02-05 10:00:00,0.0,0.0
2000-02-05 10:15:00,0.0,0.0
2000-02-05 10:30:00,0.0,0.0
2000-02-05 10:45:00,0.0,0.0
2000-02-05 11:00:00,0.0,0.0
2000-02-05 11:15:00,0.0,0.0
2000-02-05 11:30:00,0.0,0.0
2000-02-05 11:45:00,0.0,0.0
2000-02-05 12:00:00,0.0,0.0
2000-02-05 12:15:00,0.0,0.0
2000-02-05 12:30:00,0.0,0.0
2000-02-05 12:45:00,0.0,0.0
2000-02-05 13:00:00,0.0,0.0
2000-02-05 13:15:00,0.0,0.0
2000-02-05 13:30:00,0.0,0.0
2000-02-05 13:45:00,0.0,0.0
2000-02-05 14:00:00,0.0,0.0
2000-02-05 14:15:00,0.0,0.0
2000-02-05 14:30:00,0.0,0.0
2000-02-05 14:45:00,0.0,0.0
2000-02-05 15:00:00,0.0,0.0
2000-02-05 15:15:00,0.0,0.0
2000-02-05 15:30:00,0.0,0.0
2000-02-05 15:45:00,0.0,0.0
2000-02-05 16:00:00,0.0,0.0
2000-02-05 16:15:00,0.0,0.0
2000-02-05 16:30:00,0.0,0.0
2000-02-05 16:45:00,0.0,0.0
2000-02-05 17:00:00,0.0,0.0
2000-02-05 17:15:00,0.0,0.0
2000-02-05 17:30:00,0.0,0.0
2000-02-05 17:45:00,0.0,0.0
2000-02-05 18:00:00,0.0,45.92508861975119
2000-02-05 18:15:00,0.0,75.05967713232258
2000-02-05 18:30:00,0.0,79.22724180576623
2000-02-05 18:45:00,0.0,64.92371825114046
2000-02-05 19:00:00,0.0,40.00442317962674
2000-02-05 19:15:00,0.0,46.72982548011541
2000-02-05 19:30:00,0.0,62.9703380053931
2000-02-05 19:45:00,0.0,67.40724754908331
2000-02-05 20:00:00,0.0,51.90750109972315
2000-02-05 20:15:00,0.0,38.4445940359537
2000-02-05 20:30:00,0.0,31.06258853957793
2000-02-05 20:45:00,0.0,38.354176809005914
2000-02-05 21:00:00,0.0,42.34431445624609
2000-02-05 21:15:00,0.0,39.45235632964034
2000-02-05 21:30:00,0.0,43.28633220498891
2000-02-05 21:45:00,0.0,40.651628023472156
2000-02-05 22:00:00,0.0,0.0
2000-02-05 22:15:00,0.0,0.0
2000-02-05 22:30:00,0.0,0.0
2000-02-05 22:45:00,0.0,0.0
2000-02-05 23:00:00,0.0,-0.0
2000-02-05 23:15:00,0.0,-0.0
2000-02-05 23:30:00,0.0,-0.0
2000-02-05 23:45:00,0.0,-0.0
2000-02-06 00:00:00,-0.0,0.0
2000-02-06 00:15:00,-0.0,0.0
2000-02-06 00:30:00,-0.0,0.0
2000-02-06 00:45:00,-0.0,0.0
2000-02-06 01:00:00,0.0,0.0
2000-02-06 01:15:00,0.0,0.0
2000-02-06 01:30:00,0.0,0.0
2000-02-06 01:45:00,0.0,0.0
2000-02-06 02:00:00,0.0,0.0
2000-02-06 02:15:00,126.41712715146127,0.0
2000-02-06 02:30:00,5.562489225745941,0.0
2000-02-06 02:45:00,0.0,0.0
2000-02-06 03:00:00,0.0,0.0
2000-02-06 03:15:00,126.2745921396822,0.0
2000-02-06 03:30:00,75.04145855524509,0.0
2000-02-06 03:45:00,80.65777713513957,0.0
2000-02-06 04:00:00,82.60079515791372,0.0
2000-02-06 04:15:00,117.87457696163871,0.0
2000-02-06 04:30:00,120.713684423908,0.0
2000-02-06 04:45:00,128.8369594879515,0.0
2000-02-06 05:00:00,130.35520121475525,0.0
2000-02-06 05:15:00,128.79363612526564,0.0
2000-02-06 05:30:00,131.17295540017855,0.0
2000-02-06 05:45:00,38.498747021114596,0.0
2000-02-06 06:00:00,0.0,-0.0
2000-02-06 06:15:00,0.0,0.0
2000-02-06 06:30:00,0.0,-0.0
2000-02-06 06:45:00,0.0,0.0
2000-02-06 07:00:00,0.0,10.322553134222517
2000-02-06 07:15:00,0.0,0.0
2000-02-06 07:30:00,0.0,0.0
2000-02-06 07:45:00,0.0,0.0
2000-02-06 08:00:00,0.0,0.0
2000-02-06 08:15:00,0.0,14.416603552250365
2000-02-06 08:30:00,0.0,0.0
2000-02-06 08:45:00,0.0,0.0
2000-02-06 09:00:00,0.0,0.0
2000-02-06 09:15:00,0.0,0.0
2000-02-06 09:30:00,0.0,0.0
2000-02-06 09:45:00,0.0,0.0
2000-02-06 10:00:00,0.0,0.0
2000-02-06 10:15:00,0.0,0.0
2000-02-06 10:30:00,0.0,0.0
2000-02-06 10:45:00,0.0,0.0
2000-02-06 11:00:00,0.0,0.0
2000-02-06 11:15:00,0.0,0.0
2000-02-06 11:30:00,0.0,0.0
2000-02-06 11:45:00,0.0,0.0
2000-02-06 12:00:00,0.0,0.0
2000-02-06 12:15:00,0.0,0.0
2000-02-06 12:30:00,0.0,0.0
2000-02-06 12:45:00,0.0,0.0
2000-02-06 13:00:00,0.0,0.0
2000-02-06 13:15:00,0.0,0.0
2000-02-06 13:30:00,0.0,0.0
2000-02-06 13:45:00,0.0,0.0
2000-02-06 14:00:00,0.0,0.0
2000-02-06 14:15:00,0.0,0.0
2000-02-06 14:30:00,0.0,0.0
2000-02-06 14:45:00,0.0,0.0
2000-02-06 15:00:00,0.0,0.0
2000-02-06 15:15:00,0.0,0.0
2000-02-06 15:30:00,0.0,0.0
2000-02-06 15:45:00,0.0,0.0
2000-02-06 16:00:00,0.0,0.0
2000-02-06 16:15:00,0.0,0.0
2000-02-06 16:30:00,0.0,0.0
2000-02-06 16:45:00,0.0,0.0
2000-02-06 17:00:00,0.0,0.0
2000-02-06 17:15:00,0.0,0.0
2000-02-06 17:30:00,0.0,0.0
2000-02-06 17:45:00,27.411807962850954,0.0
2000-02-06 18:00:00,0.0,56.32573962858437
2000-02-06 18:15:00,0.0,47.812366611436794
2000-02-06 18:30:00,0.0,52.3228584286002
2000-02-06 18:45:00,0.0,122.2937676452008
2000-02-06 19:00:00,0.0,120.65509507509658
2000-02-06 19:15:00,0.0,105.75024446555699
2000-02-06 19:30:00,0.0,118.98163164095209
2000-02-06 19:45:00,0.0,161.9180975138798
2000-02-06 20:00:00,0.0,168.60103522514302
2000-02-06 20:15:00,0.0,17.313123577884284
2000-02-06 20:30:00,0.0,13.306622998379055
2000-02-06 20:45:00,0.0,25.708065417258155
2000-02-06 21:00:00,0.0,45.57055675395594
2000-02-06 21:15:00,0.0,39.02373314716036
2000-02-06 21:30:00,0.0,71.16906187091148
2000-02-06 21:45:00,0.0,-0.0
2000-02-06 22:00:00,2.361337893595982,0.0
2000-02-06 22:15:00,0.0,2.131107448970374
2000-02-06 22:30:00,0.0,0.0
2000-02-06 22:45:00,0.0,0.0
2000-02-06 23:00:00,0.0,0.0
2000-02-06 23:15:00,0.0,-0.0
2000-02-06 23:30:00,0.0,0.0
2000-02-06 23:45:00,0.0,-0.0
2000-02-07 00:00:00,0.0,0.0
2000-02-07 00:15:00,0.0,0.0
2000-02-07 00:30:00,0.0,0.0
2000-02-07 00:45:00,0.0,0.0
2000-02-07 01:00:00,0.0,0.0
2000-02-07 01:15:00,0.0,0.0
2000-02-07 01:30:00,0.0,0.0
2000-02-07 01:45:00,0.0,0.0
2000-02-07 02:00:00,0.0,0.0
2000-02-07 02:15:00,0.0,0.0
2000-02-07 02:30:00,56.661327257545544,0.0
2000-02-07 02:45:00,0.0,0.0
2000-02-07 03:00:00,0.0,0.0
2000-02-07 03:15:00,0.0,0.0
2000-02-07 03:30:00,161.67703964362028,0.0
2000-02-07 03:45:00,0.0,0.0
2000-02-07 04:00:00,0.0,0.0
2000-02-07 04:15:00,153.94234426961484,0.0
2000-02-07 04:30:00,157.57104684315422,0.0
2000-02-07 04:45:00,160.19966570399055,0.0
2000-02-07 05:00:00,153.2873419018772,0.0
2000-02-07 05:15:00,146.83216853137301,0.0
2000-02-07 05:30:00,148.7932930158029,0.0
2000-02-07 05:45:00,153.83577283302134,0.0
2000-02-07 06:00:00,0.0,-0.0
2000-02-07 06:15:00,0.0,-0.0
2000-02-07 06:30:00,0.0,-0.0
2000-02-07 06:45:00,0.0,-0.0
2000-02-07 07:00:00,0.0,0.0
2000-02-07 07:15:00,0.0,0.0
2000-02-07 07:30:00,0.0,0.0
2000-02-07 07:45:00,0.0,0.0
2000-02-07 08:00:00,0.0,0.0
2000-02-07 08:15:00,0.0,0.0
2000-02-07 08:30:00,0.0,0.0
2000-02-07 08:45:00,0.0,0.0
2000-02-07 09:00:00,0.0,0.0
2000-02-07 09:15:00,0.0,0.0
2000-02-07 09:30:00,0.0,0.0
2000-02-07 09:45:00,0.0,0.0
2000-02-07 10:00:00,0.0,0.0
2000-02-07 10:15:00,0.0,0.0
2000-02-07 10:30:00,0.0,0.0
2000-02-07 10:45:00,0.0,0.0
2000-02-07 11:00:00,0.0,0.0
2000-02-07 11:15:00,0.0,0.0
2000-02-07 11:30:00,0.0,0.0
2000-02-07 11:45:00,0.0,0.0
2000-02-07 12:00:00,0.0,0.0
2000-02-07 12:15:00,0.0,0.0
2000-02-07 12:30:00,0.0,0.0
2000-02-07 12:45:00,0.0,0.0
2000-02-07 13:00:00,0.0,0.0
2000-02-07 13:15:00,0.0,0.0
2000-02-07 13:30:00,0.0,0.0
2000-02-07 13:45:00,0.0,0.0
2000-02-07 14:00:00,0.0,0.0
2000-02-07 14:15:00,0.0,0.0
2000-02-07 14:30:00,0.0,0.0
2000-02-07 14:45:00,0.0,0.0
2000-02-07 15:00:00,0.0,0.0
2000-02-07 15:15:00,0.0,0.0
2000-02-07 15:30:00,0.0,0.0
2000-02-07 15:45:00,0.0,0.0
2000-02-07 16:00:00,0.0,0.0
2000-02-07 16:15:00,0.0,0.0
2000-02-07 16:30:00,0.0,0.0
2000-02-07 16:45:00,0.0,23.75114511629488
2000-02-07 17:00:00,7.660942622929564,0.0
2000-02-07 17:15:00,18.656115677674137,0.0
2000-02-07 17:30:00,0.0,14.306906153717279
2000-02-07 17:45:00,10.558338904840724,0.0
2000-02-07 18:00:00,0.0,165.96207142848837
2000-02-07 18:15:00,0.0,128.47595304619435
2000-02-07 18:30:00,0.0,180.12864947191426
2000-02-07 18:45:00,0.0,100.70897777962725
2000-02-07 19:00:00,0.0,120.81445722427245
2000-02-07 19:15:00,0.0,77.70247261407005
2000-02-07 19:30:00,0.0,29.84915634916132
2000-02-07 19:45:00,0.0,0.0
2000-02-07 20:00:00,0.0,7.427629098931192
2000-02-07 20:15:00,0.0,33.981273704454765
2000-02-07 20:30:00,0.0,82.39825563026321
2000-02-07 20:45:00,0.0,85.41615434910514
2000-02-07 21:00:00,0.0,75.74765838418287
2000-02-07 21:15:00,0.0,41.49962948245695
2000-02-07 21:30:00,0.0,25.262591670137596
2000-02-07 21:45:00,0.0,6.599064474641949
2000-02-07 22:00:00,-0.0,0.0
2000-02-07 22:15:00,0.0,0.0
2000-02-07 22:30:00,0.0,0.0
2000-02-07 22:45:00,0.0,0.0
2000-02-07 23:00:00,0.0,0.0
2000-02-07 23:15:00,0.0,-0.0
2000-02-07 23:30:00,0.0,0.0
2000-02-07 23:45:00,0.0,-0.0
2000-02-08 00:00:00,0.0,0.0
2000-02-08 00:15:00,0.0,0.0
2000-02-08 00:30:00,0.0,0.0
2000-02-08 00:45:00,0.0,0.0
2000-02-08 01:00:00,0.0,0.0
2000-02-08 01:15:00,0.0,0.0
2000-02-08 01:30:00,0.0,0.0
2000-02-08 01:45:00,0.0,0.0
2000-02-08 02:00:00,0.0,0.0
2000-02-08 02:15:00,136.34415224171636,0.0
2000-02-08 02:30:00,0.0,0.0
2000-02-08 02:45:00,130.79283548099465,0.0
2000-02-08 03:00:00,1.4984842724629146,0.0
2000-02-08 03:15:00,0.0,0.0
2000-02-08 03:30:00,0.0,0.0
2000-02-08 03:45:00,137.27953237511554,0.0
2000-02-08 04:00:00,136.739900092053,0.0
2000-02-08 04:15:00,133.90344223815836,0.0
2000-02-08 04:30:00,99.79793602118372,0.0
2000-02-08 04:45:00,81.00118895159328,0.0
2000-02-08 05:00:00,122.24016642621018,0.0
2000-02-08 05:15:00,136.91111126635013,0.0
2000-02-08 05:30:00,114.77893400926574,0.0
2000-02-08 05:45:00,61.512316624895945,0.0
2000-02-08 06:00:00,0.0,8.774978481381567
2000-02-08 06:15:00,0.0,0.0
2000-02-08 06:30:00,0.0,0.0
2000-02-08 06:45:00,0.0,0.0
2000-02-08 07:00:00,0.0,0.0
2000-02-08 07:15:00,0.0,0.0
2000-02-08 07:30:00,0.0,0.0
2000-02-08 07:45:00,0.0,0.0
2000-02-08 08:00:00,0.0,0.0
2000-02-08 08:15:00,0.0,0.0
2000-02-08 08:30:00,0.0,0.0
2000-02-08 08:45:00,0.0,0.0
2000-02-08 09:00:00,0.0,0.0
2000-02-08 09:15:00,0.0,0.0
2000-02-08 09:30:00,0.0,0.0
2000-02-08 09:45:00,0.0,0.0
2000-02-08 10:00:00,0.0,0.0
2000-02-08 10:15:00,0.0,0.0
2000-02-08 10:30:00,0.0,0.0
2000-02-08 10:45:00,0.0,0.0
2000-02-08 11:00:00,0.0,0.0
2000-02-08 11:15:00,0.0,0.0
2000-02-08 11:30:00,0.0,0.0
2000-02-08 11:45:00,0.0,0.0
2000-02-08 12:00:00,0.0,0.0
2000-02-08 12:15:00,0.0,0.0
2000-02-08 12:30:00,0.0,0.0
2000-02-08 12:45:00,0.0,0.0
2000-02-08 13:00:00,0.0,0.0
2000-02-08 13:15:00,0.0,0.0
2000-02-08 13:30:00,0.0,0.0
2000-02-08 13:45:00,0.0,0.0
2000-02-08 14:00:00,0.0,0.0
2000-02-08 14:15:00,0.0,0.0
2000-02-08 14:30:00,0.0,0.0
2000-02-08 14:45:00,0.0,0.0
2000-02-08 15:00:00,0.0,0.0
2000-02-08 15:15:00,0.0,0.0
2000-02-08 15:30:00,0.0,0.0
2000-02-08 15:45:00,9.722967846406199,0.0
2000-02-08 16:00:00,0.0,0.0
2000-02-08 16:15:00,0.0,0.0
2000-02-08 16:30:00,0.0,0.0
2000-02-08 16:45:00,0.0,0.0
2000-02-08 17:00:00,0.0,0.0
2000-02-08 17:15:00,0.0,0.0
2000-02-08 17:30:00,0.0,0.0
2000-02-08 17:45:00,0.0,0.0
2000-02-08 18:00:00,0.0,-0.0
2000-02-08 18:15:00,0.0,0.0
2000-02-08 18:30:00,0.0,109.3917997578929
2000-02-08 18:45:00,0.0,104.8805396138178
2000-02-08 19:00:00,0.0,84.52993057384984
2000-02-08 19:15:00,0.0,101.29513503316255
2000-02-08 19:30:00,0.0,47.01344595547306
2000-02-08 19:45:00,0.0,70.79177191474264
2000-02-08 20:00:00,0.0,157.17614088660483
2000-02-08 20:15:00,0.0,152.29984288632969
2000-02-08 20:30:00,0.0,117.7105238326512
2000-02-08 20:45:00,0.0,94.7805748490533
2000-02-08 21:00:00,0.0,61.94967261182535
2000-02-08 21:15:00,0.0,45.38745655429122
2000-02-08 21:30:00,0.0,18.4230569682139
2000-02-08 21:45:00,0.0,1.1221085620913698
2000-02-08 22:00:00,0.0,0.0
2000-02-08 22:15:00,0.0,0.0
2000-02-08 22:30:00,0.0,0.0
2000-02-08 22:45:00,0.0,-0.0
2000-02-08 23:00:00,0.0,-0.0
2000-02-08 23:15:00,0.0,0.0
2000-02-08 23:30:00,0.0,-0.0
2000-02-08 23:45:00,0.0,-0.0
2000-02-09 00:00:00,0.0,0.0
2000-02-09 00:15:00,0.0,0.0
2000-02-09 00:30:00,0.0,0.0
2000-02-09 00:45:00,0.0,0.0
2000-02-09 01:00:00,0.0,0.0
2000-02-09 01:15:00,0.0,0.0
2000-02-09 01:30:00,0.0,0.0
2000-02-09 01:45:00,0.0,0.0
2000-02-09 02:00:00,0.0,0.0
2000-02-09 02:15:00,0.0,0.0
2000-02-09 02:30:00,0.0,0.0
2000-02-09 02:45:00,0.0,0.0
2000-02-09 03:00:00,0.0,0.0
2000-02-09 03:15:00,0.0,0.0
2000-02-09 03:30:00,0.0,0.0
2000-02-09 03:45:00,0.0,0.0
2000-02-09 04:00:00,0.0,0.0
2000-02-09 04:15:00,191.89999999999998,0.0
2000-02-09 04:30:00,191.89999999999998,0.0
2000-02-09 04:45:00,191.89999999999998,0.0
2000-02-09 05:00:00,191.89999999999998,0.0
2000-02-09 05:15:00,191.89999999999998,0.0
2000-02-09 05:30:00,141.39999999999992,0.0
2000-02-09 05:45:00,191.89999999999998,0.0
2000-02-09 06:00:00,0.0,-0.0
2000-02-09 06:15:00,0.0,0.0
2000-02-09 06:30:00,0.0,0.0
2000-02-09 06:45:00,0.0,0.0
2000-02-09 07:00:00,0.0,0.0
2000-02-09 07:15:00,0.0,0.0
2000-02-09 07:30:00,0.0,0.0
2000-02-09 07:45:00,0.0,-0.0
2000-02-09 08:00:00,0.0,0.0
2000-02-09 08:15:00,0.0,0.0
2000-02-09 08:30:00,0.0,0.0
2000-02-09 08:45:00,0.0,0.0
2000-02-09 09:00:00,0.0,0.0
2000-02-09 09:15:00,0.0,0.0
2000-02-09 09:30:00,0.0,0.0
2000-02-09 09:45:00,0.0,0.0
2000-02-09 10:00:00,0.0,0.0
2000-02-09 10:15:00,0.0,0.0
2000-02-09 10:30:00,0.0,0.0
2000-02-09 10:45:00,0.0,0.0
2000-02-09 11:00:00,0.0,0.0
2000-02-09 11:15:00,0.0,0.0
2000-02-09 11:30:00,0.0,0.0
2000-02-09 11:45:00,0.0,0.0
2000-02-09 12:00:00,0.0,0.0
2000-02-09 12:15:00,0.0,0.0
2000-02-09 12:30:00,0.0,0.0
2000-02-09 12:45:00,0.0,0.0
2000-02-09 13:00:00,0.0,0.0
2000-02-09 13:15:00,0.0,0.0
2000-02-09 13:30:00,0.0,0.0
2000-02-09 13:45:00,0.0,0.0
2000-02-09 14:00:00,0.0,0.0
2000-02-09 14:15:00,0.0,0.0
2000-02-09 14:30:00,0.0,0.0
2000-02-09 14:45:00,0.0,0.0
2000-02-09 15:00:00,0.0,0.0
2000-02-09 15:15:00,0.0,0.0
2000-02-09 15:30:00,0.0,0.0
2000-02-09 15:45:00,0.0,0.0
2000-02-09 16:00:00,0.0,0.0
2000-02-09 16:15:00,0.0,0.0
2000-02-09 16:30:00,0.0,0.0
2000-02-09 16:45:00,0.0,5.241150015105802
2000-02-09 17:00:00,0.0,32.18759060717639
2000-02-09 17:15:00,0.0,10.98875447305113
2000-02-09 17:30:00,23.728178264730513,0.0
2000-02-09 17:45:00,29.920015746718775,0.0
2000-02-09 18:00:00,0.0,191.89999999999998
2000-02-09 18:15:00,0.0,191.89999999999998
2000-02-09 18:30:00,0.0,62.438099268805786
2000-02-09 18:45:00,0.0,60.42574320507964
2000-02-09 19:00:00,0.0,160.85478066783602
2000-02-09 19:15:00,0.0,19.459364928400248
2000-02-09 19:30:00,0.0,191.89999999999998
2000-02-09 19:45:00,0.0,191.89999999999998
2000-02-09 20:00:00,0.0,23.049757014878253
2000-02-09 20:15:00,0.0,0.0
2000-02-09 20:30:00,0.0,0.0
2000-02-09 20:45:00,0.0,37.163337267243776
2000-02-09 21:00:00,0.0,35.495358138758036
2000-02-09 21:15:00,0.0,0.0
2000-02-09 21:30:00,0.0,0.0
2000-02-09 21:45:00,0.0,0.2655595089981375
2000-02-09 22:00:00,0.0,0.0
2000-02-09 22:15:00,0.0,-0.0
2000-02-09 22:30:00,0.0,0.0
2000-02-09 22:45:00,0.0,0.0
2000-02-09 23:00:00,0.0,0.0
2000-02-09 23:15:00,0.0,-0.0
2000-02-09 23:30:00,0.0,0.0
2000-02-09 23:45:00,0.0,-0.0
2000-02-10 00:00:00,0.0,0.0
2000-02-10 00:15:00,0.0,0.0
2000-02-10 00:30:00,0.0,0.0
2000-02-10 00:45:00,0.0,0.0
2000-02-10 01:00:00,0.0,0.0
2000-02-10 01:15:00,0.0,0.0
2000-02-10 01:30:00,0.0,0.0
2000-02-10 01:45:00,0.0,0.0
2000-02-10 02:00:00,0.0,0.0
2000-02-10 02:15:00,0.0,0.0
2000-02-10 02:30:00,146.9159423101044,0.0
2000-02-10 02:45:00,0.0,0.0
2000-02-10 03:00:00,0.0,0.0
2000-02-10 03:15:00,0.0,0.0
2000-02-10 03:30:00,0.0,0.0
2000-02-10 03:45:00,143.34344994294153,0.0
2000-02-10 04:00:00,143.54362648065305,0.0
2000-02-10 04:15:00,146.16878546337082,0.0
2000-02-10 04:30:00,7.466535301521402,0.0
2000-02-10 04:45:00,127.38790461723775,0.0
2000-02-10 05:00:00,138.2770517983459,0.0
2000-02-10 05:15:00,145.24508476207342,0.0
2000-02-10 05:30:00,147.06182264281313,0.0
2000-02-10 05:45:00,147.38979668093856,0.0
2000-02-10 06:00:00,0.0,-0.0
2000-02-10 06:15:00,0.0,0.0
2000-02-10 06:30:00,0.0,-0.0
2000-02-10 06:45:00,0.0,0.0
2000-02-10 07:00:00,0.0,-0.0
2000-02-10 07:15:00,0.0,0.0
2000-02-10 07:30:00,0.0,0.0
2000-02-10 07:45:00,0.0,0.0
2000-02-10 08:00:00,0.0,0.0
2000-02-10 08:15:00,0.0,0.0
2000-02-10 08:30:00,0.0,0.0
2000-02-10 08:45:00,0.0,0.0
2000-02-10 09:00:00,0.0,0.0
2000-02-10 09:15:00,0.0,0.0
2000-02-10 09:30:00,0.0,0.0
2000-02-10 09:45:00,0.0,0.0
2000-02-10 10:00:00,0.0,0.0
2000-02-10 10:15:00,0.0,0.0
2000-02-10 10:30:00,0.0,0.0
2000-02-10 10:45:00,0.0,0.0
2000-02-10 11:00:00,0.0,0.0
2000-02-10 11:15:00,0.0,0.0
2000-02-10 11:30:00,0.0,0.0
2000-02-10 11:45:00,0.0,0.0
2000-02-10 12:00:00,0.0,0.0
2000-02-10 12:15:00,0.0,0.0
2000-02-10 12:30:00,0.0,0.0
2000-02-10 12:45:00,0.0,0.0
2000-02-10 13:00:00,0.0,0.0
2000-02-10 13:15:00,0.0,0.0
2000-02-10 13:30:00,0.0,0.0
2000-02-10 13:45:00,0.0,0.0
2000-02-10 14:00:00,0.0,0.0
2000-02-10 14:15:00,0.0,0.0
2000-02-10 14:30:00,0.0,0.0
2000-02-10 14:45:00,0.0,0.0
2000-02-10 15:00:00,0.0,0.0
2000-02-10 15:15:00,0.0,0.0
2000-02-10 15:30:00,0.0,0.0
2000-02-10 15:45:00,0.0,0.0
2000-02-10 16:00:00,0.0,0.0
2000-02-10 16:15:00,0.0,0.0
2000-02-10 16:30:00,0.0,0.0
2000-02-10 16:45:00,0.0,0.0
2000-02-10 17:00:00,0.0,0.0
2000-02-10 17:15:00,0.0,0.0
2000-02-10 17:30:00,0.0,0.0
2000-02-10 17:45:00,0.0,0.0
2000-02-10 18:00:00,0.0,66.32454378168912
2000-02-10 18:15:00,0.0,117.34022235198367
2000-02-10 18:30:00,0.0,141.35084780763208
2000-02-10 18:45:00,0.0,133.98133201458418
2000-02-10 19:00:00,0.0,88.114808060643
2000-02-10 19:15:00,0.0,79.60899010448281
2000-02-10 19:30:00,0.0,105.50652063686991
2000-02-10 19:45:00,0.0,96.69844182624838
2000-02-10 20:00:00,0.0,123.68576656663262
2000-02-10 20:15:00,0.0,0.0
2000-02-10 20:30:00,0.0,0.0
2000-02-10 20:45:00,0.0,0.0
2000-02-10 21:00:00,0.0,191.89999999999998
2000-02-10 21:15:00,0.0,22.2405268492343
2000-02-10 21:30:00,0.0,-0.0
2000-02-10 21:45:00,0.0,-0.0
2000-02-10 22:00:00,25.07575148855468,0.0
2000-02-10 22:15:00,0.0,8.78094311675585
2000-02-10 22:30:00,0.0,13.84992260166473
2000-02-10 22:45:00,0.0,0.0
2000-02-10 23:00:00,0.0,0.0
2000-02-10 23:15:00,0.0,-0.0
2000-02-10 23:30:00,0.0,-0.0
2000-02-10 23:45:00,0.0,-0.0
2000-02-11 00:00:00,0.0,0.0
2000-02-11 00:15:00,0.0,0.0
2000-02-11 00:30:00,0.0,0.0
2000-02-11 00:45:00,0.0,0.0
2000-02-11 01:00:00,0.0,0.0
2000-02-11 01:15:00,0.0,0.0
2000-02-11 01:30:00,0.0,0.0
2000-02-11 01:45:00,0.0,0.0
2000-02-11 02:00:00,0.0,0.0
2000-02-11 02:15:00,0.0,0.0
2000-02-11 02:30:00,151.63867448852085,0.0
2000-02-11 02:45:00,0.0,0.0
2000-02-11 03:00:00,138.11335171875754,0.0
2000-02-11 03:15:00,137.0848634835785,0.0
2000-02-11 03:30:00,0.0,0.0
2000-02-11 03:45:00,71.23046125506814,0.0
2000-02-11 04:00:00,0.0,0.0
2000-02-11 04:15:00,0.0,0.0
2000-02-11 04:30:00,0.0,0.0
2000-02-11 04:45:00,161.6020773156064,0.0
2000-02-11 05:00:00,160.59087030813782,0.0
2000-02-11 05:15:00,156.26719426067172,0.0
2000-02-11 05:30:00,161.15392633355762,0.0
2000-02-11 05:45:00,155.11858083610153,0.0
2000-02-11 06:00:00,0.0,-0.0
2000-02-11 06:15:00,0.0,-0.0
2000-02-11 06:30:00,0.0,0.0
2000-02-11 06:45:00,0.0,-0.0
2000-02-11 07:00:00,0.0,0.0
2000-02-11 07:15:00,0.0,4.925275733474251
2000-02-11 07:30:00,0.0,9.388038381202904
2000-02-11 07:45:00,0.0,0.0
2000-02-11 08:00:00,0.0,0.0
2000-02-11 08:15:00,0.0,0.0
2000-02-11 08:30:00,0.0,0.0
2000-02-11 08:45:00,0.0,0.0
2000-02-11 09:00:00,0.0,0.0
2000-02-11 09:15:00,0.0,0.0
2000-02-11 09:30:00,0.0,0.0
2000-02-11 09:45:00,0.0,0.0
2000-02-11 10:00:00,0.0,0.0
2000-02-11 10:15:00,0.0,0.0
2000-02-11 10:30:00,0.0,0.0
2000-02-11 10:45:00,0.0,0.0
2000-02-11 11:00:00,0.0,0.0
2000-02-11 11:15:00,0.0,0.0
2000-02-11 11:30:00,0.0,0.0
2000-02-11 11:45:00,0.0,0.0
2000-02-11 12:00:00,0.0,0.0
2000-02-11 12:15:00,0.0,0.0
2000-02-11 12:30:00,0.0,0.0
2000-02-11 12:45:00,0.0,0.0
2000-02-11 13:00:00,0.0,0.0
2000-02-11 13:15:00,0.0,0.0
2000-02-11 13:30:00,0.0,0.0
2000-02-11 13:45:00,0.0,0.0
2000-02-11 14:00:00,0.0,0.0
2000-02-11 14:15:00,0.0,0.0
2000-02-11 14:30:00,0.0,0.0
2000-02-11 14:45:00,0.0,0.0
2000-02-11 15:00:00,0.0,0.0
2000-02-11 15:15:00,0.0,0.0
2000-02-11 15:30:00,0.0,0.0
2000-02-11 15:45:00,0.0,0.0
2000-02-11 16:00:00,0.0,0.0
2000-02-11 16:15:00,0.0,0.0
2000-02-11 16:30:00,15.85962782789705,0.0
2000-02-11 16:45:00,0.0,0.0
2000-02-11 17:00:00,0.0,0.0
2000-02-11 17:15:00,0.0,0.0
2000-02-11 17:30:00,0.0,0.0
2000-02-11 17:45:00,0.0,0.0
2000-02-11 18:00:00,0.0,73.05788994179366
2000-02-11 18:15:00,0.0,63.49586405974463
2000-02-11 18:30:00,0.0,46.09328673724748
2000-02-11 18:45:00,0.0,0.0
2000-02-11 19:00:00,0.0,0.0
2000-02-11 19:15:00,0.0,103.79147813343934
2000-02-11 19:30:00,0.0,103.58062891857656
2000-02-11 19:45:00,0.0,152.73704033682918
2000-02-11 20:00:00,0.0,191.89999999999998
2000-02-11 20:15:00,0.0,63.53340682171893
2000-02-11 20:30:00,0.0,47.37442447666501
2000-02-11 20:45:00,0.0,0.0
2000-02-11 21:00:00,0.0,69.29455879768832
2000-02-11 21:15:00,0.0,112.5021499341074
2000-02-11 21:30:00,0.0,89.1081495732262
2000-02-11 21:45:00,0.0,41.07490964334826
2000-02-11 22:00:00,0.0,9.208212625615005
2000-02-11 22:15:00,0.0,0.0
2000-02-11 22:30:00,-0.0,0.0
2000-02-11 22:45:00,0.0,0.0
2000-02-11 23:00:00,0.0,0.0
2000-02-11 23:15:00,0.0,0.0
2000-02-11 23:30:00,0.0,0.0
2000-02-11 23:45:00,0.0,-0.0
2000-02-12 00:00:00,25.691973461794767,0.0
2000-02-12 00:15:00,48.61653636099342,0.0
2000-02-12 00:30:00,56.200618905794876,0.0
2000-02-12 00:45:00,58.75313955093944,0.0
2000-02-12 01:00:00,55.344056958031544,0.0
2000-02-12 01:15:00,59.30830332297816,0.0
2000-02-12 01:30:00,52.52190177096995,0.0
2000-02-12 01:45:00,63.90862637246556,0.0
2000-02-12 02:00:00,62.04486027375265,0.0
2000-02-12 02:15:00,62.618668430070734,0.0
2000-02-12 02:30:00,56.868408315267104,0.0
2000-02-12 02:45:00,57.315474352043665,0.0
2000-02-12 03:00:00,58.873599531070695,0.0
2000-02-12 03:15:00,61.444366608740395,0.0
2000-02-12 03:30:00,61.972541521529074,0.0
2000-02-12 03:45:00,64.26141517250298,0.0
2000-02-12 04:00:00,67.4389572275018,0.0
2000-02-12 04:15:00,51.87431451084579,0.0
2000-02-12 04:30:00,61.69799268623559,0.0
2000-02-12 04:45:00,61.7108826262309,0.0
2000-02-12 05:00:00,72.61199187629242,0.0
2000-02-12 05:15:00,67.50826270757025,0.0
2000-02-12 05:30:00,4.213107456378822,0.0
2000-02-12 05:45:00,0.0,21.1734050773766
2000-02-12 06:00:00,0.0,87.83487912040756
2000-02-12 06:15:00,0.0,93.606247287196
2000-02-12 06:30:00,0.0,25.231439937902337
2000-02-12 06:45:00,0.0,0.0
2000-02-12 07:00:00,0.0,19.672992789896867
2000-02-12 07:15:00,0.0,3.8723689517877347
2000-02-12 07:30:00,0.0,3.473836962548745
2000-02-12 07:45:00,0.0,0.0
2000-02-12 08:00:00,0.0,0.0
2000-02-12 08:15:00,0.0,0.0
2000-02-12 08:30:00,0.0,0.0
2000-02-12 08:45:00,0.0,0.0
2000-02-12 09:00:00,0.0,0.0
2000-02-12 09:15:00,0.0,27.68620170688233
2000-02-12 09:30:00,0.0,0.0
2000-02-12 09:45:00,0.0,0.0
2000-02-12 10:00:00,0.0,0.0
2000-02-12 10:15:00,0.0,0.0
2000-02-12 10:30:00,0.0,0.0
2000-02-12 10:45:00,0.0,0.0
2000-02-12 11:00:00,0.0,0.0
2000-02-12 11:15:00,0.0,0.0
2000-02-12 11:30:00,0.0,0.0
2000-02-12 11:45:00,0.0,0.0
2000-02-12 12:00:00,0.0,0.0
2000-02-12 12:15:00,0.0,0.0
2000-02-12 12:30:00,0.0,0.0
2000-02-12 12:45:00,0.0,0.0
2000-02-12 13:00:00,0.0,0.0
2000-02-12 13:15:00,0.0,0.0
2000-02-12 13:30:00,0.0,0.0
2000-02-12 13:45:00,0.0,0.0
2000-02-12 14:00:00,0.0,0.0
2000-02-12 14:15:00,0.0,0.0
2000-02-12 14:30:00,0.0,0.0
2000-02-12 14:45:00,0.0,0.0
2000-02-12 15:00:00,0.0,0.0
2000-02-12 15:15:00,0.0,0.0
2000-02-12 15:30:00,0.0,0.0
2000-02-12 15:45:00,0.0,0.0
2000-02-12 16:00:00,0.0,0.0
2000-02-12 16:15:00,0.0,0.0
2000-02-12 16:30:00,0.0,0.0
2000-02-12 16:45:00,0.0,0.0
2000-02-12 17:00:00,0.0,2.1815853915235834
2000-02-12 17:15:00,0.0,9.477503312794482
2000-02-12 17:30:00,0.0,18.843071314652192
2000-02-12 17:45:00,0.0,30.726881918540826
2000-02-12 18:00:00,0.0,97.35993257249982
2000-02-12 18:15:00,0.0,70.60919701393904
2000-02-12 18:30:00,0.0,61.801258504873054
2000-02-12 18:45:00,0.0,61.870304599862365
2000-02-12 19:00:00,0.0,55.39481668226256
2000-02-12 19:15:00,0.0,44.43932446587047
2000-02-12 19:30:00,0.0,49.52268872945805
2000-02-12 19:45:00,0.0,27.298416073181237
2000-02-12 20:00:00,0.0,28.907221980503778
2000-02-12 20:15:00,0.0,27.915013265335638
2000-02-12 20:30:00,0.0,44.36263670729395
2000-02-12 20:45:00,0.0,46.26279253637654
2000-02-12 21:00:00,0.0,48.60004429121433
2000-02-12 21:15:00,0.0,52.91989345914976
2000-02-12 21:30:00,0.0,55.74266205284341
2000-02-12 21:45:00,0.0,49.96538329382682
2000-02-12 22:00:00,16.488363147352416,0.0
2000-02-12 22:15:00,14.774683168126899,0.0
2000-02-12 22:30:00,0.0,28.214899299720088
2000-02-12 22:45:00,0.0,0.0
2000-02-12 23:00:00,0.0,-0.0
2000-02-12 23:15:00,0.0,-0.0
2000-02-12 23:30:00,0.0,-0.0
2000-02-12 23:45:00,0.0,-0.0
2000-02-13 00:00:00,-0.0,0.0
2000-02-13 00:15:00,24.268604167247705,0.0
2000-02-13 00:30:00,64.80378310766793,0.0
2000-02-13 00:45:00,70.92195090376241,0.0
2000-02-13 01:00:00,72.90596938742833,0.0
2000-02-13 01:15:00,68.78345698053002,0.0
2000-02-13 01:30:00,72.01295171390927,0.0
2000-02-13 01:45:00,69.38955894470789,0.0
2000-02-13 02:00:00,41.26604088842176,0.0
2000-02-13 02:15:00,16.91855522834625,0.0
2000-02-13 02:30:00,37.39849955144132,0.0
2000-02-13 02:45:00,65.34232667911351,0.0
2000-02-13 03:00:00,62.58578503215961,0.0
2000-02-13 03:15:00,66.11257543931954,0.0
2000-02-13 03:30:00,65.57566604930022,0.0
2000-02-13 03:45:00,70.09850794474889,0.0
2000-02-13 04:00:00,73.56581909265554,0.0
2000-02-13 04:15:00,78.68600246372392,0.0
2000-02-13 04:30:00,73.34193130477144,0.0
2000-02-13 04:45:00,55.44657686690849,0.0
2000-02-13 05:00:00,39.985997705661994,0.0
2000-02-13 05:15:00,42.034051870938875,0.0
2000-02-13 05:30:00,45.02550724162772,0.0
2000-02-13 05:45:00,16.329881435607277,0.0
2000-02-13 06:00:00,0.0,-0.0
2000-02-13 06:15:00,0.0,32.81962526673489
2000-02-13 06:30:00,0.0,0.0
2000-02-13 06:45:00,0.0,0.0
2000-02-13 07:00:00,0.0,0.0
2000-02-13 07:15:00,0.0,0.0
2000-02-13 07:30:00,0.0,0.0
2000-02-13 07:45:00,0.0,0.0
2000-02-13 08:00:00,0.0,0.0
2000-02-13 08:15:00,0.0,0.0
2000-02-13 08:30:00,0.0,0.0
2000-02-13 08:45:00,0.0,0.0
2000-02-13 09:00:00,0.0,0.0
2000-02-13 09:15:00,0.0,0.0
2000-02-13 09:30:00,0.0,0.0
2000-02-13 09:45:00,0.0,0.0
2000-02-13 10:00:00,0.0,0.0
2000-02-13 10:15:00,0.0,0.0
2000-02-13 10:30:00,0.0,0.0
2000-02-13 10:45:00,0.0,0.0
2000-02-13 11:00:00,0.0,0.0
2000-02-13 11:15:00,0.0,0.0
2000-02-13 11:30:00,0.0,0.0
2000-02-13 11:45:00,0.0,0.0
2000-02-13 12:00:00,0.0,0.0
2000-02-13 12:15:00,0.0,0.0
2000-02-13 12:30:00,0.0,0.0
2000-02-13 12:45:00,0.0,0.0
2000-02-13 13:00:00,0.0,0.0
2000-02-13 13:15:00,0.0,0.0
2000-02-13 13:30:00,0.0,0.0
2000-02-13 13:45:00,0.0,0.0
2000-02-13 14:00:00,0.0,0.0
2000-02-13 14:15:00,0.0,0.0
2000-02-13 14:30:00,0.0,0.0
2000-02-13 14:45:00,0.0,0.0
2000-02-13 15:00:00,0.0,0.0
2000-02-13 15:15:00,0.0,0.0
2000-02-13 15:30:00,0.0,0.0
2000-02-13 15:45:00,0.0,0.0
2000-02-13 16:00:00,0.0,0.0
2000-02-13 16:15:00,0.0,0.0
2000-02-13 16:30:00,0.0,0.0
2000-02-13 16:45:00,0.0,0.0
2000-02-13 17:00:00,0.0,0.0
2000-02-13 17:15:00,36.365235752614836,0.0
2000-02-13 17:30:00,0.0,0.0
2000-02-13 17:45:00,0.0,0.0
2000-02-13 18:00:00,0.0,56.23475413426938
2000-02-13 18:15:00,0.0,43.41216574013689
2000-02-13 18:30:00,0.0,42.73393312570299
2000-02-13 18:45:00,0.0,0.0
2000-02-13 19:00:00,0.0,80.4744391864973
2000-02-13 19:15:00,0.0,111.17874904662354
2000-02-13 19:30:00,0.0,61.621589913306295
2000-02-13 19:45:00,0.0,64.79638458018793
2000-02-13 20:00:00,0.0,57.25509582846577
2000-02-13 20:15:00,0.0,55.93049778251101
2000-02-13 20:30:00,0.0,58.6356808737075
2000-02-13 20:45:00,0.0,75.68606733388806
2000-02-13 21:00:00,0.0,121.29004034551731
2000-02-13 21:15:00,0.0,146.62716531245604
2000-02-13 21:30:00,0.0,133.3691850545652
2000-02-13 21:45:00,0.0,57.50625174216485
2000-02-13 22:00:00,5.937951262731655,0.0
2000-02-13 22:15:00,0.0,5.35900101461532
2000-02-13 22:30:00,0.0,0.0
2000-02-13 22:45:00,0.0,0.0
2000-02-13 23:00:00,0.0,-0.0
2000-02-13 23:15:00,0.0,0.0
2000-02-13 23:30:00,0.0,0.0
2000-02-13 23:45:00,0.0,-0.0
2000-02-14 00:00:00,0.0,0.0
2000-02-14 00:15:00,0.0,0.0
2000-02-14 00:30:00,0.0,0.0
2000-02-14 00:45:00,0.0,0.0
2000-02-14 01:00:00,0.0,0.0
2000-02-14 01:15:00,0.0,0.0
2000-02-14 01:30:00,0.0,0.0
2000-02-14 01:45:00,0.0,0.0
2000-02-14 02:00:00,191.89999999999998,0.0
2000-02-14 02:15:00,0.0,0.0
2000-02-14 02:30:00,141.40000000000006,0.0
2000-02-14 02:45:00,0.0,0.0
2000-02-14 03:00:00,0.0,0.0
2000-02-14 03:15:00,0.0,0.0
2000-02-14 03:30:00,0.0,0.0
2000-02-14 03:45:00,0.0,0.0
2000-02-14 04:00:00,0.0,0.0
2000-02-14 04:15:00,0.0,0.0
2000-02-14 04:30:00,0.0,0.0
2000-02-14 04:45:00,191.89999999999998,0.0
2000-02-14 05:00:00,191.89999999999998,0.0
2000-02-14 05:15:00,191.89999999999998,0.0
2000-02-14 05:30:00,191.89999999999998,0.0
2000-02-14 05:45:00,191.89999999999998,0.0
2000-02-14 06:00:00,0.0,-0.0
2000-02-14 06:15:00,0.0,0.0
2000-02-14 06:30:00,0.0,-0.0
2000-02-14 06:45:00,0.0,0.0
2000-02-14 07:00:00,0.0,0.0
2000-02-14 07:15:00,0.0,0.0
2000-02-14 07:30:00,0.0,0.0
2000-02-14 07:45:00,0.0,0.0
2000-02-14 08:00:00,0.0,0.0
2000-02-14 08:15:00,0.0,0.0
2000-02-14 08:30:00,0.0,0.0
2000-02-14 08:45:00,0.0,0.0
2000-02-14 09:00:00,0.0,0.0
2000-02-14 09:15:00,0.0,0.0
2000-02-14 09:30:00,0.0,0.0
2000-02-14 09:45:00,0.0,0.0
2000-02-14 10:00:00,0.0,0.0
2000-02-14 10:15:00,0.0,0.0
2000-02-14 10:30:00,0.0,0.0
2000-02-14 10:45:00,0.0,0.0
2000-02-14 11:00:00,0.0,0.0
2000-02-14 11:15:00,0.0,0.0
2000-02-14 11:30:00,0.0,0.0
2000-02-14 11:45:00,0.0,0.0
2000-02-14 12:00:00,0.0,0.0
2000-02-14 12:15:00,0.0,0.0
2000-02-14 12:30:00,0.0,0.0
2000-02-14 12:45:00,0.0,0.0
2000-02-14 13:00:00,0.0,0.0
2000-02-14 13:15:00,0.0,0.0
2000-02-14 13:30:00,0.0,0.0
2000-02-14 13:45:00,0.0,0.0
2000-02-14 14:00:00,0.0,0.0
2000-02-14 14:15:00,0.0,0.0
2000-02-14 14:30:00,0.0,0.0
2000-02-14 14:45:00,0.0,0.0
2000-02-14 15:00:00,0.0,0.0
2000-02-14 15:15:00,0.0,0.0
2000-02-14 15:30:00,0.0,0.0
2000-02-14 15:45:00,0.0,0.0
2000-02-14 16:00:00,0.0,0.0
2000-02-14 16:15:00,0.0,0.0
2000-02-14 16:30:00,0.0,0.0
2000-02-14 16:45:00,0.0,0.0
2000-02-14 17:00:00,0.0,0.0
2000-02-14 17:15:00,0.0,0.0
2000-02-14 17:30:00,0.0,0.0
2000-02-14 17:45:00,0.0,0.0
2000-02-14 18:00:00,0.0,23.950653378057225
2000-02-14 18:15:00,0.0,50.48149102052952
2000-02-14 18:30:00,0.0,2.9420607271998165
2000-02-14 18:45:00,0.0,74.69094651022334
2000-02-14 19:00:00,0.0,112.64985433883959
2000-02-14 19:15:00,0.0,135.59261788863165
2000-02-14 19:30:00,0.0,51.475713835641784
2000-02-14 19:45:00,0.0,13.680290477315907
2000-02-14 20:00:00,0.0,69.9735799289976
2000-02-14 20:15:00,0.0,181.75538692868463
2000-02-14 20:30:00,0.0,158.90685719968423
2000-02-14 20:45:00,0.0,101.99045882785919
2000-02-14 21:00:00,0.0,13.737531499405804
2000-02-14 21:15:00,0.0,14.645466537341292
2000-02-14 21:30:00,0.0,50.037608172796524
2000-02-14 21:45:00,0.0,78.9675485887837
2000-02-14 22:00:00,0.0,31.273934140009203
2000-02-14 22:15:00,-0.0,0.0
2000-02-14 22:30:00,0.0,0.0
2000-02-14 22:45:00,0.0,0.0
2000-02-14 23:00:00,0.0,0.0
2000-02-14 23:15:00,0.0,-0.0
2000-02-14 23:30:00,0.0,0.0
2000-02-14 23:45:00,0.0,-0.0
2000-02-15 00:00:00,0.0,0.0
2000-02-15 00:15:00,0.0,0.0
2000-02-15 00:30:00,0.0,0.0
2000-02-15 00:45:00,0.0,0.0
2000-02-15 01:00:00,0.0,0.0
2000-02-15 01:15:00,0.0,0.0
2000-02-15 01:30:00,0.0,0.0
2000-02-15 01:45:00,0.0,0.0
2000-02-15 02:00:00,0.0,0.0
2000-02-15 02:15:00,0.0,0.0
2000-02-15 02:30:00,0.0,0.0
2000-02-15 02:45:00,0.0,0.0
2000-02-15 03:00:00,0.0,0.0
2000-02-15 03:15:00,0.0,0.0
2000-02-15 03:30:00,88.87117666447249,0.0
2000-02-15 03:45:00,174.92620897852203,0.0
2000-02-15 04:00:00,174.64271162327898,0.0
2000-02-15 04:15:00,173.23545680390004,0.0
2000-02-15 04:30:00,0.0,0.0
2000-02-15 04:45:00,0.0,0.0
2000-02-15 05:00:00,172.84855059418157,0.0
2000-02-15 05:15:00,174.47462251500875,0.0
2000-02-15 05:30:00,173.13541883299078,0.0
2000-02-15 05:45:00,160.66585398764505,0.0
2000-02-15 06:00:00,0.0,-0.0
2000-02-15 06:15:00,0.0,0.0
2000-02-15 06:30:00,0.0,0.0
2000-02-15 06:45:00,0.0,0.0
2000-02-15 07:00:00,0.0,-0.0
2000-02-15 07:15:00,0.0,0.0
2000-02-15 07:30:00,0.0,0.0
2000-02-15 07:45:00,0.0,-0.0
2000-02-15 08:00:00,0.0,0.0
2000-02-15 08:15:00,0.0,0.0
2000-02-15 08:30:00,0.0,0.0
2000-02-15 08:45:00,0.0,0.0
2000-02-15 09:00:00,0.0,0.0
2000-02-15 09:15:00,0.0,0.0
2000-02-15 09:30:00,0.0,0.0
2000-02-15 09:45:00,0.0,0.0
2000-02-15 10:00:00,0.0,0.0
2000-02-15 10:15:00,0.0,0.0
2000-02-15 10:30:00,0.0,0.0
2000-02-15 10:45:00,0.0,0.0
2000-02-15 11:00:00,0.0,0.0
2000-02-15 11:15:00,0.0,0.0
2000-02-15 11:30:00,0.0,0.0
2000-02-15 11:45:00,0.0,0.0
2000-02-15 12:00:00,0.0,0.0
2000-02-15 12:15:00,0.0,0.0
2000-02-15 12:30:00,0.0,0.0
2000-02-15 12:45:00,0.0,0.0
2000-02-15 13:00:00,0.0,0.0
2000-02-15 13:15:00,0.0,0.0
2000-02-15 13:30:00,0.0,0.0
2000-02-15 13:45:00,0.0,0.0
2000-02-15 14:00:00,0.0,0.0
2000-02-15 14:15:00,0.0,0.0
2000-02-15 14:30:00,0.0,0.0
2000-02-15 14:45:00,0.0,0.0
2000-02-15 15:00:00,0.0,0.0
2000-02-15 15:15:00,0.0,0.0
2000-02-15 15:30:00,0.0,0.0
2000-02-15 15:45:00,0.0,0.0
2000-02-15 16:00:00,0.0,0.0
2000-02-15 16:15:00,-0.0,0.0
2000-02-15 16:30:00,0.0,0.0
2000-02-15 16:45:00,0.0,0.0
2000-02-15 17:00:00,0.0,0.0
2000-02-15 17:15:00,0.0,0.0
2000-02-15 17:30:00,0.0,0.0
2000-02-15 17:45:00,0.0,-0.0
2000-02-15 18:00:00,0.0,8.879101676866412
2000-02-15 18:15:00,0.0,191.89999999999998
2000-02-15 18:30:00,0.0,79.7334203156312
2000-02-15 18:45:00,0.0,33.179324676265935
2000-02-15 19:00:00,0.0,191.89999999999998
2000-02-15 19:15:00,0.0,191.89999999999998
2000-02-15 19:30:00,0.0,40.738987487952556
2000-02-15 19:45:00,0.0,42.60164792888162
2000-02-15 20:00:00,0.0,40.940024264476875
2000-02-15 20:15:00,0.0,15.44136530723432
2000-02-15 20:30:00,0.0,90.95469202275342
2000-02-15 20:45:00,0.0,47.4258915278063
2000-02-15 21:00:00,0.0,34.50810588230763
2000-02-15 21:15:00,0.0,11.102368618203911
2000-02-15 21:30:00,0.0,30.672469825648733
2000-02-15 21:45:00,0.0,74.824122522143
2000-02-15 22:00:00,0.0,40.05047794382804
2000-02-15 22:15:00,-0.0,0.0
2000-02-15 22:30:00,0.0,0.0
2000-02-15 22:45:00,0.0,0.0
2000-02-15 23:00:00,0.0,0.0
2000-02-15 23:15:00,0.0,0.0
2000-02-15 23:30:00,0.0,0.0
2000-02-15 23:45:00,0.0,-0.0
2000-02-16 00:00:00,0.0,0.0
2000-02-16 00:15:00,0.0,0.0
2000-02-16 00:30:00,0.0,0.0
2000-02-16 00:45:00,0.0,0.0
2000-02-16 01:00:00,0.0,0.0
2000-02-16 01:15:00,0.0,0.0
2000-02-16 01:30:00,0.0,0.0
2000-02-16 01:45:00,0.0,0.0
2000-02-16 02:00:00,0.0,0.0
2000-02-16 02:15:00,0.0,0.0
2000-02-16 02:30:00,0.0,0.0
2000-02-16 02:45:00,0.0,0.0
2000-02-16 03:00:00,0.0,0.0
2000-02-16 03:15:00,66.79473725262291,0.0
2000-02-16 03:30:00,144.68107909701908,0.0
2000-02-16 03:45:00,137.64697813570993,0.0
2000-02-16 04:00:00,141.46777420590698,0.0
2000-02-16 04:15:00,135.61916262221766,0.0
2000-02-16 04:30:00,127.52117696463375,0.0
2000-02-16 04:45:00,75.2091354642914,0.0
2000-02-16 05:00:00,86.61280057096438,0.0
2000-02-16 05:15:00,120.8710004661385,0.0
2000-02-16 05:30:00,128.5087262250279,0.0
2000-02-16 05:45:00,127.86742899546744,0.0
2000-02-16 06:00:00,0.0,-0.0
2000-02-16 06:15:00,0.0,0.0
2000-02-16 06:30:00,0.0,-0.0
2000-02-16 06:45:00,0.0,0.0
2000-02-16 07:00:00,0.0,0.0
2000-02-16 07:15:00,0.0,0.0
2000-02-16 07:30:00,0.0,0.0
2000-02-16 07:45:00,0.0,0.0
2000-02-16 08:00:00,0.0,0.0
2000-02-16 08:15:00,0.0,0.0
2000-02-16 08:30:00,0.0,0.0
2000-02-16 08:45:00,0.0,0.0
2000-02-16 09:00:00,0.0,0.0
2000-02-16 09:15:00,0.0,0.0
2000-02-16 09:30:00,0.0,0.0
2000-02-16 09:45:00,0.0,0.0
2000-02-16 10:00:00,0.0,0.0
2000-02-16 10:15:00,0.0,0.0
2000-02-16 10:30:00,0.0,0.0
2000-02-16 10:45:00,0.0,0.0
2000-02-16 11:00:00,0.0,0.0
2000-02-16 11:15:00,0.0,0.0
2000-02-16 11:30:00,0.0,0.0
2000-02-16 11:45:00,0.0,0.0
2000-02-16 12:00:00,0.0,0.0
2000-02-16 12:15:00,0.0,0.0
2000-02-16 12:30:00,0.0,0.0
2000-02-16 12:45:00,0.0,0.0
2000-02-16 13:00:00,0.0,0.0
2000-02-16 13:15:00,0.0,0.0
2000-02-16 13:30:00,0.0,0.0
2000-02-16 13:45:00,0.0,0.0
2000-02-16 14:00:00,0.0,0.0
2000-02-16 14:15:00,0.0,0.0
2000-02-16 14:30:00,0.0,0.0
2000-02-16 14:45:00,0.0,0.0
2000-02-16 15:00:00,0.0,0.0
2000-02-16 15:15:00,0.0,0.0
2000-02-16 15:30:00,0.0,0.0
2000-02-16 15:45:00,0.0,0.0
2000-02-16 16:00:00,0.0,0.0
2000-02-16 16:15:00,0.0,0.0
2000-02-16 16:30:00,0.0,0.0
2000-02-16 16:45:00,0.0,0.0
2000-02-16 17:00:00,0.0,0.0
2000-02-16 17:15:00,0.0,0.0
2000-02-16 17:30:00,0.0,0.0
2000-02-16 17:45:00,0.0,0.0
2000-02-16 18:00:00,0.0,149.6923964794951
2000-02-16 18:15:00,0.0,167.6850883685628
2000-02-16 18:30:00,0.0,175.80619907206548
2000-02-16 18:45:00,0.0,12.79102132576108
2000-02-16 19:00:00,0.0,88.1968008517616
2000-02-16 19:15:00,0.0,13.383138577707456
2000-02-16 19:30:00,0.0,28.981864342881977
2000-02-16 19:45:00,0.0,191.89999999999998
2000-02-16 20:00:00,0.0,191.89999999999998
2000-02-16 20:15:00,0.0,54.560570152226916
2000-02-16 20:30:00,0.0,15.2296739461718
2000-02-16 20:45:00,0.0,31.468901402739647
2000-02-16 21:00:00,0.0,20.47322409756336
2000-02-16 21:15:00,0.0,0.0
2000-02-16 21:30:00,0.0,0.0
2000-02-16 21:45:00,0.0,19.760960817107048
2000-02-16 22:00:00,0.0,4.922160565955721
2000-02-16 22:15:00,0.0,-0.0
2000-02-16 22:30:00,0.0,0.0
2000-02-16 22:45:00,0.0,0.0
2000-02-16 23:00:00,0.0,0.0
2000-02-16 23:15:00,0.0,-0.0
2000-02-16 23:30:00,0.0,-0.0
2000-02-16 23:45:00,0.0,-0.0
2000-02-17 00:00:00,41.498843923411194,0.0
2000-02-17 00:15:00,44.89805257936499,0.0
2000-02-17 00:30:00,64.87146109086014,0.0
2000-02-17 00:45:00,62.59846182447283,0.0
2000-02-17 01:00:00,69.19919720846202,0.0
2000-02-17 01:15:00,65.3146042074457,0.0
2000-02-17 01:30:00,73.77496743911024,0.0
2000-02-17 01:45:00,51.522514614798354,0.0
2000-02-17 02:00:00,55.927022332803645,0.0
2000-02-17 02:15:00,53.320565347286,0.0
2000-02-17 02:30:00,53.172678827856934,0.0
2000-02-17 02:45:00,38.15119792621851,0.0
2000-02-17 03:00:00,31.245648255393178,0.0
2000-02-17 03:15:00,33.71343614415299,0.0
2000-02-17 03:30:00,49.57446131182654,0.0
2000-02-17 03:45:00,59.65040481757556,0.0
2000-02-17 04:00:00,58.382374517783006,0.0
2000-02-17 04:15:00,67.11304987389687,0.0
2000-02-17 04:30:00,65.40626236940068,0.0
2000-02-17 04:45:00,68.65676132144432,0.0
2000-02-17 05:00:00,44.309687924021524,0.0
2000-02-17 05:15:00,24.59297725576407,0.0
2000-02-17 05:30:00,46.879109956886225,0.0
2000-02-17 05:45:00,69.02625892976474,0.0
2000-02-17 06:00:00,0.0,-0.0
2000-02-17 06:15:00,0.0,0.0
2000-02-17 06:30:00,0.0,0.0
2000-02-17 06:45:00,0.0,26.808673768628694
2000-02-17 07:00:00,0.0,30.828690056420484
2000-02-17 07:15:00,0.0,60.710028660347334
2000-02-17 07:30:00,0.0,31.087039379822684
2000-02-17 07:45:00,0.0,40.50798043875385
2000-02-17 08:00:00,0.0,12.68967771411559
2000-02-17 08:15:00,0.0,0.0
2000-02-17 08:30:00,0.0,0.0
2000-02-17 08:45:00,0.0,0.0
2000-02-17 09:00:00,0.0,0.0
2000-02-17 09:15:00,0.0,0.0
2000-02-17 09:30:00,0.0,0.0
2000-02-17 09:45:00,0.0,0.0
2000-02-17 10:00:00,0.0,0.0
2000-02-17 10:15:00,0.0,0.0
2000-02-17 10:30:00,0.0,0.0
2000-02-17 10:45:00,0.0,0.0
2000-02-17 11:00:00,0.0,0.0
2000-02-17 11:15:00,0.0,0.0
2000-02-17 11:30:00,0.0,0.0
2000-02-17 11:45:00,0.0,0.0
2000-02-17 12:00:00,0.0,0.0
2000-02-17 12:15:00,0.0,0.0
2000-02-17 12:30:00,0.0,0.0
2000-02-17 12:45:00,0.0,0.0
2000-02-17 13:00:00,0.0,0.0
2000-02-17 13:15:00,0.0,0.0
2000-02-17 13:30:00,0.0,0.0
2000-02-17 13:45:00,0.0,0.0
2000-02-17 14:00:00,0.0,0.0
2000-02-17 14:15:00,0.0,0.0
2000-02-17 14:30:00,0.0,0.0
2000-02-17 14:45:00,0.0,0.0
2000-02-17 15:00:00,0.0,0.0
2000-02-17 15:15:00,0.0,0.0
2000-02-17 15:30:00,0.0,0.0
2000-02-17 15:45:00,0.0,0.0
2000-02-17 16:00:00,0.0,0.0
2000-02-17 16:15:00,0.0,0.0
2000-02-17 16:30:00,103.26021426123629,0.0
2000-02-17 16:45:00,30.565600435778787,0.0
2000-02-17 17:00:00,0.0,0.0
2000-02-17 17:15:00,0.0,0.0
2000-02-17 17:30:00,51.2461154582505,0.0
2000-02-17 17:45:00,39.451161277519276,0.0
2000-02-17 18:00:00,0.0,-0.0
2000-02-17 18:15:00,0.0,38.07909072143782
2000-02-17 18:30:00,0.0,143.19710778572784
2000-02-17 18:45:00,0.0,118.31691603823835
2000-02-17 19:00:00,0.0,82.7904606609015
2000-02-17 19:15:00,0.0,77.96913951253113
2000-02-17 19:30:00,0.0,108.1047020163477
2000-02-17 19:45:00,0.0,116.82606696394909
2000-02-17 20:00:00,0.0,128.8380117336244
2000-02-17 20:15:00,0.0,127.88690023528916
2000-02-17 20:30:00,0.0,110.29425531128909
2000-02-17 20:45:00,0.0,70.34906829646893
2000-02-17 21:00:00,0.0,44.100280724195
2000-02-17 21:15:00,0.0,0.0
2000-02-17 21:30:00,0.0,0.0
2000-02-17 21:45:00,0.0,-0.0
2000-02-17 22:00:00,0.0,-0.0
2000-02-17 22:15:00,0.0,0.0
2000-02-17 22:30:00,0.0,0.0
2000-02-17 22:45:00,0.0,0.0
2000-02-17 23:00:00,0.0,0.0
2000-02-17 23:15:00,0.0,0.0
2000-02-17 23:30:00,0.0,0.0
2000-02-17 23:45:00,0.0,-0.0
2000-02-18 00:00:00,-0.0,0.0
2000-02-18 00:15:00,0.0,0.0
2000-02-18 00:30:00,0.0,0.0
2000-02-18 00:45:00,0.0,0.0
2000-02-18 01:00:00,-0.0,0.0
2000-02-18 01:15:00,0.0,0.0
2000-02-18 01:30:00,84.23422879622228,0.0
2000-02-18 01:45:00,88.0319171163186,0.0
2000-02-18 02:00:00,78.86241164475065,0.0
2000-02-18 02:15:00,18.90897666394632,0.0
2000-02-18 02:30:00,85.42689201385741,0.0
2000-02-18 02:45:00,89.0509381683025,0.0
2000-02-18 03:00:00,85.52498895148358,0.0
2000-02-18 03:15:00,79.44481262205636,0.0
2000-02-18 03:30:00,85.32359451067151,0.0
2000-02-18 03:45:00,85.09198039246986,0.0
2000-02-18 04:00:00,87.16987852513932,0.0
2000-02-18 04:15:00,46.879445820563014,0.0
2000-02-18 04:30:00,38.67707041204493,0.0
2000-02-18 04:45:00,67.78146972005823,0.0
2000-02-18 05:00:00,83.71251383326626,0.0
2000-02-18 05:15:00,74.37417527320241,0.0
2000-02-18 05:30:00,57.87344485397458,0.0
2000-02-18 05:45:00,56.4312606816721,0.0
2000-02-18 06:00:00,0.0,30.599412009990917
2000-02-18 06:15:00,0.0,7.921101381384371
2000-02-18 06:30:00,0.0,-0.0
2000-02-18 06:45:00,0.0,-0.0
2000-02-18 07:00:00,0.0,-0.0
2000-02-18 07:15:00,0.0,-0.0
2000-02-18 07:30:00,0.0,-0.0
2000-02-18 07:45:00,0.0,-0.0
2000-02-18 08:00:00,0.0,-0.0
2000-02-18 08:15:00,0.0,-0.0
2000-02-18 08:30:00,0.0,-0.0
2000-02-18 08:45:00,0.0,-0.0
2000-02-18 09:00:00,0.0,0.0
2000-02-18 09:15:00,0.0,0.0
2000-02-18 09:30:00,0.0,25.87749796314522
2000-02-18 09:45:00,0.0,38.61942784803031
2000-02-18 10:00:00,0.0,0.0
2000-02-18 10:15:00,0.0,0.0
2000-02-18 10:30:00,0.0,11.122808010948177
2000-02-18 10:45:00,0.0,0.0
2000-02-18 11:00:00,0.0,0.0
2000-02-18 11:15:00,0.0,0.0
2000-02-18 11:30:00,0.0,0.0
2000-02-18 11:45:00,0.0,0.0
2000-02-18 12:00:00,0.0,0.0
2000-02-18 12:15:00,0.0,0.0
2000-02-18 12:30:00,0.0,0.0
2000-02-18 12:45:00,0.0,0.0
2000-02-18 13:00:00,0.0,0.0
2000-02-18 13:15:00,0.0,0.0
2000-02-18 13:30:00,0.0,0.0
2000-02-18 13:45:00,0.0,0.0
2000-02-18 14:00:00,0.0,0.0
2000-02-18 14:15:00,0.0,0.0
2000-02-18 14:30:00,0.0,0.0
2000-02-18 14:45:00,0.0,0.0
2000-02-18 15:00:00,0.0,0.0
2000-02-18 15:15:00,0.0,0.0
2000-02-18 15:30:00,0.0,0.0
2000-02-18 15:45:00,0.0,0.0
2000-02-18 16:00:00,0.0,0.0
2000-02-18 16:15:00,0.0,0.0
2000-02-18 16:30:00,0.0,0.0
2000-02-18 16:45:00,0.0,0.0
2000-02-18 17:00:00,0.0,0.0
2000-02-18 17:15:00,0.0,0.0
2000-02-18 17:30:00,0.0,0.0
2000-02-18 17:45:00,0.0,0.0
2000-02-18 18:00:00,0.0,51.37573431075666
2000-02-18 18:15:00,0.0,36.97590657707072
2000-02-18 18:30:00,0.0,25.20526525180501
2000-02-18 18:45:00,0.0,68.02795872598332
2000-02-18 19:00:00,0.0,51.375235671308864
2000-02-18 19:15:00,0.0,46.89292157304567
2000-02-18 19:30:00,0.0,39.67344632217449
2000-02-18 19:45:00,0.0,48.50867818951066
2000-02-18 20:00:00,0.0,50.275689676533844
2000-02-18 20:15:00,0.0,47.25025081770053
2000-02-18 20:30:00,0.0,33.42092266293613
2000-02-18 20:45:00,0.0,56.05148491075147
2000-02-18 21:00:00,0.0,100.77271130308165
2000-02-18 21:15:00,0.0,132.35010500662054
2000-02-18 21:30:00,0.0,128.9424874868373
2000-02-18 21:45:00,0.0,125.24718054902603
2000-02-18 22:00:00,0.0,8.46013878615581
2000-02-18 22:15:00,13.291279602680675,0.0
2000-02-18 22:30:00,0.0,0.0
2000-02-18 22:45:00,0.0,13.801014806621595
2000-02-18 23:00:00,-0.0,0.0
2000-02-18 23:15:00,0.0,0.0
2000-02-18 23:30:00,0.0,-0.0
2000-02-18 23:45:00,0.0,-0.0
2000-02-19 00:00:00,-0.0,0.0
2000-02-19 00:15:00,0.0,0.0
2000-02-19 00:30:00,0.0,0.0
2000-02-19 00:45:00,0.0,0.0
2000-02-19 01:00:00,-0.0,0.0
2000-02-19 01:15:00,0.0,0.0
2000-02-19 01:30:00,-0.0,0.0
2000-02-19 01:45:00,-0.0,0.0
2000-02-19 02:00:00,41.1988572806836,0.0
2000-02-19 02:15:00,0.0,0.0
2000-02-19 02:30:00,0.0,0.0
2000-02-19 02:45:00,0.0,0.0
2000-02-19 03:00:00,107.88498176655463,0.0
2000-02-19 03:15:00,111.19447115143407,0.0
2000-02-19 03:30:00,109.77751835820771,0.0
2000-02-19 03:45:00,115.29976142900841,0.0
2000-02-19 04:00:00,115.44916944437928,0.0
2000-02-19 04:15:00,111.63048968161584,0.0
2000-02-19 04:30:00,115.77703237188237,0.0
2000-02-19 04:45:00,114.23439121906605,0.0
2000-02-19 05:00:00,112.67174812158203,0.0
2000-02-19 05:15:00,115.0467948401231,0.0
2000-02-19 05:30:00,99.48899188525769,0.0
2000-02-19 05:45:00,23.145792450205207,0.0
2000-02-19 06:00:00,0.0,-0.0
2000-02-19 06:15:00,0.0,-0.0
2000-02-19 06:30:00,0.0,0.0
2000-02-19 06:45:00,0.0,0.0
2000-02-19 07:00:00,0.0,0.0
2000-02-19 07:15:00,0.0,24.278186402159605
2000-02-19 07:30:00,0.0,0.0
2000-02-19 07:45:00,0.0,0.0
2000-02-19 08:00:00,0.0,0.0
2000-02-19 08:15:00,0.0,0.0
2000-02-19 08:30:00,0.0,0.0
2000-02-19 08:45:00,0.0,0.0
2000-02-19 09:00:00,0.0,0.0
2000-02-19 09:15:00,0.0,0.0
2000-02-19 09:30:00,0.0,0.0
2000-02-19 09:45:00,0.0,0.0
2000-02-19 10:00:00,0.0,0.0
2000-02-19 10:15:00,0.0,0.0
2000-02-19 10:30:00,0.0,0.0
2000-02-19 10:45:00,0.0,0.0
2000-02-19 11:00:00,0.0,0.0
2000-02-19 11:15:00,0.0,0.0
2000-02-19 11:30:00,0.0,0.0
2000-02-19 11:45:00,0.0,0.0
2000-02-19 12:00:00,0.0,0.0
2000-02-19 12:15:00,0.0,0.0
2000-02-19 12:30:00,0.0,0.0
2000-02-19 12:45:00,0.0,0.0
2000-02-19 13:00:00,0.0,0.0
2000-02-19 13:15:00,0.0,0.0
2000-02-19 13:30:00,0.0,0.0
2000-02-19 13:45:00,0.0,0.0
2000-02-19 14:00:00,0.0,0.0
2000-02-19 14:15:00,0.0,0.0
2000-02-19 14:30:00,0.0,0.0
2000-02-19 14:45:00,0.0,0.0
2000-02-19 15:00:00,0.0,0.0
2000-02-19 15:15:00,0.0,0.0
2000-02-19 15:30:00,0.0,0.0
2000-02-19 15:45:00,0.0,0.0
2000-02-19 16:00:00,0.0,0.0
2000-02-19 16:15:00,0.0,0.0
2000-02-19 16:30:00,0.0,0.0
2000-02-19 16:45:00,26.90103756471983,0.0
2000-02-19 17:00:00,0.0,0.0
2000-02-19 17:15:00,0.0,0.0
2000-02-19 17:30:00,0.0,0.0
2000-02-19 17:45:00,0.0,0.0
2000-02-19 18:00:00,0.0,83.67908595038247
2000-02-19 18:15:00,0.0,90.89002088300518
2000-02-19 18:30:00,0.0,85.7062534817023
2000-02-19 18:45:00,0.0,48.593726104404766
2000-02-19 19:00:00,0.0,41.23398737808844
2000-02-19 19:15:00,0.0,73.74146957492867
2000-02-19 19:30:00,0.0,78.67860519671085
2000-02-19 19:45:00,0.0,131.7645665780147
2000-02-19 20:00:00,0.0,88.36482246657147
2000-02-19 20:15:00,0.0,83.23297689258196
2000-02-19 20:30:00,0.0,143.72889686034975
2000-02-19 20:45:00,0.0,170.123102735496
2000-02-19 21:00:00,0.0,25.66020116961053
2000-02-19 21:15:00,0.0,21.354284728153033
2000-02-19 21:30:00,0.0,-0.0
2000-02-19 21:45:00,0.0,-0.0
2000-02-19 22:00:00,12.426419971750823,0.0
2000-02-19 22:15:00,0.0,3.2447932301224967
2000-02-19 22:30:00,0.0,7.970050794382644
2000-02-19 22:45:00,0.0,0.0
2000-02-19 23:00:00,0.0,-0.0
2000-02-19 23:15:00,0.0,-0.0
2000-02-19 23:30:00,0.0,-0.0
2000-02-19 23:45:00,0.0,-0.0
2000-02-20 00:00:00,0.0,-0.0
2000-02-20 00:15:00,26.66491698788009,0.0
2000-02-20 00:30:00,42.606146192507595,0.0
2000-02-20 00:45:00,74.02219800312574,0.0
2000-02-20 01:00:00,67.03954856674872,0.0
2000-02-20 01:15:00,54.335847799476376,0.0
2000-02-20 01:30:00,36.98588234477788,0.0
2000-02-20 01:45:00,49.59947577172281,0.0
2000-02-20 02:00:00,62.241960088139145,0.0
2000-02-20 02:15:00,68.28095916349199,0.0
2000-02-20 02:30:00,74.53447797072873,0.0
2000-02-20 02:45:00,10.04900334565862,0.0
2000-02-20 03:00:00,0.0,0.0
2000-02-20 03:15:00,81.29813628130509,0.0
2000-02-20 03:30:00,84.40285188957463,0.0
2000-02-20 03:45:00,83.9602175781473,0.0
2000-02-20 04:00:00,41.86268197672628,0.0
2000-02-20 04:15:00,39.582504279104654,0.0
2000-02-20 04:30:00,72.11331467235357,0.0
2000-02-20 04:45:00,76.39667668407859,0.0
2000-02-20 05:00:00,78.10458987866014,0.0
2000-02-20 05:15:00,41.48944974620552,0.0
2000-02-20 05:30:00,68.41263709040766,0.0
2000-02-20 05:45:00,58.81652368917876,0.0
2000-02-20 06:00:00,0.0,-0.0
2000-02-20 06:15:00,0.0,-0.0
2000-02-20 06:30:00,0.0,0.0
2000-02-20 06:45:00,0.0,30.258381915393286
2000-02-20 07:00:00,0.0,0.0
2000-02-20 07:15:00,0.0,0.0
2000-02-20 07:30:00,0.0,0.0
2000-02-20 07:45:00,0.0,0.0
2000-02-20 08:00:00,0.0,0.0
2000-02-20 08:15:00,0.0,0.0
2000-02-20 08:30:00,0.0,0.0
2000-02-20 08:45:00,0.0,0.0
2000-02-20 09:00:00,0.0,0.0
2000-02-20 09:15:00,0.0,0.0
2000-02-20 09:30:00,0.0,0.0
2000-02-20 09:45:00,0.0,0.0
2000-02-20 10:00:00,0.0,0.0
2000-02-20 10:15:00,0.0,0.0
2000-02-20 10:30:00,0.0,0.0
2000-02-20 10:45:00,0.0,0.0
2000-02-20 11:00:00,0.0,0.0
2000-02-20 11:15:00,0.0,0.0
2000-02-20 11:30:00,0.0,0.0
2000-02-20 11:45:00,0.0,0.0
2000-02-20 12:00:00,0.0,0.0
2000-02-20 12:15:00,0.0,0.0
2000-02-20 12:30:00,0.0,0.0
2000-02-20 12:45:00,0.0,0.0
2000-02-20 13:00:00,0.0,0.0
2000-02-20 13:15:00,0.0,0.0
2000-02-20 13:30:00,0.0,0.0
2000-02-20 13:45:00,0.0,0.0
2000-02-20 14:00:00,0.0,0.0
2000-02-20 14:15:00,0.0,0.0
2000-02-20 14:30:00,0.0,0.0
2000-02-20 14:45:00,0.0,0.0
2000-02-20 15:00:00,0.0,0.0
2000-02-20 15:15:00,0.0,0.0
2000-02-20 15:30:00,0.0,0.0
2000-02-20 15:45:00,0.0,0.0
2000-02-20 16:00:00,0.0,0.0
2000-02-20 16:15:00,0.0,0.0
2000-02-20 16:30:00,0.0,0.0
2000-02-20 16:45:00,0.0,0.0
2000-02-20 17:00:00,0.0,0.0
2000-02-20 17:15:00,33.52729298104518,0.0
2000-02-20 17:30:00,0.0,0.0
2000-02-20 17:45:00,0.0,0.0
2000-02-20 18:00:00,0.0,88.26282870290069
2000-02-20 18:15:00,0.0,91.4632443819626
2000-02-20 18:30:00,0.0,102.0168347634378
2000-02-20 18:45:00,0.0,14.221685656989408
2000-02-20 19:00:00,0.0,131.32473745245224
2000-02-20 19:15:00,0.0,64.06270787870983
2000-02-20 19:30:00,0.0,37.12089331748193
2000-02-20 19:45:00,0.0,9.917419069048123
2000-02-20 20:00:00,0.0,38.64992981396553
2000-02-20 20:15:00,0.0,71.65475839180375
2000-02-20 20:30:00,0.0,145.73769601056586
2000-02-20 20:45:00,0.0,177.30478442885385
2000-02-20 21:00:00,0.0,117.15867892204157
2000-02-20 21:15:00,0.0,51.84917441712541
2000-02-20 21:30:00,0.0,26.00662679266118
2000-02-20 21:45:00,0.0,-0.0
2000-02-20 22:00:00,0.0,0.0
2000-02-20 22:15:00,0.0,-0.0
2000-02-20 22:30:00,0.0,-0.0
2000-02-20 22:45:00,0.0,0.0
2000-02-20 23:00:00,0.0,0.0
2000-02-20 23:15:00,0.0,0.0
2000-02-20 23:30:00,0.0,0.0
2000-02-20 23:45:00,0.0,-0.0
2000-02-21 00:00:00,123.82494082019859,0.0
2000-02-21 00:15:00,109.74418679251006,0.0
2000-02-21 00:30:00,98.63226288309703,0.0
2000-02-21 00:45:00,94.30247947778096,0.0
2000-02-21 01:00:00,93.68813862572935,0.0
2000-02-21 01:15:00,82.52086784054194,0.0
2000-02-21 01:30:00,54.333262650966105,0.0
2000-02-21 01:45:00,46.67448346282589,0.0
2000-02-21 02:00:00,44.49568649587499,0.0
2000-02-21 02:15:00,34.97693163595693,0.0
2000-02-21 02:30:00,30.174119718719453,0.0
2000-02-21 02:45:00,23.522154750230072,0.0
2000-02-21 03:00:00,17.386618933819648,0.0
2000-02-21 03:15:00,36.597934085940665,0.0
2000-02-21 03:30:00,19.791981858691457,0.0
2000-02-21 03:45:00,33.45541617496181,0.0
2000-02-21 04:00:00,37.4737485360215,0.0
2000-02-21 04:15:00,26.77555942553434,0.0
2000-02-21 04:30:00,41.925215638445735,0.0
2000-02-21 04:45:00,39.6166194229871,0.0
2000-02-21 05:00:00,29.641855193988704,0.0
2000-02-21 05:15:00,29.479311678128482,0.0
2000-02-21 05:30:00,63.3138818979713,0.0
2000-02-21 05:45:00,80.45234199907861,0.0
2000-02-21 06:00:00,0.0,-0.0
2000-02-21 06:15:00,0.0,0.0
2000-02-21 06:30:00,0.0,-0.0
2000-02-21 06:45:00,0.0,0.0
2000-02-21 07:00:00,0.0,0.0
2000-02-21 07:15:00,0.0,0.0
2000-02-21 07:30:00,0.0,0.0
2000-02-21 07:45:00,0.0,0.0
2000-02-21 08:00:00,0.0,0.0
2000-02-21 08:15:00,0.0,0.0
2000-02-21 08:30:00,0.0,0.0
2000-02-21 08:45:00,0.0,0.0
2000-02-21 09:00:00,0.0,0.0
2000-02-21 09:15:00,0.0,0.0
2000-02-21 09:30:00,0.0,0.0
2000-02-21 09:45:00,0.0,0.0
2000-02-21 10:00:00,0.0,0.0
2000-02-21 10:15:00,0.0,0.0
2000-02-21 10:30:00,0.0,0.0
2000-02-21 10:45:00,0.0,0.0
2000-02-21 11:00:00,0.0,0.0
2000-02-21 11:15:00,0.0,0.0
2000-02-21 11:30:00,0.0,0.0
2000-02-21 11:45:00,0.0,0.0
2000-02-21 12:00:00,0.0,0.0
2000-02-21 12:15:00,0.0,0.0
2000-02-21 12:30:00,0.0,0.0
2000-02-21 12:45:00,0.0,0.0
2000-02-21 13:00:00,0.0,0.0
2000-02-21 13:15:00,0.0,0.0
2000-02-21 13:30:00,0.0,0.0
2000-02-21 13:45:00,0.0,0.0
2000-02-21 14:00:00,0.0,0.0
2000-02-21 14:15:00,0.0,0.0
2000-02-21 14:30:00,0.0,0.0
2000-02-21 14:45:00,0.0,0.0
2000-02-21 15:00:00,0.0,0.0
2000-02-21 15:15:00,0.0,0.0
2000-02-21 15:30:00,0.0,0.0
2000-02-21 15:45:00,0.0,0.0
2000-02-21 16:00:00,0.0,0.0
2000-02-21 16:15:00,0.0,0.0
2000-02-21 16:30:00,0.0,0.0
2000-02-21 16:45:00,0.0,0.0
2000-02-21 17:00:00,0.0,0.0
2000-02-21 17:15:00,0.0,0.0
2000-02-21 17:30:00,0.0,0.0
2000-02-21 17:45:00,0.0,0.0
2000-02-21 18:00:00,0.0,144.36064703339622
2000-02-21 18:15:00,0.0,191.89999999999998
2000-02-21 18:30:00,0.0,176.64924508976137
2000-02-21 18:45:00,0.0,0.0
2000-02-21 19:00:00,0.0,191.89999999999998
2000-02-21 19:15:00,0.0,191.89999999999998
2000-02-21 19:30:00,0.0,191.89999999999998
2000-02-21 19:45:00,0.0,0.0
2000-02-21 20:00:00,0.0,0.0
2000-02-21 20:15:00,0.0,0.0
2000-02-21 20:30:00,0.0,56.195407829088595
2000-02-21 20:45:00,0.0,21.946700047753694
2000-02-21 21:00:00,0.0,0.0
2000-02-21 21:15:00,0.0,0.0
2000-02-21 21:30:00,0.0,0.0
2000-02-21 21:45:00,0.0,-0.0
2000-02-21 22:00:00,0.0,0.0
2000-02-21 22:15:00,0.0,0.0
2000-02-21 22:30:00,0.0,0.0
2000-02-21 22:45:00,0.0,0.0
2000-02-21 23:00:00,0.0,-0.0
2000-02-21 23:15:00,0.0,0.0
2000-02-21 23:30:00,0.0,-0.0
2000-02-21 23:45:00,0.0,-0.0
2000-02-22 00:00:00,72.16666778670698,0.0
2000-02-22 00:15:00,0.0,0.0
2000-02-22 00:30:00,0.0,0.0
2000-02-22 00:45:00,0.0,0.0
2000-02-22 01:00:00,0.0,0.0
2000-02-22 01:15:00,0.0,0.0
2000-02-22 01:30:00,0.0,0.0
2000-02-22 01:45:00,103.53003786104357,0.0
2000-02-22 02:00:00,0.0,0.0
2000-02-22 02:15:00,7.455908244256702,0.0
2000-02-22 02:30:00,107.4246183194829,0.0
2000-02-22 02:45:00,0.0,0.0
2000-02-22 03:00:00,99.4072620300606,0.0
2000-02-22 03:15:00,98.93922732165251,0.0
2000-02-22 03:30:00,80.8768484852342,0.0
2000-02-22 03:45:00,46.49658676560199,0.0
2000-02-22 04:00:00,53.61821347242048,0.0
2000-02-22 04:15:00,101.78477657668964,0.0
2000-02-22 04:30:00,91.21037598220074,0.0
2000-02-22 04:45:00,66.74926736480091,0.0
2000-02-22 05:00:00,92.64187921055674,0.0
2000-02-22 05:15:00,102.35529380188622,0.0
2000-02-22 05:30:00,92.72917624179101,0.0
2000-02-22 05:45:00,75.41386053561487,0.0
2000-02-22 06:00:00,0.0,28.847383403887648
2000-02-22 06:15:00,0.0,0.0
2000-02-22 06:30:00,0.0,0.0
2000-02-22 06:45:00,0.0,0.0
2000-02-22 07:00:00,0.0,0.0
2000-02-22 07:15:00,0.0,0.0
2000-02-22 07:30:00,0.0,0.0
2000-02-22 07:45:00,0.0,0.0
2000-02-22 08:00:00,0.0,0.0
2000-02-22 08:15:00,0.0,0.0
2000-02-22 08:30:00,0.0,0.0
2000-02-22 08:45:00,0.0,0.0
2000-02-22 09:00:00,0.0,0.0
2000-02-22 09:15:00,0.0,0.0
2000-02-22 09:30:00,0.0,0.0
2000-02-22 09:45:00,0.0,0.0
2000-02-22 10:00:00,0.0,0.0
2000-02-22 10:15:00,0.0,0.0
2000-02-22 10:30:00,0.0,0.0
2000-02-22 10:45:00,0.0,0.0
2000-02-22 11:00:00,0.0,0.0
2000-02-22 11:15:00,0.0,0.0
2000-02-22 11:30:00,0.0,0.0
2000-02-22 11:45:00,0.0,0.0
2000-02-22 12:00:00,0.0,0.0
2000-02-22 12:15:00,0.0,0.0
2000-02-22 12:30:00,0.0,0.0
2000-02-22 12:45:00,0.0,0.0
2000-02-22 13:00:00,0.0,0.0
2000-02-22 13:15:00,0.0,0.0
2000-02-22 13:30:00,0.0,0.0
2000-02-22 13:45:00,0.0,0.0
2000-02-22 14:00:00,0.0,0.0
2000-02-22 14:15:00,0.0,0.0
2000-02-22 14:30:00,0.0,0.0
2000-02-22 14:45:00,0.0,0.0
2000-02-22 15:00:00,0.0,0.0
2000-02-22 15:15:00,0.0,0.0
2000-02-22 15:30:00,0.0,0.0
2000-02-22 15:45:00,0.0,0.0
2000-02-22 16:00:00,0.0,0.0
2000-02-22 16:15:00,0.0,0.0
2000-02-22 16:30:00,20.785142356463965,0.0
2000-02-22 16:45:00,0.0,0.0
2000-02-22 17:00:00,0.0,0.0
2000-02-22 17:15:00,0.0,0.0
2000-02-22 17:30:00,0.0,0.0
2000-02-22 17:45:00,11.178717370835443,0.0
2000-02-22 18:00:00,0.0,131.3783232604658
2000-02-22 18:15:00,0.0,8.253600951091528
2000-02-22 18:30:00,0.0,185.75023461431252
2000-02-22 18:45:00,0.0,33.78113594589183
2000-02-22 19:00:00,0.0,34.554309122248384
2000-02-22 19:15:00,0.0,17.52363289606481
2000-02-22 19:30:00,0.0,77.52295501466205
2000-02-22 19:45:00,0.0,63.23966078418641
2000-02-22 20:00:00,0.0,191.89999999999998
2000-02-22 20:15:00,0.0,71.37120141915256
2000-02-22 20:30:00,0.0,53.974546178624706
2000-02-22 20:45:00,0.0,63.14832769857236
2000-02-22 21:00:00,0.0,99.03080364522287
2000-02-22 21:15:00,0.0,111.76670093786606
2000-02-22 21:30:00,0.0,20.002138731529072
2000-02-22 21:45:00,0.0,0.0
2000-02-22 22:00:00,0.0,3.5544288001089512
2000-02-22 22:15:00,10.273250669227178,0.0
2000-02-22 22:30:00,0.0,9.27160872897753
2000-02-22 22:45:00,0.0,0.0
2000-02-22 23:00:00,0.0,0.0
2000-02-22 23:15:00,0.0,0.0
2000-02-22 23:30:00,0.0,0.0
2000-02-22 23:45:00,0.0,-0.0
2000-02-23 00:00:00,0.0,0.0
2000-02-23 00:15:00,0.0,0.0
2000-02-23 00:30:00,0.0,0.0
2000-02-23 00:45:00,0.0,0.0
2000-02-23 01:00:00,0.0,0.0
2000-02-23 01:15:00,0.0,0.0
2000-02-23 01:30:00,0.0,0.0
2000-02-23 01:45:00,0.0,0.0
2000-02-23 02:00:00,0.0,0.0
2000-02-23 02:15:00,0.0,0.0
2000-02-23 02:30:00,0.0,0.0
2000-02-23 02:45:00,0.0,0.0
2000-02-23 03:00:00,106.6208684109678,0.0
2000-02-23 03:15:00,120.86225571151881,0.0
2000-02-23 03:30:00,0.0,0.0
2000-02-23 03:45:00,119.81097437113296,0.0
2000-02-23 04:00:00,117.63162941086684,0.0
2000-02-23 04:15:00,98.13777564239672,0.0
2000-02-23 04:30:00,0.0,0.0
2000-02-23 04:45:00,128.18402131039275,0.0
2000-02-23 05:00:00,133.3539920031272,0.0
2000-02-23 05:15:00,132.784351800236,0.0
2000-02-23 05:30:00,159.99444402016496,0.0
2000-02-23 05:45:00,175.41968731919584,0.0
2000-02-23 06:00:00,0.0,-0.0
2000-02-23 06:15:00,0.0,-0.0
2000-02-23 06:30:00,0.0,0.0
2000-02-23 06:45:00,0.0,0.0
2000-02-23 07:00:00,0.0,-0.0
2000-02-23 07:15:00,0.0,0.0
2000-02-23 07:30:00,0.0,0.0
2000-02-23 07:45:00,0.0,0.0
2000-02-23 08:00:00,0.0,0.0
2000-02-23 08:15:00,0.0,0.0
2000-02-23 08:30:00,0.0,0.0
2000-02-23 08:45:00,0.0,0.0
2000-02-23 09:00:00,0.0,0.0
2000-02-23 09:15:00,0.0,0.0
2000-02-23 09:30:00,0.0,0.0
2000-02-23 09:45:00,0.0,0.0
2000-02-23 10:00:00,0.0,0.0
2000-02-23 10:15:00,0.0,0.0
2000-02-23 10:30:00,0.0,0.0
2000-02-23 10:45:00,0.0,0.0
2000-02-23 11:00:00,0.0,0.0
2000-02-23 11:15:00,0.0,0.0
2000-02-23 11:30:00,0.0,0.0
2000-02-23 11:45:00,0.0,0.0
2000-02-23 12:00:00,0.0,0.0
2000-02-23 12:15:00,0.0,0.0
2000-02-23 12:30:00,0.0,0.0
2000-02-23 12:45:00,0.0,0.0
2000-02-23 13:00:00,0.0,0.0
2000-02-23 13:15:00,0.0,0.0
2000-02-23 13:30:00,0.0,0.0
2000-02-23 13:45:00,0.0,0.0
2000-02-23 14:00:00,0.0,0.0
2000-02-23 14:15:00,0.0,0.0
2000-02-23 14:30:00,0.0,59.09363078907923
2000-02-23 14:45:00,0.0,44.70112213361847
2000-02-23 15:00:00,0.0,1.1072600975402054
2000-02-23 15:15:00,17.25989918014866,0.0
2000-02-23 15:30:00,0.0,8.442377359656746
2000-02-23 15:45:00,0.0,4.482659281652019
2000-02-23 16:00:00,0.0,82.97970605655996
2000-02-23 16:15:00,0.0,18.80488514281359
2000-02-23 16:30:00,50.801323439132204,0.0
2000-02-23 16:45:00,43.063869564890126,0.0
2000-02-23 17:00:00,28.30594869573497,0.0
2000-02-23 17:15:00,29.570059082515485,0.0
2000-02-23 17:30:00,26.531499391841493,0.0
2000-02-23 17:45:00,47.804398829582965,0.0
2000-02-23 18:00:00,0.0,191.89999999999998
2000-02-23 18:15:00,0.0,174.01023416816807
2000-02-23 18:30:00,0.0,183.13886061414286
2000-02-23 18:45:00,0.0,191.76858466377678
2000-02-23 19:00:00,0.0,158.4652079654762
2000-02-23 19:15:00,0.0,0.0
2000-02-23 19:30:00,0.0,177.88580157547966
2000-02-23 19:45:00,0.0,0.0
2000-02-23 20:00:00,0.0,16.150047730547016
2000-02-23 20:15:00,0.0,33.299561880582985
2000-02-23 20:30:00,0.0,10.578283715847988
2000-02-23 20:45:00,0.0,25.49248393372247
2000-02-23 21:00:00,0.0,0.0
2000-02-23 21:15:00,0.0,4.062933752255901
2000-02-23 21:30:00,0.0,-0.0
2000-02-23 21:45:00,0.0,-0.0
2000-02-23 22:00:00,0.0,0.0
2000-02-23 22:15:00,0.0,0.0
2000-02-23 22:30:00,0.0,0.0
2000-02-23 22:45:00,0.0,0.0
2000-02-23 23:00:00,0.0,0.0
2000-02-23 23:15:00,0.0,-0.0
2000-02-23 23:30:00,0.0,0.0
2000-02-23 23:45:00,0.0,-0.0
2000-02-24 00:00:00,91.85841672424,0.0
2000-02-24 00:15:00,94.01410643809068,0.0
2000-02-24 00:30:00,53.86441955301868,0.0
2000-02-24 00:45:00,29.78192866668377,0.0
2000-02-24 01:00:00,29.780387053474612,0.0
2000-02-24 01:15:00,44.20438873974166,0.0
2000-02-24 01:30:00,34.87240521307261,0.0
2000-02-24 01:45:00,29.43673089681093,0.0
2000-02-24 02:00:00,42.42936083588603,0.0
2000-02-24 02:15:00,35.789435948343595,0.0
2000-02-24 02:30:00,51.98617105541231,0.0
2000-02-24 02:45:00,70.69649089994334,0.0
2000-02-24 03:00:00,54.894050180487625,0.0
2000-02-24 03:15:00,46.19447116218825,0.0
2000-02-24 03:30:00,49.65668544194031,0.0
2000-02-24 03:45:00,61.366160904162314,0.0
2000-02-24 04:00:00,71.77591683793882,0.0
2000-02-24 04:15:00,66.0899658453838,0.0
2000-02-24 04:30:00,68.83313248731059,0.0
2000-02-24 04:45:00,72.02342986697522,0.0
2000-02-24 05:00:00,69.70444354714823,0.0
2000-02-24 05:15:00,76.97025806974122,0.0
2000-02-24 05:30:00,13.601033329095657,0.0
2000-02-24 05:45:00,32.97621030291013,0.0
2000-02-24 06:00:00,0.0,-0.0
2000-02-24 06:15:00,0.0,-0.0
2000-02-24 06:30:00,0.0,0.0
2000-02-24 06:45:00,0.0,0.0
2000-02-24 07:00:00,0.0,-0.0
2000-02-24 07:15:00,0.0,0.0
2000-02-24 07:30:00,0.0,0.0
2000-02-24 07:45:00,0.0,0.0
2000-02-24 08:00:00,0.0,0.0
2000-02-24 08:15:00,0.0,0.0
2000-02-24 08:30:00,0.0,0.0
2000-02-24 08:45:00,0.0,0.0
2000-02-24 09:00:00,0.0,0.0
2000-02-24 09:15:00,0.0,0.0
2000-02-24 09:30:00,0.0,0.0
2000-02-24 09:45:00,0.0,0.0
2000-02-24 10:00:00,0.0,0.0
2000-02-24 10:15:00,0.0,0.0
2000-02-24 10:30:00,0.0,0.0
2000-02-24 10:45:00,0.0,0.0
2000-02-24 11:00:00,0.0,0.0
2000-02-24 11:15:00,0.0,0.0
2000-02-24 11:30:00,0.0,0.0
2000-02-24 11:45:00,0.0,0.0
2000-02-24 12:00:00,0.0,0.0
2000-02-24 12:15:00,0.0,0.0
2000-02-24 12:30:00,0.0,0.0
2000-02-24 12:45:00,0.0,0.0
2000-02-24 13:00:00,0.0,0.0
2000-02-24 13:15:00,0.0,0.0
2000-02-24 13:30:00,0.0,0.0
2000-02-24 13:45:00,0.0,0.0
2000-02-24 14:00:00,0.0,0.0
2000-02-24 14:15:00,0.0,0.0
2000-02-24 14:30:00,0.0,0.0
2000-02-24 14:45:00,0.0,0.0
2000-02-24 15:00:00,0.0,0.0
2000-02-24 15:15:00,0.0,0.0
2000-02-24 15:30:00,0.0,0.0
2000-02-24 15:45:00,0.0,0.0
2000-02-24 16:00:00,0.0,0.0
2000-02-24 16:15:00,0.0,0.0
2000-02-24 16:30:00,0.0,0.0
2000-02-24 16:45:00,0.0,0.0
2000-02-24 17:00:00,0.0,0.0
2000-02-24 17:15:00,0.0,0.0
2000-02-24 17:30:00,0.0,0.0
2000-02-24 17:45:00,0.0,0.0
2000-02-24 18:00:00,0.0,-0.0
2000-02-24 18:15:00,0.0,0.0
2000-02-24 18:30:00,0.0,22.76563186748325
2000-02-24 18:45:00,0.0,123.6457833547583
2000-02-24 19:00:00,0.0,167.77820535903814
2000-02-24 19:15:00,0.0,57.75758036794119
2000-02-24 19:30:00,0.0,0.0
2000-02-24 19:45:00,0.0,0.0
2000-02-24 20:00:00,0.0,91.30424234690884
2000-02-24 20:15:00,0.0,74.48593365252125
2000-02-24 20:30:00,0.0,163.57238116963725
2000-02-24 20:45:00,0.0,165.72739230126678
2000-02-24 21:00:00,0.0,162.9202415308667
2000-02-24 21:15:00,0.0,136.79460804957836
2000-02-24 21:30:00,0.0,0.0
2000-02-24 21:45:00,0.0,-0.0
2000-02-24 22:00:00,0.0,0.0
2000-02-24 22:15:00,0.0,0.0
2000-02-24 22:30:00,0.0,-0.0
2000-02-24 22:45:00,0.0,0.0
2000-02-24 23:00:00,0.0,0.0
2000-02-24 23:15:00,0.0,-0.0
2000-02-24 23:30:00,0.0,-0.0
2000-02-24 23:45:00,0.0,-0.0
2000-02-25 00:00:00,0.0,0.0
2000-02-25 00:15:00,0.0,0.0
2000-02-25 00:30:00,0.0,0.0
2000-02-25 00:45:00,-0.0,0.0
2000-02-25 01:00:00,-0.0,0.0
2000-02-25 01:15:00,0.0,0.0
2000-02-25 01:30:00,-0.0,0.0
2000-02-25 01:45:00,0.0,0.0
2000-02-25 02:00:00,0.0,0.0
2000-02-25 02:15:00,0.0,0.0
2000-02-25 02:30:00,156.50455181928996,0.0
2000-02-25 02:45:00,0.0,0.0
2000-02-25 03:00:00,0.0,0.0
2000-02-25 03:15:00,0.0,0.0
2000-02-25 03:30:00,0.0,0.0
2000-02-25 03:45:00,0.0,0.0
2000-02-25 04:00:00,161.10881903392635,0.0
2000-02-25 04:15:00,0.0,0.0
2000-02-25 04:30:00,158.92196649410124,0.0
2000-02-25 04:45:00,171.52162881277286,0.0
2000-02-25 05:00:00,170.85722605372214,0.0
2000-02-25 05:15:00,164.666687624337,0.0
2000-02-25 05:30:00,168.00761911594043,0.0
2000-02-25 05:45:00,141.21150104590987,0.0
2000-02-25 06:00:00,0.0,-0.0
2000-02-25 06:15:00,0.0,-0.0
2000-02-25 06:30:00,0.0,0.0
2000-02-25 06:45:00,0.0,0.0
2000-02-25 07:00:00,0.0,0.0
2000-02-25 07:15:00,0.0,0.0
2000-02-25 07:30:00,0.0,0.0
2000-02-25 07:45:00,0.0,0.0
2000-02-25 08:00:00,0.0,0.0
2000-02-25 08:15:00,0.0,0.0
2000-02-25 08:30:00,0.0,0.0
2000-02-25 08:45:00,0.0,0.0
2000-02-25 09:00:00,0.0,0.0
2000-02-25 09:15:00,0.0,0.0
2000-02-25 09:30:00,0.0,0.0
2000-02-25 09:45:00,0.0,0.0
2000-02-25 10:00:00,0.0,0.0
2000-02-25 10:15:00,0.0,0.0
2000-02-25 10:30:00,0.0,0.0
2000-02-25 10:45:00,0.0,0.0
2000-02-25 11:00:00,0.0,0.0
2000-02-25 11:15:00,0.0,0.0
2000-02-25 11:30:00,0.0,0.0
2000-02-25 11:45:00,0.0,0.0
2000-02-25 12:00:00,0.0,0.0
2000-02-25 12:15:00,0.0,0.0
2000-02-25 12:30:00,0.0,0.0
2000-02-25 12:45:00,0.0,0.0
2000-02-25 13:00:00,0.0,0.0
2000-02-25 13:15:00,0.0,0.0
2000-02-25 13:30:00,0.0,0.0
2000-02-25 13:45:00,0.0,0.0
2000-02-25 14:00:00,0.0,0.0
2000-02-25 14:15:00,0.0,0.0
2000-02-25 14:30:00,0.0,0.0
2000-02-25 14:45:00,0.0,0.0
2000-02-25 15:00:00,0.0,0.0
2000-02-25 15:15:00,0.0,0.0
2000-02-25 15:30:00,0.0,0.0
2000-02-25 15:45:00,0.0,0.0
2000-02-25 16:00:00,0.0,0.0
2000-02-25 16:15:00,0.0,0.0
2000-02-25 16:30:00,0.0,0.0
2000-02-25 16:45:00,0.0,0.0
2000-02-25 17:00:00,0.0,0.0
2000-02-25 17:15:00,0.0,0.0
2000-02-25 17:30:00,0.0,0.0
2000-02-25 17:45:00,0.0,0.0
2000-02-25 18:00:00,0.0,107.07914445976007
2000-02-25 18:15:00,0.0,120.75321288348253
2000-02-25 18:30:00,0.0,149.9416714245762
2000-02-25 18:45:00,0.0,178.93662204863145
2000-02-25 19:00:00,0.0,124.14045340417742
2000-02-25 19:15:00,0.0,116.37925936437335
2000-02-25 19:30:00,0.0,110.95956555053101
2000-02-25 19:45:00,0.0,110.59446729433508
2000-02-25 20:00:00,0.0,132.79128384178603
2000-02-25 20:15:00,0.0,0.0
2000-02-25 20:30:00,0.0,0.0
2000-02-25 20:45:00,0.0,0.0
2000-02-25 21:00:00,0.0,0.0
2000-02-25 21:15:00,0.0,0.0
2000-02-25 21:30:00,0.0,15.176319728346897
2000-02-25 21:45:00,0.0,0.0
2000-02-25 22:00:00,1.0753515531309894,0.0
2000-02-25 22:15:00,0.0,0.970504776700718
2000-02-25 22:30:00,-0.0,0.0
2000-02-25 22:45:00,-0.0,0.0
2000-02-25 23:00:00,0.0,0.0
2000-02-25 23:15:00,0.0,0.0
2000-02-25 23:30:00,0.0,-0.0
2000-02-25 23:45:00,0.0,-0.0
2000-02-26 00:00:00,88.75340473699434,0.0
2000-02-26 00:15:00,0.0,0.0
2000-02-26 00:30:00,0.0,0.0
2000-02-26 00:45:00,0.0,0.0
2000-02-26 01:00:00,15.179019417086371,0.0
2000-02-26 01:15:00,0.0,0.0
2000-02-26 01:30:00,70.24146436397808,0.0
2000-02-26 01:45:00,70.19909930030815,0.0
2000-02-26 02:00:00,0.0,0.0
2000-02-26 02:15:00,82.96396704571711,0.0
2000-02-26 02:30:00,81.98338801337196,0.0
2000-02-26 02:45:00,77.8661338603543,0.0
2000-02-26 03:00:00,82.70770772490849,0.0
2000-02-26 03:15:00,30.306379285581684,0.0
2000-02-26 03:30:00,21.394757416272427,0.0
2000-02-26 03:45:00,61.25606722036515,0.0
2000-02-26 04:00:00,75.05963388522181,0.0
2000-02-26 04:15:00,75.34285447301026,0.0
2000-02-26 04:30:00,71.70806880942045,0.0
2000-02-26 04:45:00,68.1319061624963,0.0
2000-02-26 05:00:00,72.18646922008139,0.0
2000-02-26 05:15:00,77.61608652008584,0.0
2000-02-26 05:30:00,82.77707491505959,0.0
2000-02-26 05:45:00,87.1265176296864,0.0
2000-02-26 06:00:00,0.0,-0.0
2000-02-26 06:15:00,0.0,0.0
2000-02-26 06:30:00,0.0,0.0
2000-02-26 06:45:00,0.0,0.0
2000-02-26 07:00:00,0.0,0.0
2000-02-26 07:15:00,0.0,0.0
2000-02-26 07:30:00,0.0,0.0
2000-02-26 07:45:00,0.0,0.0
2000-02-26 08:00:00,0.0,0.0
2000-02-26 08:15:00,0.0,0.0
2000-02-26 08:30:00,0.0,0.0
2000-02-26 08:45:00,0.0,0.0
2000-02-26 09:00:00,0.0,0.0
2000-02-26 09:15:00,0.0,0.0
2000-02-26 09:30:00,0.0,0.0
2000-02-26 09:45:00,0.0,0.0
2000-02-26 10:00:00,0.0,0.0
2000-02-26 10:15:00,0.0,0.0
2000-02-26 10:30:00,0.0,0.0
2000-02-26 10:45:00,0.0,0.0
2000-02-26 11:00:00,0.0,0.0
2000-02-26 11:15:00,0.0,0.0
2000-02-26 11:30:00,0.0,0.0
2000-02-26 11:45:00,0.0,0.0
2000-02-26 12:00:00,0.0,0.0
2000-02-26 12:15:00,0.0,0.0
2000-02-26 12:30:00,0.0,0.0
2000-02-26 12:45:00,0.0,0.0
2000-02-26 13:00:00,0.0,0.0
2000-02-26 13:15:00,0.0,0.0
2000-02-26 13:30:00,0.0,0.0
2000-02-26 13:45:00,0.0,0.0
2000-02-26 14:00:00,0.0,0.0
2000-02-26 14:15:00,0.0,0.0
2000-02-26 14:30:00,0.0,0.0
2000-02-26 14:45:00,0.0,0.0
2000-02-26 15:00:00,0.0,0.0
2000-02-26 15:15:00,0.0,0.0
2000-02-26 15:30:00,0.0,0.0
2000-02-26 15:45:00,0.0,0.0
2000-02-26 16:00:00,0.0,0.0
2000-02-26 16:15:00,0.0,0.0
2000-02-26 16:30:00,0.0,0.0
2000-02-26 16:45:00,0.0,0.0
2000-02-26 17:00:00,0.0,0.0
2000-02-26 17:15:00,0.0,0.0
2000-02-26 17:30:00,0.0,0.0
2000-02-26 17:45:00,0.0,0.0
2000-02-26 18:00:00,0.0,-0.0
2000-02-26 18:15:00,0.0,0.0
2000-02-26 18:30:00,0.0,68.10359274550399
2000-02-26 18:45:00,0.0,121.27547105196547
2000-02-26 19:00:00,0.0,77.93055669272
2000-02-26 19:15:00,0.0,76.05729003580002
2000-02-26 19:30:00,0.0,69.44560241379556
2000-02-26 19:45:00,0.0,87.4333940966143
2000-02-26 20:00:00,0.0,60.08777891757832
2000-02-26 20:15:00,0.0,137.41936893096658
2000-02-26 20:30:00,0.0,72.48923951273458
2000-02-26 20:45:00,0.0,77.93593444112413
2000-02-26 21:00:00,0.0,62.66415768365597
2000-02-26 21:15:00,0.0,50.03308027000564
2000-02-26 21:30:00,0.0,124.53295746112543
2000-02-26 21:45:00,0.0,43.6264559983194
2000-02-26 22:00:00,0.0,37.71711974809041
2000-02-26 22:15:00,0.0,0.0
2000-02-26 22:30:00,0.0,0.0
2000-02-26 22:45:00,0.0,0.0
2000-02-26 23:00:00,0.0,0.0
2000-02-26 23:15:00,0.0,-0.0
2000-02-26 23:30:00,0.0,-0.0
2000-02-26 23:45:00,0.0,-0.0
2000-02-27 00:00:00,-0.0,0.0
2000-02-27 00:15:00,-0.0,0.0
2000-02-27 00:30:00,0.0,0.0
2000-02-27 00:45:00,-0.0,0.0
2000-02-27 01:00:00,52.50750986528042,0.0
2000-02-27 01:15:00,69.24282152614892,0.0
2000-02-27 01:30:00,67.21675519192044,0.0
2000-02-27 01:45:00,72.92008634648809,0.0
2000-02-27 02:00:00,73.70544441974823,0.0
2000-02-27 02:15:00,77.22362255510797,0.0
2000-02-27 02:30:00,77.46125031869386,0.0
2000-02-27 02:45:00,0.0,0.0
2000-02-27 03:00:00,0.0,0.0
2000-02-27 03:15:00,74.4221688617441,0.0
2000-02-27 03:30:00,67.84506899224567,0.0
2000-02-27 03:45:00,62.965427486820474,0.0
2000-02-27 04:00:00,76.02684291453329,0.0
2000-02-27 04:15:00,73.2256070365235,0.0
2000-02-27 04:30:00,71.91041389887435,0.0
2000-02-27 04:45:00,74.86581245998524,0.0
2000-02-27 05:00:00,71.7811426624145,0.0
2000-02-27 05:15:00,72.99987696548597,0.0
2000-02-27 05:30:00,78.88400085755512,0.0
2000-02-27 05:45:00,77.5961476404295,0.0
2000-02-27 06:00:00,0.0,-0.0
2000-02-27 06:15:00,0.0,-0.0
2000-02-27 06:30:00,0.0,0.0
2000-02-27 06:45:00,0.0,0.0
2000-02-27 07:00:00,0.0,0.0
2000-02-27 07:15:00,0.0,0.0
2000-02-27 07:30:00,0.0,0.0
2000-02-27 07:45:00,0.0,0.0
2000-02-27 08:00:00,0.0,0.0
2000-02-27 08:15:00,0.0,0.0
2000-02-27 08:30:00,0.0,0.0
2000-02-27 08:45:00,0.0,0.0
2000-02-27 09:00:00,0.0,0.0
2000-02-27 09:15:00,0.0,0.0
2000-02-27 09:30:00,0.0,0.0
2000-02-27 09:45:00,0.0,0.0
2000-02-27 10:00:00,0.0,0.0
2000-02-27 10:15:00,0.0,0.0
2000-02-27 10:30:00,0.0,0.0
2000-02-27 10:45:00,0.0,0.0
2000-02-27 11:00:00,0.0,0.0
2000-02-27 11:15:00,0.0,0.0
2000-02-27 11:30:00,0.0,0.0
2000-02-27 11:45:00,0.0,0.0
2000-02-27 12:00:00,0.0,0.0
2000-02-27 12:15:00,0.0,0.0
2000-02-27 12:30:00,0.0,0.0
2000-02-27 12:45:00,0.0,0.0
2000-02-27 13:00:00,0.0,0.0
2000-02-27 13:15:00,0.0,0.0
2000-02-27 13:30:00,0.0,0.0
2000-02-27 13:45:00,0.0,0.0
2000-02-27 14:00:00,0.0,0.0
2000-02-27 14:15:00,0.0,0.0
2000-02-27 14:30:00,0.0,0.0
2000-02-27 14:45:00,0.0,0.0
2000-02-27 15:00:00,0.0,0.0
2000-02-27 15:15:00,0.0,0.0
2000-02-27 15:30:00,0.0,0.0
2000-02-27 15:45:00,0.0,0.0
2000-02-27 16:00:00,0.0,0.0
2000-02-27 16:15:00,0.0,0.0
2000-02-27 16:30:00,0.0,0.0
2000-02-27 16:45:00,0.0,0.0
2000-02-27 17:00:00,0.0,0.0
2000-02-27 17:15:00,0.0,0.0
2000-02-27 17:30:00,0.0,0.0
2000-02-27 17:45:00,0.0,-0.0
2000-02-27 18:00:00,0.0,166.20529326601834
2000-02-27 18:15:00,0.0,155.9376272467832
2000-02-27 18:30:00,0.0,92.16533032392502
2000-02-27 18:45:00,0.0,36.966596587084666
2000-02-27 19:00:00,0.0,86.79131147668153
2000-02-27 19:15:00,0.0,95.48848638861307
2000-02-27 19:30:00,0.0,82.80532564697324
2000-02-27 19:45:00,0.0,45.32254100410145
2000-02-27 20:00:00,0.0,142.2215782214126
2000-02-27 20:15:00,0.0,38.802373896105934
2000-02-27 20:30:00,0.0,77.33187552856157
2000-02-27 20:45:00,0.0,51.55384691610294
2000-02-27 21:00:00,0.0,41.722641692393665
2000-02-27 21:15:00,0.0,17.404527163523255
2000-02-27 21:30:00,0.0,11.486045723174001
2000-02-27 21:45:00,0.0,20.51953625442772
2000-02-27 22:00:00,0.0,4.027062664117921
2000-02-27 22:15:00,0.0,0.0
2000-02-27 22:30:00,0.0,0.0
2000-02-27 22:45:00,0.0,-0.0
2000-02-27 23:00:00,0.0,-0.0
2000-02-27 23:15:00,0.0,0.0
2000-02-27 23:30:00,0.0,0.0
2000-02-27 23:45:00,0.0,-0.0
2000-02-28 00:00:00,0.0,0.0
2000-02-28 00:15:00,0.0,0.0
2000-02-28 00:30:00,0.0,0.0
2000-02-28 00:45:00,0.0,0.0
2000-02-28 01:00:00,0.0,0.0
2000-02-28 01:15:00,0.0,0.0
2000-02-28 01:30:00,88.34280363068045,0.0
2000-02-28 01:45:00,0.0,0.0
2000-02-28 02:00:00,0.0,0.0
2000-02-28 02:15:00,0.0,0.0
2000-02-28 02:30:00,92.16115265359221,0.0
2000-02-28 02:45:00,0.0,0.0
2000-02-28 03:00:00,89.83693745911609,0.0
2000-02-28 03:15:00,91.7498377590914,0.0
2000-02-28 03:30:00,65.6410952562979,0.0
2000-02-28 03:45:00,71.5904723800928,0.0
2000-02-28 04:00:00,71.81899786256011,0.0
2000-02-28 04:15:00,83.9530738688137,0.0
2000-02-28 04:30:00,104.69387485113666,0.0
2000-02-28 04:45:00,102.44641457179812,0.0
2000-02-28 05:00:00,106.44701246772291,0.0
2000-02-28 05:15:00,111.23116853850291,0.0
2000-02-28 05:30:00,104.910134689822,0.0
2000-02-28 05:45:00,107.9770240107727,0.0
2000-02-28 06:00:00,0.0,-0.0
2000-02-28 06:15:00,0.0,0.0
2000-02-28 06:30:00,0.0,-0.0
2000-02-28 06:45:00,0.0,0.0
2000-02-28 07:00:00,0.0,0.0
2000-02-28 07:15:00,0.0,0.0
2000-02-28 07:30:00,0.0,0.0
2000-02-28 07:45:00,0.0,8.396912795501436
2000-02-28 08:00:00,0.0,2.04234285426935
2000-02-28 08:15:00,0.0,0.0
2000-02-28 08:30:00,0.0,0.0
2000-02-28 08:45:00,0.0,0.0
2000-02-28 09:00:00,0.0,0.0
2000-02-28 09:15:00,0.0,0.0
2000-02-28 09:30:00,0.0,0.0
2000-02-28 09:45:00,0.0,0.0
2000-02-28 10:00:00,0.0,0.0
2000-02-28 10:15:00,0.0,0.0
2000-02-28 10:30:00,0.0,0.0
2000-02-28 10:45:00,0.0,0.0
2000-02-28 11:00:00,0.0,0.0
2000-02-28 11:15:00,0.0,0.0
2000-02-28 11:30:00,0.0,0.0
2000-02-28 11:45:00,0.0,0.0
2000-02-28 12:00:00,0.0,0.0
2000-02-28 12:15:00,0.0,0.0
2000-02-28 12:30:00,0.0,0.0
2000-02-28 12:45:00,0.0,0.0
2000-02-28 13:00:00,0.0,0.0
2000-02-28 13:15:00,0.0,0.0
2000-02-28 13:30:00,0.0,0.0
2000-02-28 13:45:00,0.0,0.0
2000-02-28 14:00:00,0.0,0.0
2000-02-28 14:15:00,0.0,0.0
2000-02-28 14:30:00,0.0,0.0
2000-02-28 14:45:00,0.0,0.0
2000-02-28 15:00:00,0.0,0.0
2000-02-28 15:15:00,0.0,0.0
2000-02-28 15:30:00,0.0,0.0
2000-02-28 15:45:00,0.0,0.0
2000-02-28 16:00:00,0.0,0.0
2000-02-28 16:15:00,11.56704227121401,0.0
2000-02-28 16:30:00,0.0,4.85878708994602
2000-02-28 16:45:00,0.0,23.69475617173549
2000-02-28 17:00:00,0.0,6.65823998949358
2000-02-28 17:15:00,16.99374951010541,0.0
2000-02-28 17:30:00,13.406215000780492,0.0
2000-02-28 17:45:00,8.615861806205658,0.0
2000-02-28 18:00:00,0.0,129.45024997718824
2000-02-28 18:15:00,0.0,105.3558951968706
2000-02-28 18:30:00,0.0,95.4686208777186
2000-02-28 18:45:00,0.0,51.95995247182606
2000-02-28 19:00:00,0.0,78.48165363637244
2000-02-28 19:15:00,0.0,102.03190946567123
2000-02-28 19:30:00,0.0,99.50185039050412
2000-02-28 19:45:00,0.0,31.2351746555467
2000-02-28 20:00:00,0.0,50.90244514528439
2000-02-28 20:15:00,0.0,191.89999999999998
2000-02-28 20:30:00,0.0,73.79380208917223
2000-02-28 20:45:00,0.0,156.67044609384538
2000-02-28 21:00:00,0.0,-0.0
2000-02-28 21:15:00,0.0,-0.0
2000-02-28 21:30:00,0.0,0.0
2000-02-28 21:45:00,0.0,-0.0
2000-02-28 22:00:00,0.0,0.0
2000-02-28 22:15:00,0.0,0.0
2000-02-28 22:30:00,0.0,-0.0
2000-02-28 22:45:00,0.0,-0.0
2000-02-28 23:00:00,0.0,0.0
2000-02-28 23:15:00,0.0,0.0
2000-02-28 23:30:00,0.0,0.0
2000-02-28 23:45:00,0.0,-0.0
2000-02-29 00:00:00,0.0,0.0
2000-02-29 00:15:00,0.0,0.0
2000-02-29 00:30:00,0.0,0.0
2000-02-29 00:45:00,0.0,0.0
2000-02-29 01:00:00,0.0,0.0
2000-02-29 01:15:00,0.0,0.0
2000-02-29 01:30:00,0.0,0.0
2000-02-29 01:45:00,0.0,0.0
2000-02-29 02:00:00,0.0,0.0
2000-02-29 02:15:00,0.0,0.0
2000-02-29 02:30:00,36.645374434761635,0.0
2000-02-29 02:45:00,0.0,0.0
2000-02-29 03:00:00,35.833218214587674,0.0
2000-02-29 03:15:00,78.78286039663736,0.0
2000-02-29 03:30:00,90.84476254026798,0.0
2000-02-29 03:45:00,95.34547058908194,0.0
2000-02-29 04:00:00,101.47137758328577,0.0
2000-02-29 04:15:00,41.47199543450322,0.0
2000-02-29 04:30:00,124.27646781659861,0.0
2000-02-29 04:45:00,142.28593183227622,0.0
2000-02-29 05:00:00,136.6489757121911,0.0
2000-02-29 05:15:00,140.30961311147743,0.0
2000-02-29 05:30:00,137.08363019373178,0.0
2000-02-29 05:45:00,131.80032214059946,0.0
2000-02-29 06:00:00,0.0,-0.0
2000-02-29 06:15:00,0.0,0.0
2000-02-29 06:30:00,0.0,0.0
2000-02-29 06:45:00,0.0,0.0
2000-02-29 07:00:00,0.0,0.0
2000-02-29 07:15:00,0.0,0.0
2000-02-29 07:30:00,0.0,0.0
2000-02-29 07:45:00,0.0,0.0
2000-02-29 08:00:00,0.0,0.0
2000-02-29 08:15:00,0.0,0.0
2000-02-29 08:30:00,0.0,0.0
2000-02-29 08:45:00,0.0,0.0
2000-02-29 09:00:00,0.0,0.0
2000-02-29 09:15:00,0.0,0.0
2000-02-29 09:30:00,0.0,0.0
2000-02-29 09:45:00,0.0,0.0
2000-02-29 10:00:00,0.0,0.0
2000-02-29 10:15:00,0.0,0.0
2000-02-29 10:30:00,0.0,0.0
2000-02-29 10:45:00,0.0,0.0
2000-02-29 11:00:00,0.0,0.0
2000-02-29 11:15:00,0.0,0.0
2000-02-29 11:30:00,0.0,0.0
2000-02-29 11:45:00,0.0,0.0
2000-02-29 12:00:00,0.0,0.0
2000-02-29 12:15:00,0.0,0.0
2000-02-29 12:30:00,0.0,0.0
2000-02-29 12:45:00,0.0,0.0
2000-02-29 13:00:00,0.0,0.0
2000-02-29 13:15:00,0.0,0.0
2000-02-29 13:30:00,0.0,0.0
2000-02-29 13:45:00,0.0,0.0
2000-02-29 14:00:00,0.0,0.0
2000-02-29 14:15:00,0.0,0.0
2000-02-29 14:30:00,0.0,0.0
2000-02-29 14:45:00,0.0,0.0
2000-02-29 15:00:00,0.0,0.0
2000-02-29 15:15:00,0.0,0.0
2000-02-29 15:30:00,0.0,0.0
2000-02-29 15:45:00,0.0,0.0
2000-02-29 16:00:00,0.0,0.0
2000-02-29 16:15:00,0.0,0.0
2000-02-29 16:30:00,0.0,0.0
2000-02-29 16:45:00,0.0,0.0
2000-02-29 17:00:00,0.0,0.0
2000-02-29 17:15:00,0.0,0.0
2000-02-29 17:30:00,0.0,0.0
2000-02-29 17:45:00,0.0,0.0
2000-02-29 18:00:00,0.0,167.4317529472761
2000-02-29 18:15:00,0.0,191.89999999999998
2000-02-29 18:30:00,0.0,191.89999999999998
2000-02-29 18:45:00,0.0,191.89999999999998
2000-02-29 19:00:00,0.0,63.09132459733698
2000-02-29 19:15:00,0.0,7.764309256025143
2000-02-29 19:30:00,0.0,0.0
2000-02-29 19:45:00,0.0,161.47004156357724
2000-02-29 20:00:00,0.0,34.2791187355335
2000-02-29 20:15:00,0.0,38.18625102923511
2000-02-29 20:30:00,0.0,118.82920187101568
2000-02-29 20:45:00,0.0,0.0
2000-02-29 21:00:00,0.0,0.0
2000-02-29 21:15:00,0.0,0.0
2000-02-29 21:30:00,0.0,0.0
2000-02-29 21:45:00,0.0,0.0
2000-02-29 22:00:00,0.8096575337422097,0.0
2000-02-29 22:15:00,0.0,0.7307159242023443
2000-02-29 22:30:00,0.0,0.0
2000-02-29 22:45:00,0.0,0.0
2000-02-29 23:00:00,0.0,0.0
2000-02-29 23:15:00,0.0,0.0
2000-02-29 23:30:00,0.0,0.0
2000-02-29 23:45:00,0.0,-0.0
2000-03-01 00:00:00,-0.0,0.0
2000-03-01 00:15:00,43.84030487451035,0.0
2000-03-01 00:30:00,0.0,0.0
2000-03-01 00:45:00,0.0,0.0
2000-03-01 01:00:00,66.14922324251867,0.0
2000-03-01 01:15:00,73.07768670552,0.0
2000-03-01 01:30:00,69.35976902992783,0.0
2000-03-01 01:45:00,44.601818710368036,0.0
2000-03-01 02:00:00,53.45391474799642,0.0
2000-03-01 02:15:00,58.231589549516336,0.0
2000-03-01 02:30:00,72.79758584149971,0.0
2000-03-01 02:45:00,70.72440689859548,0.0
2000-03-01 03:00:00,68.95992284941376,0.0
2000-03-01 03:15:00,69.59055895907119,0.0
2000-03-01 03:30:00,68.44754583233382,0.0
2000-03-01 03:45:00,69.6427916759717,0.0
2000-03-01 04:00:00,68.20425606312878,0.0
2000-03-01 04:15:00,70.53504340553641,0.0
2000-03-01 04:30:00,76.00646010904988,0.0
2000-03-01 04:45:00,43.28731211132154,0.0
2000-03-01 05:00:00,22.70186688601639,0.0
2000-03-01 05:15:00,30.745678150588176,0.0
2000-03-01 05:30:00,71.58435662562155,0.0
2000-03-01 05:45:00,80.85790773149407,0.0
2000-03-01 06:00:00,0.0,-0.0
2000-03-01 06:15:00,0.0,55.55423650749239
2000-03-01 06:30:00,0.0,23.50250553604988
2000-03-01 06:45:00,0.0,15.095230986632828
2000-03-01 07:00:00,0.0,40.695852701544055
2000-03-01 07:15:00,0.0,0.0
2000-03-01 07:30:00,0.0,0.0
2000-03-01 07:45:00,0.0,0.0
2000-03-01 08:00:00,0.0,0.0
2000-03-01 08:15:00,0.0,0.0
2000-03-01 08:30:00,0.0,0.0
2000-03-01 08:45:00,0.0,0.0
2000-03-01 09:00:00,0.0,0.0
2000-03-01 09:15:00,0.0,0.0
2000-03-01 09:30:00,0.0,0.0
2000-03-01 09:45:00,0.0,0.0
2000-03-01 10:00:00,0.0,0.0
2000-03-01 10:15:00,0.0,0.0
2000-03-01 10:30:00,0.0,0.0
2000-03-01 10:45:00,0.0,0.0
2000-03-01 11:00:00,0.0,0.0
2000-03-01 11:15:00,0.0,0.0
2000-03-01 11:30:00,0.0,0.0
2000-03-01 11:45:00,0.0,0.0
2000-03-01 12:00:00,0.0,0.0
2000-03-01 12:15:00,0.0,0.0
2000-03-01 12:30:00,0.0,0.0
2000-03-01 12:45:00,0.0,0.0
2000-03-01 13:00:00,0.0,0.0
2000-03-01 13:15:00,0.0,0.0
2000-03-01 13:30:00,0.0,0.0
2000-03-01 13:45:00,0.0,0.0
2000-03-01 14:00:00,0.0,0.0
2000-03-01 14:15:00,0.0,0.0
2000-03-01 14:30:00,0.0,0.0
2000-03-01 14:45:00,0.0,0.0
2000-03-01 15:00:00,0.0,0.0
2000-03-01 15:15:00,0.0,0.0
2000-03-01 15:30:00,0.0,0.0
2000-03-01 15:45:00,0.0,0.0
2000-03-01 16:00:00,0.0,0.0
2000-03-01 16:15:00,0.0,0.0
2000-03-01 16:30:00,0.0,0.0
2000-03-01 16:45:00,33.30277144451453,0.0
2000-03-01 17:00:00,63.05506845217971,0.0
2000-03-01 17:15:00,0.0,0.0
2000-03-01 17:30:00,0.0,0.0
2000-03-01 17:45:00,53.0580334902525,0.0
2000-03-01 18:00:00,0.0,75.63188157864599
2000-03-01 18:15:00,0.0,81.5235370475168
2000-03-01 18:30:00,0.0,89.91589967470651
2000-03-01 18:45:00,0.0,81.99229588221716
2000-03-01 19:00:00,0.0,82.78870671816765
2000-03-01 19:15:00,0.0,136.67352920035708
2000-03-01 19:30:00,0.0,137.27192830862936
2000-03-01 19:45:00,0.0,49.80658815202446
2000-03-01 20:00:00,0.0,129.58115723418632
2000-03-01 20:15:00,0.0,17.199693184932215
2000-03-01 20:30:00,0.0,122.52011338489257
2000-03-01 20:45:00,0.0,73.5349317026716
2000-03-01 21:00:00,0.0,84.4957223037592
2000-03-01 21:15:00,0.0,3.8160156272928987
2000-03-01 21:30:00,0.0,-0.0
2000-03-01 21:45:00,0.0,-0.0
2000-03-01 22:00:00,0.0,-0.0
2000-03-01 22:15:00,-0.0,0.0
2000-03-01 22:30:00,0.0,0.0
2000-03-01 22:45:00,0.0,0.0
2000-03-01 23:00:00,0.0,0.0
2000-03-01 23:15:00,0.0,-0.0
2000-03-01 23:30:00,0.0,0.0
2000-03-01 23:45:00,0.0,-0.0
2000-03-02 00:00:00,53.18632282649064,0.0
2000-03-02 00:15:00,60.984351229483806,0.0
2000-03-02 00:30:00,55.7079126441416,0.0
2000-03-02 00:45:00,57.48225907521244,0.0
2000-03-02 01:00:00,66.44631680063983,0.0
2000-03-02 01:15:00,60.914853005604435,0.0
2000-03-02 01:30:00,67.94503651993833,0.0
2000-03-02 01:45:00,54.87258462465306,0.0
2000-03-02 02:00:00,15.407171763843749,0.0
2000-03-02 02:15:00,14.681896701105856,0.0
2000-03-02 02:30:00,51.474986097061304,0.0
2000-03-02 02:45:00,40.48637537195465,0.0
2000-03-02 03:00:00,50.885669339131056,0.0
2000-03-02 03:15:00,33.93952741391787,0.0
2000-03-02 03:30:00,37.55240490084241,0.0
2000-03-02 03:45:00,47.53023633151666,0.0
2000-03-02 04:00:00,60.0675220515987,0.0
2000-03-02 04:15:00,72.3890911730906,0.0
2000-03-02 04:30:00,66.60759878979917,0.0
2000-03-02 04:45:00,64.413095786496,0.0
2000-03-02 05:00:00,68.35627165414382,0.0
2000-03-02 05:15:00,65.70037485036956,0.0
2000-03-02 05:30:00,69.21831964399888,0.0
2000-03-02 05:45:00,56.54982140496583,0.0
2000-03-02 06:00:00,0.0,38.32748802381683
2000-03-02 06:15:00,0.0,0.0
2000-03-02 06:30:00,0.0,0.0
2000-03-02 06:45:00,0.0,0.0
2000-03-02 07:00:00,0.0,0.0
2000-03-02 07:15:00,0.0,0.0
2000-03-02 07:30:00,0.0,0.0
2000-03-02 07:45:00,0.0,0.0
2000-03-02 08:00:00,0.0,0.0
2000-03-02 08:15:00,0.0,0.0
2000-03-02 08:30:00,0.0,0.0
2000-03-02 08:45:00,0.0,0.0
2000-03-02 09:00:00,0.0,0.0
2000-03-02 09:15:00,0.0,0.0
2000-03-02 09:30:00,0.0,0.0
2000-03-02 09:45:00,0.0,0.0
2000-03-02 10:00:00,0.0,0.0
2000-03-02 10:15:00,0.0,0.0
2000-03-02 10:30:00,0.0,0.0
2000-03-02 10:45:00,0.0,0.0
2000-03-02 11:00:00,0.0,0.0
2000-03-02 11:15:00,0.0,0.0
2000-03-02 11:30:00,0.0,0.0
2000-03-02 11:45:00,0.0,0.0
2000-03-02 12:00:00,0.0,0.0
2000-03-02 12:15:00,0.0,0.0
2000-03-02 12:30:00,0.0,0.0
2000-03-02 12:45:00,0.0,0.0
2000-03-02 13:00:00,0.0,0.0
2000-03-02 13:15:00,0.0,0.0
2000-03-02 13:30:00,0.0,0.0
2000-03-02 13:45:00,0.0,0.0
2000-03-02 14:00:00,0.0,0.0
2000-03-02 14:15:00,0.0,0.0
2000-03-02 14:30:00,0.0,0.0
2000-03-02 14:45:00,0.0,0.0
2000-03-02 15:00:00,0.0,0.0
2000-03-02 15:15:00,0.0,0.0
2000-03-02 15:30:00,0.0,0.0
2000-03-02 15:45:00,0.0,0.0
2000-03-02 16:00:00,0.0,0.0
2000-03-02 16:15:00,0.0,0.0
2000-03-02 16:30:00,0.0,0.0
2000-03-02 16:45:00,0.0,0.0
2000-03-02 17:00:00,0.0,0.0
2000-03-02 17:15:00,0.0,0.0
2000-03-02 17:30:00,0.0,0.0
2000-03-02 17:45:00,42.4681307743123,0.0
2000-03-02 18:00:00,0.0,37.277564526760344
2000-03-02 18:15:00,0.0,40.67161372127913
2000-03-02 18:30:00,0.0,56.29362848256349
2000-03-02 18:45:00,0.0,0.0
2000-03-02 19:00:00,0.0,10.699948130977901
2000-03-02 19:15:00,0.0,152.21502350456487
2000-03-02 19:30:00,0.0,166.0708945525802
2000-03-02 19:45:00,0.0,71.52845790503012
2000-03-02 20:00:00,0.0,134.1249752095402
2000-03-02 20:15:00,0.0,158.03703477204658
2000-03-02 20:30:00,0.0,66.15975192116359
2000-03-02 20:45:00,0.0,42.77209443538705
2000-03-02 21:00:00,0.0,55.34826888456898
2000-03-02 21:15:00,0.0,59.23721870690797
2000-03-02 21:30:00,0.0,59.967522868892914
2000-03-02 21:45:00,0.0,39.40743522692868
2000-03-02 22:00:00,0.0,16.940567150807667
2000-03-02 22:15:00,0.0,-0.0
2000-03-02 22:30:00,0.0,0.0
2000-03-02 22:45:00,0.0,0.0
2000-03-02 23:00:00,0.0,-0.0
2000-03-02 23:15:00,0.0,-0.0
2000-03-02 23:30:00,0.0,0.0
2000-03-02 23:45:00,0.0,-0.0
2000-03-03 00:00:00,0.0,0.0
2000-03-03 00:15:00,0.0,0.0
2000-03-03 00:30:00,0.0,0.0
2000-03-03 00:45:00,0.0,0.0
2000-03-03 01:00:00,0.0,0.0
2000-03-03 01:15:00,0.0,0.0
2000-03-03 01:30:00,0.0,0.0
2000-03-03 01:45:00,0.0,0.0
2000-03-03 02:00:00,0.0,0.0
2000-03-03 02:15:00,0.0,0.0
2000-03-03 02:30:00,0.0,0.0
2000-03-03 02:45:00,0.0,0.0
2000-03-03 03:00:00,0.0,0.0
2000-03-03 03:15:00,0.0,0.0
2000-03-03 03:30:00,141.40000000000006,0.0
2000-03-03 03:45:00,0.0,0.0
2000-03-03 04:00:00,191.89999999999998,0.0
2000-03-03 04:15:00,191.89999999999998,0.0
2000-03-03 04:30:00,0.0,0.0
2000-03-03 04:45:00,0.0,0.0
2000-03-03 05:00:00,191.89999999999998,0.0
2000-03-03 05:15:00,191.89999999999998,0.0
2000-03-03 05:30:00,191.89999999999998,0.0
2000-03-03 05:45:00,191.89999999999998,0.0
2000-03-03 06:00:00,0.0,-0.0
2000-03-03 06:15:00,0.0,-0.0
2000-03-03 06:30:00,0.0,0.0
2000-03-03 06:45:00,0.0,-0.0
2000-03-03 07:00:00,0.0,0.0
2000-03-03 07:15:00,0.0,0.0
2000-03-03 07:30:00,0.0,0.0
2000-03-03 07:45:00,0.0,0.0
2000-03-03 08:00:00,0.0,0.0
2000-03-03 08:15:00,0.0,0.0
2000-03-03 08:30:00,0.0,0.0
2000-03-03 08:45:00,0.0,0.0
2000-03-03 09:00:00,0.0,0.0
2000-03-03 09:15:00,0.0,0.0
2000-03-03 09:30:00,0.0,0.0
2000-03-03 09:45:00,0.0,0.0
2000-03-03 10:00:00,0.0,0.0
2000-03-03 10:15:00,0.0,0.0
2000-03-03 10:30:00,0.0,0.0
2000-03-03 10:45:00,0.0,0.0
2000-03-03 11:00:00,0.0,0.0
2000-03-03 11:15:00,0.0,0.0
2000-03-03 11:30:00,0.0,0.0
2000-03-03 11:45:00,0.0,0.0
2000-03-03 12:00:00,0.0,0.0
2000-03-03 12:15:00,0.0,0.0
2000-03-03 12:30:00,0.0,0.0
2000-03-03 12:45:00,0.0,0.0
2000-03-03 13:00:00,0.0,0.0
2000-03-03 13:15:00,0.0,0.0
2000-03-03 13:30:00,0.0,0.0
2000-03-03 13:45:00,0.0,0.0
2000-03-03 14:00:00,0.0,0.0
2000-03-03 14:15:00,0.0,0.0
2000-03-03 14:30:00,0.0,0.0
2000-03-03 14:45:00,0.0,0.0
2000-03-03 15:00:00,0.0,0.0
2000-03-03 15:15:00,0.0,0.0
2000-03-03 15:30:00,0.0,0.0
2000-03-03 15:45:00,0.0,0.0
2000-03-03 16:00:00,0.0,0.0
2000-03-03 16:15:00,0.0,0.0
2000-03-03 16:30:00,0.0,0.0
2000-03-03 16:45:00,0.0,0.0
2000-03-03 17:00:00,0.0,0.0
2000-03-03 17:15:00,0.0,0.0
2000-03-03 17:30:00,0.0,0.0
2000-03-03 17:45:00,-0.0,0.0
2000-03-03 18:00:00,0.0,191.89999999999998
2000-03-03 18:15:00,0.0,191.89999999999998
2000-03-03 18:30:00,0.0,191.89999999999998
2000-03-03 18:45:00,0.0,15.016575897393132
2000-03-03 19:00:00,0.0,0.0
2000-03-03 19:15:00,0.0,191.89999999999998
2000-03-03 19:30:00,0.0,191.89999999999998
2000-03-03 19:45:00,0.0,0.0
2000-03-03 20:00:00,0.0,191.89999999999998
2000-03-03 20:15:00,0.0,0.0
2000-03-03 20:30:00,0.0,0.0
2000-03-03 20:45:00,0.0,0.0
2000-03-03 21:00:00,0.0,0.0
2000-03-03 21:15:00,0.0,0.0
2000-03-03 21:30:00,0.0,0.0
2000-03-03 21:45:00,0.0,0.0
2000-03-03 22:00:00,0.0,0.33542410260673705
2000-03-03 22:15:00,4.063196810087465,0.0
2000-03-03 22:30:00,0.0,0.0
2000-03-03 22:45:00,0.0,2.895877415555333
2000-03-03 23:00:00,0.0,0.7711577055486032
2000-03-03 23:15:00,0.0,0.0
2000-03-03 23:30:00,0.0,-0.0
2000-03-03 23:45:00,0.0,-0.0
2000-03-04 00:00:00,0.0,0.0
2000-03-04 00:15:00,0.0,0.0
2000-03-04 00:30:00,0.0,0.0
2000-03-04 00:45:00,0.0,0.0
2000-03-04 01:00:00,0.0,0.0
2000-03-04 01:15:00,0.0,0.0
2000-03-04 01:30:00,0.0,0.0
2000-03-04 01:45:00,0.0,0.0
2000-03-04 02:00:00,0.0,0.0
2000-03-04 02:15:00,0.0,0.0
2000-03-04 02:30:00,0.0,0.0
2000-03-04 02:45:00,0.0,0.0
2000-03-04 03:00:00,0.0,0.0
2000-03-04 03:15:00,0.0,0.0
2000-03-04 03:30:00,150.4383176624924,0.0
2000-03-04 03:45:00,17.71170214974566,0.0
2000-03-04 04:00:00,154.6082358582995,0.0
2000-03-04 04:15:00,152.61194229802402,0.0
2000-03-04 04:30:00,159.06457972784753,0.0
2000-03-04 04:45:00,0.0,0.0
2000-03-04 05:00:00,163.44600940544854,0.0
2000-03-04 05:15:00,163.8644801899083,0.0
2000-03-04 05:30:00,170.35622113030348,0.0
2000-03-04 05:45:00,160.69851157793045,0.0
2000-03-04 06:00:00,0.0,-0.0
2000-03-04 06:15:00,0.0,-0.0
2000-03-04 06:30:00,0.0,0.0
2000-03-04 06:45:00,0.0,-0.0
2000-03-04 07:00:00,0.0,0.0
2000-03-04 07:15:00,0.0,0.0
2000-03-04 07:30:00,0.0,0.0
2000-03-04 07:45:00,0.0,0.0
2000-03-04 08:00:00,0.0,0.0
2000-03-04 08:15:00,0.0,0.0
2000-03-04 08:30:00,0.0,0.0
2000-03-04 08:45:00,0.0,0.0
2000-03-04 09:00:00,0.0,0.0
2000-03-04 09:15:00,0.0,0.0
2000-03-04 09:30:00,0.0,0.0
2000-03-04 09:45:00,0.0,0.0
2000-03-04 10:00:00,0.0,0.0
2000-03-04 10:15:00,0.0,0.0
2000-03-04 10:30:00,0.0,0.0
2000-03-04 10:45:00,0.0,0.0
2000-03-04 11:00:00,0.0,0.0
2000-03-04 11:15:00,0.0,0.0
2000-03-04 11:30:00,0.0,0.0
2000-03-04 11:45:00,0.0,0.0
2000-03-04 12:00:00,0.0,0.0
2000-03-04 12:15:00,0.0,0.0
2000-03-04 12:30:00,0.0,0.0
2000-03-04 12:45:00,0.0,0.0
2000-03-04 13:00:00,0.0,0.0
2000-03-04 13:15:00,0.0,0.0
2000-03-04 13:30:00,0.0,0.0
2000-03-04 13:45:00,0.0,0.0
2000-03-04 14:00:00,0.0,0.0
2000-03-04 14:15:00,0.0,0.0
2000-03-04 14:30:00,0.0,0.0
2000-03-04 14:45:00,0.0,0.0
2000-03-04 15:00:00,0.0,0.0
2000-03-04 15:15:00,0.0,0.0
2000-03-04 15:30:00,0.0,0.0
2000-03-04 15:45:00,0.0,0.0
2000-03-04 16:00:00,0.0,0.0
2000-03-04 16:15:00,0.0,0.0
2000-03-04 16:30:00,0.0,0.0
2000-03-04 16:45:00,0.0,0.0
2000-03-04 17:00:00,0.0,0.0
2000-03-04 17:15:00,0.0,0.0
2000-03-04 17:30:00,0.0,0.0
2000-03-04 17:45:00,0.0,24.039523630555358
2000-03-04 18:00:00,0.0,158.92964326239186
2000-03-04 18:15:00,0.0,169.13723652437912
2000-03-04 18:30:00,0.0,142.06748439914654
2000-03-04 18:45:00,0.0,115.13007076294346
2000-03-04 19:00:00,0.0,57.532424391697674
2000-03-04 19:15:00,0.0,14.70499970600818
2000-03-04 19:30:00,0.0,28.315964726410073
2000-03-04 19:45:00,0.0,74.64406417598636
2000-03-04 20:00:00,0.0,146.5672744180217
2000-03-04 20:15:00,0.0,82.51539912247804
2000-03-04 20:30:00,0.0,28.28911157693355
2000-03-04 20:45:00,0.0,78.9950750399125
2000-03-04 21:00:00,0.0,45.83576937998211
2000-03-04 21:15:00,0.0,0.04795888315354091
2000-03-04 21:30:00,0.0,0.0
2000-03-04 21:45:00,0.0,-0.0
2000-03-04 22:00:00,0.0,0.0
2000-03-04 22:15:00,0.0,0.0
2000-03-04 22:30:00,0.0,0.0
2000-03-04 22:45:00,0.0,0.0
2000-03-04 23:00:00,0.0,0.0
2000-03-04 23:15:00,0.0,-0.0
2000-03-04 23:30:00,0.0,0.0
2000-03-04 23:45:00,0.0,-0.0
2000-03-05 00:00:00,4.102565399524685,0.0
2000-03-05 00:15:00,0.0,0.0
2000-03-05 00:30:00,79.75661934157787,0.0
2000-03-05 00:45:00,58.30748375616703,0.0
2000-03-05 01:00:00,67.33768664313894,0.0
2000-03-05 01:15:00,60.31095702198011,0.0
2000-03-05 01:30:00,40.36654625099586,0.0
2000-03-05 01:45:00,47.78050133623755,0.0
2000-03-05 02:00:00,61.98499275134817,0.0
2000-03-05 02:15:00,63.10741786617148,0.0
2000-03-05 02:30:00,51.223341024967354,0.0
2000-03-05 02:45:00,56.16332203281782,0.0
2000-03-05 03:00:00,55.03339231343063,0.0
2000-03-05 03:15:00,62.30221030914328,0.0
2000-03-05 03:30:00,48.839011014198086,0.0
2000-03-05 03:45:00,60.33033972262287,0.0
2000-03-05 04:00:00,60.95990833570684,0.0
2000-03-05 04:15:00,61.245402777487136,0.0
2000-03-05 04:30:00,49.50104452454609,0.0
2000-03-05 04:45:00,64.64317916182577,0.0
2000-03-05 05:00:00,62.22854011725943,0.0
2000-03-05 05:15:00,64.29725132827659,0.0
2000-03-05 05:30:00,53.79705803133493,0.0
2000-03-05 05:45:00,59.181228939241166,0.0
2000-03-05 06:00:00,0.0,0.6123128662550528
2000-03-05 06:15:00,0.0,47.87086130161583
2000-03-05 06:30:00,0.0,0.0
2000-03-05 06:45:00,0.0,0.0
2000-03-05 07:00:00,0.0,0.0
2000-03-05 07:15:00,0.0,0.0
2000-03-05 07:30:00,0.0,0.0
2000-03-05 07:45:00,0.0,0.0
2000-03-05 08:00:00,0.0,0.0
2000-03-05 08:15:00,0.0,0.0
2000-03-05 08:30:00,0.0,0.0
2000-03-05 08:45:00,0.0,0.0
2000-03-05 09:00:00,0.0,0.0
2000-03-05 09:15:00,0.0,0.0
2000-03-05 09:30:00,0.0,0.0
2000-03-05 09:45:00,0.0,0.0
2000-03-05 10:00:00,0.0,0.0
2000-03-05 10:15:00,0.0,0.0
2000-03-05 10:30:00,0.0,0.0
2000-03-05 10:45:00,0.0,0.0
2000-03-05 11:00:00,0.0,0.0
2000-03-05 11:15:00,0.0,0.0
2000-03-05 11:30:00,0.0,0.0
2000-03-05 11:45:00,0.0,0.0
2000-03-05 12:00:00,0.0,0.0
2000-03-05 12:15:00,0.0,0.0
2000-03-05 12:30:00,0.0,0.0
2000-03-05 12:45:00,0.0,0.0
2000-03-05 13:00:00,0.0,0.0
2000-03-05 13:15:00,0.0,0.0
2000-03-05 13:30:00,0.0,0.0
2000-03-05 13:45:00,0.0,0.0
2000-03-05 14:00:00,0.0,0.0
2000-03-05 14:15:00,0.0,0.0
2000-03-05 14:30:00,0.0,0.0
2000-03-05 14:45:00,0.0,0.0
2000-03-05 15:00:00,0.0,0.0
2000-03-05 15:15:00,0.0,0.0
2000-03-05 15:30:00,0.0,0.0
2000-03-05 15:45:00,0.0,0.0
2000-03-05 16:00:00,0.0,0.0
2000-03-05 16:15:00,0.0,0.0
2000-03-05 16:30:00,0.0,0.0
2000-03-05 16:45:00,0.0,0.0
2000-03-05 17:00:00,0.0,0.0
2000-03-05 17:15:00,53.7209686070592,0.0
2000-03-05 17:30:00,0.0,0.0
2000-03-05 17:45:00,0.0,0.0
2000-03-05 18:00:00,0.0,124.14155743817042
2000-03-05 18:15:00,0.0,130.55342435254119
2000-03-05 18:30:00,0.0,30.968330373609547
2000-03-05 18:45:00,0.0,75.45243735735014
2000-03-05 19:00:00,0.0,103.58099119515825
2000-03-05 19:15:00,0.0,97.49291149336892
2000-03-05 19:30:00,0.0,48.429292156702104
2000-03-05 19:45:00,0.0,70.97862680642743
2000-03-05 20:00:00,0.0,191.89999999999998
2000-03-05 20:15:00,0.0,67.53943599178774
2000-03-05 20:30:00,0.0,52.06924059418867
2000-03-05 20:45:00,0.0,67.24980850987751
2000-03-05 21:00:00,0.0,49.609634284377535
2000-03-05 21:15:00,0.0,5.18238522498585
2000-03-05 21:30:00,0.0,4.80147289768658
2000-03-05 21:45:00,0.0,29.28288242361336
2000-03-05 22:00:00,0.0,17.519568900154795
2000-03-05 22:15:00,0.0,0.0
2000-03-05 22:30:00,0.0,-0.0
2000-03-05 22:45:00,0.0,-0.0
2000-03-05 23:00:00,0.0,-0.0
2000-03-05 23:15:00,0.0,0.0
2000-03-05 23:30:00,0.0,0.0
2000-03-05 23:45:00,0.0,-0.0
2000-03-06 00:00:00,38.62045070228282,0.0
2000-03-06 00:15:00,49.28836660668569,0.0
2000-03-06 00:30:00,55.442218782093335,0.0
2000-03-06 00:45:00,34.68056941349646,0.0
2000-03-06 01:00:00,42.16011987735019,0.0
2000-03-06 01:15:00,61.7080586403331,0.0
2000-03-06 01:30:00,54.531557552306694,0.0
2000-03-06 01:45:00,66.43893669140496,0.0
2000-03-06 02:00:00,64.29421918761291,0.0
2000-03-06 02:15:00,57.729484714711845,0.0
2000-03-06 02:30:00,63.26338458278681,0.0
2000-03-06 02:45:00,70.85329178239493,0.0
2000-03-06 03:00:00,61.76696338234422,0.0
2000-03-06 03:15:00,71.12212556090597,0.0
2000-03-06 03:30:00,54.904048405704756,0.0
2000-03-06 03:45:00,21.062763463636657,0.0
2000-03-06 04:00:00,19.5317946666662,0.0
2000-03-06 04:15:00,62.834433500521214,0.0
2000-03-06 04:30:00,57.14410584513398,0.0
2000-03-06 04:45:00,69.18225456961207,0.0
2000-03-06 05:00:00,65.35670100242538,0.0
2000-03-06 05:15:00,44.19894004779903,0.0
2000-03-06 05:30:00,46.2189387813131,0.0
2000-03-06 05:45:00,60.46627224047765,0.0
2000-03-06 06:00:00,0.0,-0.0
2000-03-06 06:15:00,0.0,-0.0
2000-03-06 06:30:00,0.0,0.0
2000-03-06 06:45:00,0.0,0.0
2000-03-06 07:00:00,0.0,0.0
2000-03-06 07:15:00,0.0,0.0
2000-03-06 07:30:00,0.0,0.0
2000-03-06 07:45:00,0.0,0.0
2000-03-06 08:00:00,0.0,0.0
2000-03-06 08:15:00,0.0,0.0
2000-03-06 08:30:00,0.0,0.0
2000-03-06 08:45:00,0.0,0.0
2000-03-06 09:00:00,0.0,0.0
2000-03-06 09:15:00,0.0,0.0
2000-03-06 09:30:00,0.0,0.0
2000-03-06 09:45:00,0.0,0.0
2000-03-06 10:00:00,0.0,0.0
2000-03-06 10:15:00,0.0,0.0
2000-03-06 10:30:00,0.0,0.0
2000-03-06 10:45:00,0.0,0.0
2000-03-06 11:00:00,0.0,0.0
2000-03-06 11:15:00,0.0,0.0
2000-03-06 11:30:00,0.0,0.0
2000-03-06 11:45:00,0.0,0.0
2000-03-06 12:00:00,0.0,0.0
2000-03-06 12:15:00,0.0,0.0
2000-03-06 12:30:00,0.0,0.0
2000-03-06 12:45:00,0.0,0.0
2000-03-06 13:00:00,0.0,0.0
2000-03-06 13:15:00,0.0,0.0
2000-03-06 13:30:00,0.0,0.0
2000-03-06 13:45:00,0.0,0.0
2000-03-06 14:00:00,0.0,0.0
2000-03-06 14:15:00,0.0,0.0
2000-03-06 14:30:00,0.0,0.0
2000-03-06 14:45:00,0.0,0.0
2000-03-06 15:00:00,0.0,0.0
2000-03-06 15:15:00,0.0,0.0
2000-03-06 15:30:00,0.0,0.0
2000-03-06 15:45:00,0.0,0.0
2000-03-06 16:00:00,0.0,0.0
2000-03-06 16:15:00,0.0,0.0
2000-03-06 16:30:00,0.0,0.0
2000-03-06 16:45:00,0.0,0.0
2000-03-06 17:00:00,0.0,0.0
2000-03-06 17:15:00,0.0,0.0
2000-03-06 17:30:00,0.0,0.0
2000-03-06 17:45:00,0.0,0.0
2000-03-06 18:00:00,0.0,75.738193329323
2000-03-06 18:15:00,0.0,59.44767654048225
2000-03-06 18:30:00,0.0,78.18775027188099
2000-03-06 18:45:00,0.0,52.68264515662786
2000-03-06 19:00:00,0.0,57.94963933283901
2000-03-06 19:15:00,0.0,48.82416486824218
2000-03-06 19:30:00,0.0,62.21056609430901
2000-03-06 19:45:00,0.0,118.70908283156416
2000-03-06 20:00:00,0.0,109.09028957740391
2000-03-06 20:15:00,0.0,119.2023795748895
2000-03-06 20:30:00,0.0,26.39931989565359
2000-03-06 20:45:00,0.0,114.9653131780639
2000-03-06 21:00:00,0.0,0.0
2000-03-06 21:15:00,0.0,91.55983290163479
2000-03-06 21:30:00,0.0,108.91718932869388
2000-03-06 21:45:00,0.0,42.86795711839209
2000-03-06 22:00:00,0.0,0.0
2000-03-06 22:15:00,0.0,0.0
2000-03-06 22:30:00,0.0,0.0
2000-03-06 22:45:00,0.0,0.0
2000-03-06 23:00:00,0.0,-0.0
2000-03-06 23:15:00,0.0,0.0
2000-03-06 23:30:00,0.0,-0.0
2000-03-06 23:45:00,0.0,-0.0
2000-03-07 00:00:00,-0.0,0.0
2000-03-07 00:15:00,0.0,0.0
2000-03-07 00:30:00,0.0,0.0
2000-03-07 00:45:00,0.0,0.0
2000-03-07 01:00:00,0.0,0.0
2000-03-07 01:15:00,0.0,0.0
2000-03-07 01:30:00,0.0,0.0
2000-03-07 01:45:00,0.0,0.0
2000-03-07 02:00:00,0.0,0.0
2000-03-07 02:15:00,0.0,0.0
2000-03-07 02:30:00,0.0,0.0
2000-03-07 02:45:00,27.820144919719098,0.0
2000-03-07 03:00:00,0.0,0.0
2000-03-07 03:15:00,132.4667876362251,0.0
2000-03-07 03:30:00,0.0,0.0
2000-03-07 03:45:00,134.19763011339657,0.0
2000-03-07 04:00:00,0.0,0.0
2000-03-07 04:15:00,0.0,0.0
2000-03-07 04:30:00,179.63246603547668,0.0
2000-03-07 04:45:00,183.6219633579243,0.0
2000-03-07 05:00:00,177.42544374121294,0.0
2000-03-07 05:15:00,85.73045257918155,0.0
2000-03-07 05:30:00,187.7301953952169,0.0
2000-03-07 05:45:00,184.1749162216467,0.0
2000-03-07 06:00:00,0.0,-0.0
2000-03-07 06:15:00,0.0,-0.0
2000-03-07 06:30:00,0.0,0.0
2000-03-07 06:45:00,0.0,0.0
2000-03-07 07:00:00,0.0,0.0
2000-03-07 07:15:00,0.0,0.0
2000-03-07 07:30:00,0.0,0.0
2000-03-07 07:45:00,0.0,-0.0
2000-03-07 08:00:00,0.0,0.0
2000-03-07 08:15:00,0.0,0.0
2000-03-07 08:30:00,0.0,0.0
2000-03-07 08:45:00,0.0,0.0
2000-03-07 09:00:00,0.0,0.0
2000-03-07 09:15:00,0.0,0.0
2000-03-07 09:30:00,0.0,0.0
2000-03-07 09:45:00,0.0,0.0
2000-03-07 10:00:00,0.0,0.0
2000-03-07 10:15:00,0.0,0.0
2000-03-07 10:30:00,0.0,0.0
2000-03-07 10:45:00,0.0,0.0
2000-03-07 11:00:00,0.0,0.0
2000-03-07 11:15:00,0.0,0.0
2000-03-07 11:30:00,0.0,0.0
2000-03-07 11:45:00,0.0,0.0
2000-03-07 12:00:00,0.0,0.0
2000-03-07 12:15:00,0.0,0.0
2000-03-07 12:30:00,0.0,0.0
2000-03-07 12:45:00,0.0,0.0
2000-03-07 13:00:00,0.0,0.0
2000-03-07 13:15:00,0.0,0.0
2000-03-07 13:30:00,0.0,0.0
2000-03-07 13:45:00,0.0,0.0
2000-03-07 14:00:00,0.0,0.0
2000-03-07 14:15:00,0.0,0.0
2000-03-07 14:30:00,0.0,0.0
2000-03-07 14:45:00,0.0,0.0
2000-03-07 15:00:00,0.0,0.0
2000-03-07 15:15:00,0.0,0.0
2000-03-07 15:30:00,0.0,0.0
2000-03-07 15:45:00,0.0,0.0
2000-03-07 16:00:00,0.0,0.0
2000-03-07 16:15:00,0.0,0.0
2000-03-07 16:30:00,0.0,0.0
2000-03-07 16:45:00,0.0,0.0
2000-03-07 17:00:00,0.0,0.0
2000-03-07 17:15:00,0.0,0.0
2000-03-07 17:30:00,0.0,0.0
2000-03-07 17:45:00,0.0,0.0
2000-03-07 18:00:00,0.0,127.38382059584413
2000-03-07 18:15:00,0.0,191.89999999999998
2000-03-07 18:30:00,0.0,191.89999999999998
2000-03-07 18:45:00,0.0,150.28400832609026
2000-03-07 19:00:00,0.0,156.59358546157893
2000-03-07 19:15:00,0.0,0.0
2000-03-07 19:30:00,0.0,7.860011882087349
2000-03-07 19:45:00,0.0,69.60957330519477
2000-03-07 20:00:00,0.0,68.37201190074938
2000-03-07 20:15:00,0.0,6.512429866692258
2000-03-07 20:30:00,0.0,0.0
2000-03-07 20:45:00,0.0,15.81445126234172
2000-03-07 21:00:00,0.0,62.20946824365865
2000-03-07 21:15:00,0.0,99.91383065769037
2000-03-07 21:30:00,0.0,18.398808498072214
2000-03-07 21:45:00,0.0,0.0
2000-03-07 22:00:00,4.9573150025589925,0.0
2000-03-07 22:15:00,0.0,4.473976789809491
2000-03-07 22:30:00,-0.0,0.0
2000-03-07 22:45:00,-0.0,0.0
2000-03-07 23:00:00,0.0,0.0
2000-03-07 23:15:00,0.0,0.0
2000-03-07 23:30:00,0.0,0.0
2000-03-07 23:45:00,0.0,-0.0
2000-03-08 00:00:00,0.0,0.0
2000-03-08 00:15:00,0.0,0.0
2000-03-08 00:30:00,0.0,0.0
2000-03-08 00:45:00,0.0,0.0
2000-03-08 01:00:00,0.0,0.0
2000-03-08 01:15:00,0.0,0.0
2000-03-08 01:30:00,0.0,0.0
2000-03-08 01:45:00,0.0,0.0
2000-03-08 02:00:00,0.0,0.0
2000-03-08 02:15:00,0.0,0.0
2000-03-08 02:30:00,110.3948494568927,0.0
2000-03-08 02:45:00,0.0,0.0
2000-03-08 03:00:00,49.568013356558524,0.0
2000-03-08 03:15:00,0.0,0.0
2000-03-08 03:30:00,0.0,0.0
2000-03-08 03:45:00,123.63362408659353,0.0
2000-03-08 04:00:00,125.78485541242388,0.0
2000-03-08 04:15:00,129.00618224924182,0.0
2000-03-08 04:30:00,120.49257188153629,0.0
2000-03-08 04:45:00,126.51471231603377,0.0
2000-03-08 05:00:00,129.83057650952475,0.0
2000-03-08 05:15:00,129.0480216229974,0.0
2000-03-08 05:30:00,130.1077695337955,0.0
2000-03-08 05:45:00,118.41882357440184,0.0
2000-03-08 06:00:00,0.0,-0.0
2000-03-08 06:15:00,0.0,-0.0
2000-03-08 06:30:00,0.0,0.0
2000-03-08 06:45:00,0.0,0.0
2000-03-08 07:00:00,0.0,0.0
2000-03-08 07:15:00,0.0,0.0
2000-03-08 07:30:00,0.0,0.0
2000-03-08 07:45:00,0.0,0.0
2000-03-08 08:00:00,0.0,0.0
2000-03-08 08:15:00,0.0,0.0
2000-03-08 08:30:00,0.0,0.0
2000-03-08 08:45:00,0.0,0.0
2000-03-08 09:00:00,0.0,0.0
2000-03-08 09:15:00,0.0,0.0
2000-03-08 09:30:00,0.0,0.0
2000-03-08 09:45:00,0.0,0.0
2000-03-08 10:00:00,0.0,0.0
2000-03-08 10:15:00,0.0,0.0
2000-03-08 10:30:00,0.0,0.0
2000-03-08 10:45:00,0.0,0.0
2000-03-08 11:00:00,0.0,0.0
2000-03-08 11:15:00,0.0,0.0
2000-03-08 11:30:00,0.0,0.0
2000-03-08 11:45:00,0.0,0.0
2000-03-08 12:00:00,0.0,0.0
2000-03-08 12:15:00,0.0,0.0
2000-03-08 12:30:00,0.0,0.0
2000-03-08 12:45:00,0.0,0.0
2000-03-08 13:00:00,0.0,0.0
2000-03-08 13:15:00,0.0,0.0
2000-03-08 13:30:00,0.0,0.0
2000-03-08 13:45:00,0.0,0.0
2000-03-08 14:00:00,0.0,0.0
2000-03-08 14:15:00,0.0,0.0
2000-03-08 14:30:00,0.0,0.0
2000-03-08 14:45:00,0.0,0.0
2000-03-08 15:00:00,0.0,0.0
2000-03-08 15:15:00,0.0,0.0
2000-03-08 15:30:00,0.0,0.0
2000-03-08 15:45:00,0.0,0.0
2000-03-08 16:00:00,0.0,0.0
2000-03-08 16:15:00,0.0,0.0
2000-03-08 16:30:00,0.0,0.0
2000-03-08 16:45:00,0.0,0.0
2000-03-08 17:00:00,0.0,0.0
2000-03-08 17:15:00,0.0,0.0
2000-03-08 17:30:00,0.0,0.0
2000-03-08 17:45:00,0.0,0.0
2000-03-08 18:00:00,0.0,109.78772127390536
2000-03-08 18:15:00,0.0,143.52504490555575
2000-03-08 18:30:00,0.0,149.72312674166199
2000-03-08 18:45:00,0.0,134.30392699811986
2000-03-08 19:00:00,0.0,0.0
2000-03-08 19:15:00,0.0,144.41954276956034
2000-03-08 19:30:00,0.0,28.29293911328589
2000-03-08 19:45:00,0.0,168.94627356288575
2000-03-08 20:00:00,0.0,0.0
2000-03-08 20:15:00,0.0,0.0
2000-03-08 20:30:00,0.0,51.97094957737886
2000-03-08 20:45:00,0.0,102.50278906207845
2000-03-08 21:00:00,0.0,108.9145695650648
2000-03-08 21:15:00,0.0,24.365116430503008
2000-03-08 21:30:00,0.0,0.0
2000-03-08 21:45:00,0.0,-0.0
2000-03-08 22:00:00,51.49188062919669,0.0
2000-03-08 22:15:00,0.0,46.47142226785001
2000-03-08 22:30:00,8.622181281407602,0.0
2000-03-08 22:45:00,0.0,2.0960784994847756
2000-03-08 23:00:00,0.0,5.685440106985595
2000-03-08 23:15:00,0.0,0.0
2000-03-08 23:30:00,0.0,0.0
2000-03-08 23:45:00,0.0,-0.0
2000-03-09 00:00:00,-0.0,0.0
2000-03-09 00:15:00,0.0,0.0
2000-03-09 00:30:00,0.0,0.0
2000-03-09 00:45:00,0.0,0.0
2000-03-09 01:00:00,-0.0,0.0
2000-03-09 01:15:00,0.0,0.0
2000-03-09 01:30:00,79.8728774724523,0.0
2000-03-09 01:45:00,82.95987067440373,0.0
2000-03-09 02:00:00,76.26431034134828,0.0
2000-03-09 02:15:00,0.0,0.0
2000-03-09 02:30:00,66.68953474457052,0.0
2000-03-09 02:45:00,0.0,0.0
2000-03-09 03:00:00,81.50898401320666,0.0
2000-03-09 03:15:00,87.77849295616967,0.0
2000-03-09 03:30:00,85.20593513231898,0.0
2000-03-09 03:45:00,83.08086875069215,0.0
2000-03-09 04:00:00,72.25727716933304,0.0
2000-03-09 04:15:00,83.11813666396137,0.0
2000-03-09 04:30:00,89.51083796586471,0.0
2000-03-09 04:45:00,88.17874501338045,0.0
2000-03-09 05:00:00,86.6434930602399,0.0
2000-03-09 05:15:00,71.47095754764356,0.0
2000-03-09 05:30:00,80.29375807706042,0.0
2000-03-09 05:45:00,77.9659204173543,0.0
2000-03-09 06:00:00,0.0,73.50890519548805
2000-03-09 06:15:00,0.0,28.813180812599732
2000-03-09 06:30:00,0.0,16.17107529645218
2000-03-09 06:45:00,0.0,-0.0
2000-03-09 07:00:00,0.0,13.865168758527496
2000-03-09 07:15:00,0.0,0.0
2000-03-09 07:30:00,0.0,57.74145389084286
2000-03-09 07:45:00,0.0,39.30178579842581
2000-03-09 08:00:00,0.0,0.0
2000-03-09 08:15:00,0.0,24.077121648843946
2000-03-09 08:30:00,0.0,0.0
2000-03-09 08:45:00,0.0,-0.0
2000-03-09 09:00:00,0.0,0.0
2000-03-09 09:15:00,0.0,0.0
2000-03-09 09:30:00,0.0,0.0
2000-03-09 09:45:00,0.0,0.0
2000-03-09 10:00:00,0.0,0.0
2000-03-09 10:15:00,0.0,0.0
2000-03-09 10:30:00,0.0,0.0
2000-03-09 10:45:00,0.0,0.0
2000-03-09 11:00:00,0.0,0.0
2000-03-09 11:15:00,0.0,0.0
2000-03-09 11:30:00,0.0,0.0
2000-03-09 11:45:00,0.0,0.0
2000-03-09 12:00:00,0.0,0.0
2000-03-09 12:15:00,0.0,0.0
2000-03-09 12:30:00,0.0,0.0
2000-03-09 12:45:00,0.0,0.0
2000-03-09 13:00:00,0.0,0.0
2000-03-09 13:15:00,0.0,0.0
2000-03-09 13:30:00,0.0,0.0
2000-03-09 13:45:00,0.0,0.0
2000-03-09 14:00:00,0.0,0.0
2000-03-09 14:15:00,0.0,0.0
2000-03-09 14:30:00,0.0,0.0
2000-03-09 14:45:00,0.0,0.0
2000-03-09 15:00:00,0.0,0.0
2000-03-09 15:15:00,0.0,0.0
2000-03-09 15:30:00,0.0,0.0
2000-03-09 15:45:00,0.0,0.0
2000-03-09 16:00:00,0.0,0.0
2000-03-09 16:15:00,0.0,0.0
2000-03-09 16:30:00,0.0,0.0
2000-03-09 16:45:00,0.0,0.0
2000-03-09 17:00:00,0.0,0.0
2000-03-09 17:15:00,0.0,0.0
2000-03-09 17:30:00,0.0,0.0
2000-03-09 17:45:00,0.0,0.0
2000-03-09 18:00:00,0.0,40.07772785979073
2000-03-09 18:15:00,0.0,43.28317006004515
2000-03-09 18:30:00,0.0,54.10218769048173
2000-03-09 18:45:00,0.0,28.43690250442756
2000-03-09 19:00:00,0.0,33.81424680904962
2000-03-09 19:15:00,0.0,40.49400878915395
2000-03-09 19:30:00,0.0,47.59615455243224
2000-03-09 19:45:00,0.0,39.30349786569451
2000-03-09 20:00:00,0.0,48.30535257077574
2000-03-09 20:15:00,0.0,74.1392765970597
2000-03-09 20:30:00,0.0,72.04795771450776
2000-03-09 20:45:00,0.0,70.39257780563868
2000-03-09 21:00:00,0.0,79.34551718334949
2000-03-09 21:15:00,0.0,87.95947095160784
2000-03-09 21:30:00,0.0,78.62329995977981
2000-03-09 21:45:00,0.0,66.76710009635669
2000-03-09 22:00:00,5.637347467554747,0.0
2000-03-09 22:15:00,0.0,6.355727105638522
2000-03-09 22:30:00,0.0,7.316838572498256
2000-03-09 22:45:00,0.0,-0.0
2000-03-09 23:00:00,-0.0,0.0
2000-03-09 23:15:00,0.0,0.0
2000-03-09 23:30:00,0.0,-0.0
2000-03-09 23:45:00,0.0,-0.0
2000-03-10 00:00:00,0.0,0.0
2000-03-10 00:15:00,0.0,0.0
2000-03-10 00:30:00,0.0,0.0
2000-03-10 00:45:00,0.0,0.0
2000-03-10 01:00:00,0.0,0.0
2000-03-10 01:15:00,0.0,0.0
2000-03-10 01:30:00,45.968522842760684,0.0
2000-03-10 01:45:00,0.0,0.0
2000-03-10 02:00:00,0.0,0.0
2000-03-10 02:15:00,112.10175963476695,0.0
2000-03-10 02:30:00,0.0,0.0
2000-03-10 02:45:00,0.0,0.0
2000-03-10 03:00:00,0.0,0.0
2000-03-10 03:15:00,99.71474411079393,0.0
2000-03-10 03:30:00,97.99333593811963,0.0
2000-03-10 03:45:00,102.01436536067982,0.0
2000-03-10 04:00:00,98.5524607094366,0.0
2000-03-10 04:15:00,103.5394762267912,0.0
2000-03-10 04:30:00,107.65104745504743,0.0
2000-03-10 04:45:00,106.41288175071301,0.0
2000-03-10 05:00:00,102.13544369012328,0.0
2000-03-10 05:15:00,106.61255004997881,0.0
2000-03-10 05:30:00,111.5984195746776,0.0
2000-03-10 05:45:00,98.50499265611086,0.0
2000-03-10 06:00:00,0.0,-0.0
2000-03-10 06:15:00,0.0,-0.0
2000-03-10 06:30:00,0.0,0.0
2000-03-10 06:45:00,0.0,0.0
2000-03-10 07:00:00,0.0,0.0
2000-03-10 07:15:00,0.0,0.0
2000-03-10 07:30:00,0.0,0.0
2000-03-10 07:45:00,0.0,0.0
2000-03-10 08:00:00,0.0,0.0
2000-03-10 08:15:00,0.0,0.0
2000-03-10 08:30:00,0.0,0.0
2000-03-10 08:45:00,0.0,0.0
2000-03-10 09:00:00,0.0,0.0
2000-03-10 09:15:00,0.0,0.0
2000-03-10 09:30:00,0.0,0.0
2000-03-10 09:45:00,0.0,0.0
2000-03-10 10:00:00,0.0,0.0
2000-03-10 10:15:00,0.0,0.0
2000-03-10 10:30:00,0.0,0.0
2000-03-10 10:45:00,0.0,0.0
2000-03-10 11:00:00,0.0,0.0
2000-03-10 11:15:00,0.0,0.0
2000-03-10 11:30:00,0.0,0.0
2000-03-10 11:45:00,0.0,0.0
2000-03-10 12:00:00,0.0,0.0
2000-03-10 12:15:00,0.0,0.0
2000-03-10 12:30:00,0.0,0.0
2000-03-10 12:45:00,0.0,0.0
2000-03-10 13:00:00,0.0,0.0
2000-03-10 13:15:00,0.0,0.0
2000-03-10 13:30:00,0.0,0.0
2000-03-10 13:45:00,0.0,0.0
2000-03-10 14:00:00,0.0,0.0
2000-03-10 14:15:00,0.0,0.0
2000-03-10 14:30:00,0.0,0.0
2000-03-10 14:45:00,0.0,0.0
2000-03-10 15:00:00,0.0,0.0
2000-03-10 15:15:00,0.0,0.0
2000-03-10 15:30:00,0.0,0.0
2000-03-10 15:45:00,0.0,0.0
2000-03-10 16:00:00,0.0,0.0
2000-03-10 16:15:00,0.0,0.0
2000-03-10 16:30:00,0.0,0.0
2000-03-10 16:45:00,0.0,0.0
2000-03-10 17:00:00,0.0,0.0
2000-03-10 17:15:00,0.0,0.0
2000-03-10 17:30:00,0.0,0.0
2000-03-10 17:45:00,-0.0,0.0
2000-03-10 18:00:00,0.0,109.23097727326945
2000-03-10 18:15:00,0.0,132.3732106082256
2000-03-10 18:30:00,0.0,168.7046260356364
2000-03-10 18:45:00,0.0,187.3585880456275
2000-03-10 19:00:00,0.0,29.33928937211317
2000-03-10 19:15:00,0.0,18.358778347435134
2000-03-10 19:30:00,0.0,155.21539939657202
2000-03-10 19:45:00,0.0,54.27023223432522
2000-03-10 20:00:00,0.0,191.89999999999998
2000-03-10 20:15:00,0.0,47.098436678179375
2000-03-10 20:30:00,0.0,10.467947124541297
2000-03-10 20:45:00,0.0,0.0
2000-03-10 21:00:00,0.0,0.0
2000-03-10 21:15:00,0.0,62.43451488407467
2000-03-10 21:30:00,0.0,0.0
2000-03-10 21:45:00,0.0,-0.0
2000-03-10 22:00:00,34.89879189967559,0.0
2000-03-10 22:15:00,26.174322655725234,0.0
2000-03-10 22:30:00,6.092122863101508,0.0
2000-03-10 22:45:00,0.0,37.95694437656164
2000-03-10 23:00:00,0.0,22.659682393636672
2000-03-10 23:15:00,0.0,0.0
2000-03-10 23:30:00,0.0,0.0
2000-03-10 23:45:00,0.0,-0.0
2000-03-11 00:00:00,-0.0,0.0
2000-03-11 00:15:00,0.0,0.0
2000-03-11 00:30:00,-0.0,0.0
2000-03-11 00:45:00,0.0,0.0
2000-03-11 01:00:00,0.0,0.0
2000-03-11 01:15:00,0.0,0.0
2000-03-11 01:30:00,0.0,0.0
2000-03-11 01:45:00,0.0,0.0
2000-03-11 02:00:00,0.0,0.0
2000-03-11 02:15:00,0.0,0.0
2000-03-11 02:30:00,0.0,0.0
2000-03-11 02:45:00,0.0,0.0
2000-03-11 03:00:00,21.93463740378715,0.0
2000-03-11 03:15:00,136.702325589557,0.0
2000-03-11 03:30:00,128.28302288253616,0.0
2000-03-11 03:45:00,135.6155248497065,0.0
2000-03-11 04:00:00,128.52151686432256,0.0
2000-03-11 04:15:00,130.8662073352578,0.0
2000-03-11 04:30:00,120.13709870794291,0.0
2000-03-11 04:45:00,113.51817583146169,0.0
2000-03-11 05:00:00,79.07368740516638,0.0
2000-03-11 05:15:00,85.62202980217756,0.0
2000-03-11 05:30:00,130.92523491939141,0.0
2000-03-11 05:45:00,81.60053840869264,0.0
2000-03-11 06:00:00,0.0,-0.0
2000-03-11 06:15:00,0.0,0.0
2000-03-11 06:30:00,0.0,0.0
2000-03-11 06:45:00,0.0,0.0
2000-03-11 07:00:00,0.0,0.0
2000-03-11 07:15:00,0.0,0.0
2000-03-11 07:30:00,0.0,0.0
2000-03-11 07:45:00,0.0,0.0
2000-03-11 08:00:00,0.0,0.0
2000-03-11 08:15:00,0.0,0.0
2000-03-11 08:30:00,0.0,0.0
2000-03-11 08:45:00,0.0,0.0
2000-03-11 09:00:00,0.0,0.0
2000-03-11 09:15:00,0.0,0.0
2000-03-11 09:30:00,0.0,0.0
2000-03-11 09:45:00,0.0,0.0
2000-03-11 10:00:00,0.0,0.0
2000-03-11 10:15:00,0.0,0.0
2000-03-11 10:30:00,0.0,0.0
2000-03-11 10:45:00,0.0,0.0
2000-03-11 11:00:00,0.0,0.0
2000-03-11 11:15:00,0.0,0.0
2000-03-11 11:30:00,0.0,0.0
2000-03-11 11:45:00,0.0,0.0
2000-03-11 12:00:00,0.0,0.0
2000-03-11 12:15:00,0.0,0.0
2000-03-11 12:30:00,0.0,0.0
2000-03-11 12:45:00,0.0,0.0
2000-03-11 13:00:00,0.0,0.0
2000-03-11 13:15:00,0.0,0.0
2000-03-11 13:30:00,0.0,0.0
2000-03-11 13:45:00,0.0,0.0
2000-03-11 14:00:00,0.0,0.0
2000-03-11 14:15:00,0.0,0.0
2000-03-11 14:30:00,0.0,0.0
2000-03-11 14:45:00,0.0,0.0
2000-03-11 15:00:00,0.0,0.0
2000-03-11 15:15:00,0.0,0.0
2000-03-11 15:30:00,0.0,0.0
2000-03-11 15:45:00,0.0,0.0
2000-03-11 16:00:00,0.0,0.0
2000-03-11 16:15:00,0.0,0.0
2000-03-11 16:30:00,0.0,0.0
2000-03-11 16:45:00,0.0,0.0
2000-03-11 17:00:00,0.0,0.0
2000-03-11 17:15:00,0.0,0.0
2000-03-11 17:30:00,0.0,0.0
2000-03-11 17:45:00,0.0,0.0
2000-03-11 18:00:00,0.0,67.64979245134381
2000-03-11 18:15:00,0.0,88.38110811930365
2000-03-11 18:30:00,0.0,119.78027707643264
2000-03-11 18:45:00,0.0,0.0
2000-03-11 19:00:00,0.0,106.48377400094904
2000-03-11 19:15:00,0.0,135.32977882599752
2000-03-11 19:30:00,0.0,19.346890353170835
2000-03-11 19:45:00,0.0,191.89999999999998
2000-03-11 20:00:00,0.0,115.28585924218477
2000-03-11 20:15:00,0.0,191.89999999999998
2000-03-11 20:30:00,0.0,26.206062361165635
2000-03-11 20:45:00,0.0,41.50213183438487
2000-03-11 21:00:00,0.0,62.98632573506711
2000-03-11 21:15:00,0.0,0.0
2000-03-11 21:30:00,0.0,-0.0
2000-03-11 21:45:00,0.0,0.0
2000-03-11 22:00:00,22.538181868274176,0.0
2000-03-11 22:15:00,0.0,20.340709136117443
2000-03-11 22:30:00,0.0,0.0
2000-03-11 22:45:00,0.0,0.0
2000-03-11 23:00:00,0.0,-0.0
2000-03-11 23:15:00,0.0,0.0
2000-03-11 23:30:00,0.0,-0.0
2000-03-11 23:45:00,0.0,-0.0
2000-03-12 00:00:00,0.0,0.0
2000-03-12 00:15:00,0.0,0.0
2000-03-12 00:30:00,0.0,0.0
2000-03-12 00:45:00,0.0,0.0
2000-03-12 01:00:00,0.0,0.0
2000-03-12 01:15:00,0.0,0.0
2000-03-12 01:30:00,0.0,0.0
2000-03-12 01:45:00,0.0,0.0
2000-03-12 02:00:00,0.0,0.0
2000-03-12 02:15:00,0.0,0.0
2000-03-12 02:30:00,0.0,0.0
2000-03-12 02:45:00,0.0,0.0
2000-03-12 03:00:00,0.0,0.0
2000-03-12 03:15:00,158.3961722217606,0.0
2000-03-12 03:30:00,135.72141262184283,0.0
2000-03-12 03:45:00,0.0,0.0
2000-03-12 04:00:00,0.0,0.0
2000-03-12 04:15:00,170.96563050618744,0.0
2000-03-12 04:30:00,0.0,0.0
2000-03-12 04:45:00,146.27554194170307,0.0
2000-03-12 05:00:00,159.7927599797106,0.0
2000-03-12 05:15:00,178.98401640663297,0.0
2000-03-12 05:30:00,187.10000850102244,0.0
2000-03-12 05:45:00,155.56445782113977,0.0
2000-03-12 06:00:00,0.0,-0.0
2000-03-12 06:15:00,0.0,-0.0
2000-03-12 06:30:00,0.0,0.0
2000-03-12 06:45:00,0.0,0.0
2000-03-12 07:00:00,0.0,-0.0
2000-03-12 07:15:00,0.0,-0.0
2000-03-12 07:30:00,0.0,0.0
2000-03-12 07:45:00,0.0,0.0
2000-03-12 08:00:00,0.0,0.0
2000-03-12 08:15:00,0.0,0.0
2000-03-12 08:30:00,0.0,0.0
2000-03-12 08:45:00,0.0,0.0
2000-03-12 09:00:00,0.0,0.0
2000-03-12 09:15:00,0.0,0.0
2000-03-12 09:30:00,0.0,0.0
2000-03-12 09:45:00,0.0,0.0
2000-03-12 10:00:00,0.0,0.0
2000-03-12 10:15:00,0.0,0.0
2000-03-12 10:30:00,0.0,0.0
2000-03-12 10:45:00,0.0,0.0
2000-03-12 11:00:00,0.0,0.0
2000-03-12 11:15:00,0.0,0.0
2000-03-12 11:30:00,0.0,0.0
2000-03-12 11:45:00,0.0,0.0
2000-03-12 12:00:00,0.0,0.0
2000-03-12 12:15:00,0.0,0.0
2000-03-12 12:30:00,0.0,0.0
2000-03-12 12:45:00,0.0,0.0
2000-03-12 13:00:00,0.0,0.0
2000-03-12 13:15:00,0.0,0.0
2000-03-12 13:30:00,0.0,0.0
2000-03-12 13:45:00,0.0,0.0
2000-03-12 14:00:00,0.0,0.0
2000-03-12 14:15:00,0.0,0.0
2000-03-12 14:30:00,0.0,0.0
2000-03-12 14:45:00,0.0,0.0
2000-03-12 15:00:00,0.0,0.0
2000-03-12 15:15:00,0.0,0.0
2000-03-12 15:30:00,0.0,0.0
2000-03-12 15:45:00,0.0,0.0
2000-03-12 16:00:00,-0.0,0.0
2000-03-12 16:15:00,0.0,49.52172105048501
2000-03-12 16:30:00,0.0,0.0
2000-03-12 16:45:00,32.42832076133652,0.0
2000-03-12 17:00:00,13.615974052682569,0.0
2000-03-12 17:15:00,8.827418261310612,0.0
2000-03-12 17:30:00,0.0,16.460903350627746
2000-03-12 17:45:00,0.0,6.169548907885229
2000-03-12 18:00:00,0.0,191.89999999999998
2000-03-12 18:15:00,0.0,191.89999999999998
2000-03-12 18:30:00,0.0,191.89999999999998
2000-03-12 18:45:00,0.0,185.24264856406057
2000-03-12 19:00:00,0.0,171.70089988559698
2000-03-12 19:15:00,0.0,1.229967082643924
2000-03-12 19:30:00,0.0,14.472394397530678
2000-03-12 19:45:00,0.0,136.41294752092574
2000-03-12 20:00:00,0.0,13.698892474283667
2000-03-12 20:15:00,0.0,12.334623648189165
2000-03-12 20:30:00,0.0,8.54894306041038
2000-03-12 20:45:00,0.0,20.63205326273612
2000-03-12 21:00:00,0.0,4.1481778451097
2000-03-12 21:15:00,0.0,0.0
2000-03-12 21:30:00,0.0,0.0
2000-03-12 21:45:00,0.0,-0.0
2000-03-12 22:00:00,0.0,0.0
2000-03-12 22:15:00,0.0,0.0
2000-03-12 22:30:00,0.0,-0.0
2000-03-12 22:45:00,0.0,0.0
2000-03-12 23:00:00,0.0,-0.0
2000-03-12 23:15:00,0.0,0.0
2000-03-12 23:30:00,0.0,-0.0
2000-03-12 23:45:00,0.0,-0.0
2000-03-13 00:00:00,-0.0,0.0
2000-03-13 00:15:00,0.0,0.0
2000-03-13 00:30:00,0.0,0.0
2000-03-13 00:45:00,0.0,0.0
2000-03-13 01:00:00,0.0,0.0
2000-03-13 01:15:00,0.0,0.0
2000-03-13 01:30:00,0.0,0.0
2000-03-13 01:45:00,-0.0,0.0
2000-03-13 02:00:00,-0.0,0.0
2000-03-13 02:15:00,0.0,0.0
2000-03-13 02:30:00,0.0,0.0
2000-03-13 02:45:00,0.0,0.0
2000-03-13 03:00:00,124.94378138307844,0.0
2000-03-13 03:15:00,121.4698946407257,0.0
2000-03-13 03:30:00,14.678824707147227,0.0
2000-03-13 03:45:00,124.08326360908123,0.0
2000-03-13 04:00:00,120.21871699444182,0.0
2000-03-13 04:15:00,105.49374991382871,0.0
2000-03-13 04:30:00,107.43695335256223,0.0
2000-03-13 04:45:00,113.97027654810475,0.0
2000-03-13 05:00:00,114.04548275437986,0.0
2000-03-13 05:15:00,117.4321967045647,0.0
2000-03-13 05:30:00,114.86891813486073,0.0
2000-03-13 05:45:00,114.1579412572247,0.0
2000-03-13 06:00:00,0.0,-0.0
2000-03-13 06:15:00,0.0,-0.0
2000-03-13 06:30:00,0.0,0.0
2000-03-13 06:45:00,0.0,0.0
2000-03-13 07:00:00,0.0,0.0
2000-03-13 07:15:00,0.0,0.0
2000-03-13 07:30:00,0.0,0.0
2000-03-13 07:45:00,0.0,0.0
2000-03-13 08:00:00,0.0,0.0
2000-03-13 08:15:00,0.0,0.0
2000-03-13 08:30:00,0.0,0.0
2000-03-13 08:45:00,0.0,0.0
2000-03-13 09:00:00,0.0,0.0
2000-03-13 09:15:00,0.0,0.0
2000-03-13 09:30:00,0.0,0.0
2000-03-13 09:45:00,0.0,0.0
2000-03-13 10:00:00,0.0,0.0
2000-03-13 10:15:00,0.0,0.0
2000-03-13 10:30:00,0.0,0.0
2000-03-13 10:45:00,0.0,0.0
2000-03-13 11:00:00,0.0,0.0
2000-03-13 11:15:00,0.0,0.0
2000-03-13 11:30:00,0.0,0.0
2000-03-13 11:45:00,0.0,0.0
2000-03-13 12:00:00,0.0,0.0
2000-03-13 12:15:00,0.0,0.0
2000-03-13 12:30:00,0.0,0.0
2000-03-13 12:45:00,0.0,0.0
2000-03-13 13:00:00,0.0,0.0
2000-03-13 13:15:00,0.0,0.0
2000-03-13 13:30:00,0.0,0.0
2000-03-13 13:45:00,0.0,0.0
2000-03-13 14:00:00,0.0,0.0
2000-03-13 14:15:00,0.0,0.0
2000-03-13 14:30:00,0.0,0.0
2000-03-13 14:45:00,0.0,0.0
2000-03-13 15:00:00,0.0,0.0
2000-03-13 15:15:00,0.0,0.0
2000-03-13 15:30:00,0.0,0.0
2000-03-13 15:45:00,0.0,32.631220657073186
2000-03-13 16:00:00,25.520381929665916,0.0
2000-03-13 16:15:00,0.0,1.223212617186249
2000-03-13 16:30:00,0.0,8.83396835199261
2000-03-13 16:45:00,5.126557220424047,0.0
2000-03-13 17:00:00,9.223758276803222,0.0
2000-03-13 17:15:00,0.0,5.393850295316611
2000-03-13 17:30:00,13.406036004207863,0.0
2000-03-13 17:45:00,0.0,-0.0
2000-03-13 18:00:00,0.0,167.15911554826596
2000-03-13 18:15:00,0.0,71.36350422516675
2000-03-13 18:30:00,0.0,189.48173706753735
2000-03-13 18:45:00,0.0,171.85333881081502
2000-03-13 19:00:00,0.0,167.16250986560664
2000-03-13 19:15:00,0.0,171.06657992499217
2000-03-13 19:30:00,0.0,165.6292336497403
2000-03-13 19:45:00,0.0,16.88941644778714
2000-03-13 20:00:00,0.0,7.246388869563361
2000-03-13 20:15:00,0.0,0.0
2000-03-13 20:30:00,0.0,3.456474776216453
2000-03-13 20:45:00,0.0,5.5444824645512085
2000-03-13 21:00:00,0.0,25.080242631216066
2000-03-13 21:15:00,0.0,4.818975718541253
2000-03-13 21:30:00,0.0,0.0
2000-03-13 21:45:00,0.0,-0.0
2000-03-13 22:00:00,7.656819834005696,0.0
2000-03-13 22:15:00,0.0,0.0
2000-03-13 22:30:00,0.0,6.910279900190147
2000-03-13 22:45:00,0.0,0.0
2000-03-13 23:00:00,0.0,-0.0
2000-03-13 23:15:00,0.0,-0.0
2000-03-13 23:30:00,0.0,-0.0
2000-03-13 23:45:00,0.0,-0.0
2000-03-14 00:00:00,0.0,0.0
2000-03-14 00:15:00,-0.0,0.0
2000-03-14 00:30:00,0.0,0.0
2000-03-14 00:45:00,0.0,0.0
2000-03-14 01:00:00,-0.0,0.0
2000-03-14 01:15:00,-0.0,0.0
2000-03-14 01:30:00,-0.0,0.0
2000-03-14 01:45:00,0.0,0.0
2000-03-14 02:00:00,0.0,0.0
2000-03-14 02:15:00,0.0,0.0
2000-03-14 02:30:00,0.0,0.0
2000-03-14 02:45:00,0.0,0.0
2000-03-14 03:00:00,0.0,0.0
2000-03-14 03:15:00,139.12745400717503,0.0
2000-03-14 03:30:00,29.547582083304956,0.0
2000-03-14 03:45:00,141.48458908268807,0.0
2000-03-14 04:00:00,135.537702844992,0.0
2000-03-14 04:15:00,125.30681283563038,0.0
2000-03-14 04:30:00,141.62367281822006,0.0
2000-03-14 04:45:00,141.5049563966626,0.0
2000-03-14 05:00:00,146.4062663490366,0.0
2000-03-14 05:15:00,137.64577169311687,0.0
2000-03-14 05:30:00,75.68389501508148,0.0
2000-03-14 05:45:00,78.9312968740918,0.0
2000-03-14 06:00:00,0.0,-0.0
2000-03-14 06:15:00,0.0,0.0
2000-03-14 06:30:00,0.0,0.0
2000-03-14 06:45:00,0.0,0.0
2000-03-14 07:00:00,0.0,0.0
2000-03-14 07:15:00,0.0,-0.0
2000-03-14 07:30:00,0.0,0.0
2000-03-14 07:45:00,0.0,0.0
2000-03-14 08:00:00,0.0,0.0
2000-03-14 08:15:00,0.0,0.0
2000-03-14 08:30:00,0.0,0.0
2000-03-14 08:45:00,0.0,0.0
2000-03-14 09:00:00,0.0,0.0
2000-03-14 09:15:00,0.0,0.0
2000-03-14 09:30:00,0.0,0.0
2000-03-14 09:45:00,0.0,0.0
2000-03-14 10:00:00,0.0,0.0
2000-03-14 10:15:00,0.0,0.0
2000-03-14 10:30:00,0.0,0.0
2000-03-14 10:45:00,0.0,0.0
2000-03-14 11:00:00,0.0,0.0
2000-03-14 11:15:00,0.0,0.0
2000-03-14 11:30:00,0.0,0.0
2000-03-14 11:45:00,0.0,0.0
2000-03-14 12:00:00,0.0,0.0
2000-03-14 12:15:00,0.0,0.0
2000-03-14 12:30:00,0.0,0.0
2000-03-14 12:45:00,0.0,0.0
2000-03-14 13:00:00,0.0,0.0
2000-03-14 13:15:00,0.0,0.0
2000-03-14 13:30:00,0.0,0.0
2000-03-14 13:45:00,0.0,0.0
2000-03-14 14:00:00,0.0,0.0
2000-03-14 14:15:00,0.0,0.0
2000-03-14 14:30:00,0.0,0.0
2000-03-14 14:45:00,0.0,0.0
2000-03-14 15:00:00,0.0,0.0
2000-03-14 15:15:00,0.0,0.0
2000-03-14 15:30:00,0.0,0.0
2000-03-14 15:45:00,0.0,0.0
2000-03-14 16:00:00,0.0,0.0
2000-03-14 16:15:00,0.0,0.0
2000-03-14 16:30:00,0.0,0.0
2000-03-14 16:45:00,0.0,0.0
2000-03-14 17:00:00,0.0,0.0
2000-03-14 17:15:00,0.0,0.0
2000-03-14 17:30:00,0.0,0.0
2000-03-14 17:45:00,0.0,0.0
2000-03-14 18:00:00,0.0,112.79127772801459
2000-03-14 18:15:00,0.0,151.48961117456705
2000-03-14 18:30:00,0.0,128.92400113340503
2000-03-14 18:45:00,0.0,170.23788059300068
2000-03-14 19:00:00,0.0,186.05795925247205
2000-03-14 19:15:00,0.0,22.930190240884713
2000-03-14 19:30:00,0.0,6.604891055634511
2000-03-14 19:45:00,0.0,134.30588509800947
2000-03-14 20:00:00,0.0,0.0
2000-03-14 20:15:00,0.0,0.0
2000-03-14 20:30:00,0.0,191.89999999999998
2000-03-14 20:45:00,0.0,61.510303724011834
2000-03-14 21:00:00,0.0,0.0
2000-03-14 21:15:00,0.0,0.0
2000-03-14 21:30:00,0.0,0.0
2000-03-14 21:45:00,0.0,0.0
2000-03-14 22:00:00,4.980468987292665,0.0
2000-03-14 22:15:00,0.0,4.494873261031631
2000-03-14 22:30:00,0.0,-0.0
2000-03-14 22:45:00,0.0,-0.0
2000-03-14 23:00:00,0.0,0.0
2000-03-14 23:15:00,0.0,0.0
2000-03-14 23:30:00,0.0,0.0
2000-03-14 23:45:00,0.0,-0.0
2000-03-15 00:00:00,-0.0,0.0
2000-03-15 00:15:00,0.0,0.0
2000-03-15 00:30:00,-0.0,0.0
2000-03-15 00:45:00,0.0,0.0
2000-03-15 01:00:00,-0.0,0.0
2000-03-15 01:15:00,0.0,0.0
2000-03-15 01:30:00,78.5843737582397,0.0
2000-03-15 01:45:00,84.29689741274478,0.0
2000-03-15 02:00:00,86.39748452313387,0.0
2000-03-15 02:15:00,64.74064584110633,0.0
2000-03-15 02:30:00,49.34594437434694,0.0
2000-03-15 02:45:00,27.209527597248098,0.0
2000-03-15 03:00:00,45.56537817838078,0.0
2000-03-15 03:15:00,75.10683508857453,0.0
2000-03-15 03:30:00,79.07008124747604,0.0
2000-03-15 03:45:00,65.1865806629873,0.0
2000-03-15 04:00:00,52.21255850800971,0.0
2000-03-15 04:15:00,75.18425343785374,0.0
2000-03-15 04:30:00,86.97853038853873,0.0
2000-03-15 04:45:00,89.73481918580026,0.0
2000-03-15 05:00:00,81.4059657994157,0.0
2000-03-15 05:15:00,80.94567496535146,0.0
2000-03-15 05:30:00,87.91307695990562,0.0
2000-03-15 05:45:00,82.92137207088638,0.0
2000-03-15 06:00:00,0.0,-0.0
2000-03-15 06:15:00,0.0,-0.0
2000-03-15 06:30:00,0.0,0.0
2000-03-15 06:45:00,0.0,0.0
2000-03-15 07:00:00,0.0,0.0
2000-03-15 07:15:00,0.0,0.0
2000-03-15 07:30:00,0.0,0.0
2000-03-15 07:45:00,0.0,0.0
2000-03-15 08:00:00,0.0,0.0
2000-03-15 08:15:00,0.0,0.0
2000-03-15 08:30:00,0.0,0.0
2000-03-15 08:45:00,0.0,0.0
2000-03-15 09:00:00,0.0,0.0
2000-03-15 09:15:00,0.0,0.0
2000-03-15 09:30:00,0.0,0.0
2000-03-15 09:45:00,0.0,0.0
2000-03-15 10:00:00,0.0,0.0
2000-03-15 10:15:00,0.0,0.0
2000-03-15 10:30:00,0.0,0.0
2000-03-15 10:45:00,0.0,0.0
2000-03-15 11:00:00,0.0,0.0
2000-03-15 11:15:00,0.0,0.0
2000-03-15 11:30:00,0.0,0.0
2000-03-15 11:45:00,0.0,0.0
2000-03-15 12:00:00,0.0,0.0
2000-03-15 12:15:00,0.0,0.0
2000-03-15 12:30:00,0.0,0.0
2000-03-15 12:45:00,0.0,0.0
2000-03-15 13:00:00,0.0,0.0
2000-03-15 13:15:00,0.0,0.0
2000-03-15 13:30:00,0.0,0.0
2000-03-15 13:45:00,0.0,0.0
2000-03-15 14:00:00,0.0,0.0
2000-03-15 14:15:00,0.0,0.0
2000-03-15 14:30:00,0.0,0.0
2000-03-15 14:45:00,0.0,0.0
2000-03-15 15:00:00,0.0,0.0
2000-03-15 15:15:00,0.0,0.0
2000-03-15 15:30:00,0.0,0.0
2000-03-15 15:45:00,0.0,0.0
2000-03-15 16:00:00,0.0,0.0
2000-03-15 16:15:00,0.0,0.0
2000-03-15 16:30:00,0.0,0.0
2000-03-15 16:45:00,0.0,0.0
2000-03-15 17:00:00,0.0,0.0
2000-03-15 17:15:00,0.0,-0.0
2000-03-15 17:30:00,0.0,13.265068966122612
2000-03-15 17:45:00,0.0,20.207320698753307
2000-03-15 18:00:00,0.0,104.2297461013649
2000-03-15 18:15:00,0.0,150.33155936318758
2000-03-15 18:30:00,0.0,98.84983541965929
2000-03-15 18:45:00,0.0,84.6563071639735
2000-03-15 19:00:00,0.0,66.84401902524351
2000-03-15 19:15:00,0.0,70.50675148200567
2000-03-15 19:30:00,0.0,71.1272602922321
2000-03-15 19:45:00,0.0,81.23187088725112
2000-03-15 20:00:00,0.0,58.130142704500244
2000-03-15 20:15:00,0.0,79.20143410470757
2000-03-15 20:30:00,0.0,32.34369527853204
2000-03-15 20:45:00,0.0,67.95505373568275
2000-03-15 21:00:00,0.0,31.269355622745138
2000-03-15 21:15:00,0.0,48.01714897519921
2000-03-15 21:30:00,0.0,84.67477076312117
2000-03-15 21:45:00,0.0,3.910659415717973
2000-03-15 22:00:00,0.0,0.0
2000-03-15 22:15:00,0.0,0.0
2000-03-15 22:30:00,0.0,0.0
2000-03-15 22:45:00,0.0,0.0
2000-03-15 23:00:00,0.0,-0.0
2000-03-15 23:15:00,0.0,0.0
2000-03-15 23:30:00,0.0,-0.0
2000-03-15 23:45:00,0.0,-0.0
2000-03-16 00:00:00,22.955788393981532,0.0
2000-03-16 00:15:00,27.081227756437983,0.0
2000-03-16 00:30:00,21.36399395959461,0.0
2000-03-16 00:45:00,28.170206874892713,0.0
2000-03-16 01:00:00,0.0,53.596455116643526
2000-03-16 01:15:00,0.0,36.26656821223493
2000-03-16 01:30:00,13.040049772170235,0.0
2000-03-16 01:45:00,0.0,0.0
2000-03-16 02:00:00,17.773824568929243,0.0
2000-03-16 02:15:00,47.525429313113364,0.0
2000-03-16 02:30:00,0.0,0.0
2000-03-16 02:45:00,61.93084653780985,0.0
2000-03-16 03:00:00,90.69574956301773,0.0
2000-03-16 03:15:00,99.99126220242846,0.0
2000-03-16 03:30:00,93.11951502529145,0.0
2000-03-16 03:45:00,88.98979000358611,0.0
2000-03-16 04:00:00,99.4743908657536,0.0
2000-03-16 04:15:00,102.34604567174955,0.0
2000-03-16 04:30:00,94.14682082666273,0.0
2000-03-16 04:45:00,102.36614603463374,0.0
2000-03-16 05:00:00,100.25497905543108,0.0
2000-03-16 05:15:00,93.29259758955625,0.0
2000-03-16 05:30:00,88.83742180963254,0.0
2000-03-16 05:45:00,99.01513116023405,0.0
2000-03-16 06:00:00,0.0,-0.0
2000-03-16 06:15:00,0.0,-0.0
2000-03-16 06:30:00,0.0,0.0
2000-03-16 06:45:00,0.0,0.0
2000-03-16 07:00:00,0.0,0.0
2000-03-16 07:15:00,0.0,0.0
2000-03-16 07:30:00,0.0,0.0
2000-03-16 07:45:00,0.0,0.0
2000-03-16 08:00:00,0.0,0.0
2000-03-16 08:15:00,0.0,0.0
2000-03-16 08:30:00,0.0,0.0
2000-03-16 08:45:00,0.0,0.0
2000-03-16 09:00:00,0.0,0.0
2000-03-16 09:15:00,0.0,0.0
2000-03-16 09:30:00,0.0,0.0
2000-03-16 09:45:00,0.0,0.0
2000-03-16 10:00:00,0.0,0.0
2000-03-16 10:15:00,0.0,0.0
2000-03-16 10:30:00,0.0,0.0
2000-03-16 10:45:00,0.0,0.0
2000-03-16 11:00:00,0.0,0.0
2000-03-16 11:15:00,0.0,0.0
2000-03-16 11:30:00,0.0,0.0
2000-03-16 11:45:00,0.0,0.0
2000-03-16 12:00:00,0.0,0.0
2000-03-16 12:15:00,0.0,0.0
2000-03-16 12:30:00,0.0,0.0
2000-03-16 12:45:00,0.0,0.0
2000-03-16 13:00:00,0.0,0.0
2000-03-16 13:15:00,0.0,0.0
2000-03-16 13:30:00,0.0,0.0
2000-03-16 13:45:00,0.0,0.0
2000-03-16 14:00:00,0.0,0.0
2000-03-16 14:15:00,0.0,0.0
2000-03-16 14:30:00,0.0,0.0
2000-03-16 14:45:00,0.0,0.0
2000-03-16 15:00:00,0.0,0.0
2000-03-16 15:15:00,0.0,0.0
2000-03-16 15:30:00,0.0,0.0
2000-03-16 15:45:00,0.0,0.0
2000-03-16 16:00:00,0.0,0.0
2000-03-16 16:15:00,0.0,0.0
2000-03-16 16:30:00,0.0,0.0
2000-03-16 16:45:00,0.0,0.0
2000-03-16 17:00:00,0.0,0.0
2000-03-16 17:15:00,0.0,0.0
2000-03-16 17:30:00,0.0,0.0
2000-03-16 17:45:00,0.0,13.294361149007429
2000-03-16 18:00:00,0.0,132.19471097800482
2000-03-16 18:15:00,0.0,136.65539567946985
2000-03-16 18:30:00,0.0,139.867060295532
2000-03-16 18:45:00,0.0,27.265431594319793
2000-03-16 19:00:00,0.0,131.11520443565144
2000-03-16 19:15:00,0.0,41.922142575598244
2000-03-16 19:30:00,0.0,59.30461941933295
2000-03-16 19:45:00,0.0,36.04724204795336
2000-03-16 20:00:00,0.0,130.1285538349089
2000-03-16 20:15:00,0.0,115.2889399380622
2000-03-16 20:30:00,0.0,91.96602503977316
2000-03-16 20:45:00,0.0,78.31772143501873
2000-03-16 21:00:00,0.0,33.384591577366976
2000-03-16 21:15:00,0.0,0.0
2000-03-16 21:30:00,0.0,0.0
2000-03-16 21:45:00,0.0,-0.0
2000-03-16 22:00:00,26.78653896723763,0.0
2000-03-16 22:15:00,51.79160973103339,0.0
2000-03-16 22:30:00,0.0,0.0
2000-03-16 22:45:00,0.0,0.0
2000-03-16 23:00:00,70.22175757823281,0.0
2000-03-16 23:15:00,0.0,47.75857014266241
2000-03-16 23:30:00,0.0,29.44911212563302
2000-03-16 23:45:00,0.0,57.08423314624925
2000-03-17 00:00:00,83.37823498137273,0.0
2000-03-17 00:15:00,0.0,0.0
2000-03-17 00:30:00,0.0,0.0
2000-03-17 00:45:00,0.0,0.0
2000-03-17 01:00:00,0.0,0.0
2000-03-17 01:15:00,0.0,0.0
2000-03-17 01:30:00,0.0,0.0
2000-03-17 01:45:00,98.14332726442794,0.0
2000-03-17 02:00:00,0.0,0.0
2000-03-17 02:15:00,80.55601649303306,0.0
2000-03-17 02:30:00,88.02649381529447,0.0
2000-03-17 02:45:00,37.351683846505445,0.0
2000-03-17 03:00:00,87.57316061411169,0.0
2000-03-17 03:15:00,81.28489439603428,0.0
2000-03-17 03:30:00,88.03216115890733,0.0
2000-03-17 03:45:00,86.36422693543496,0.0
2000-03-17 04:00:00,82.30110647912915,0.0
2000-03-17 04:15:00,85.57419924230962,0.0
2000-03-17 04:30:00,83.52156493186708,0.0
2000-03-17 04:45:00,77.47228304751164,0.0
2000-03-17 05:00:00,63.84914668145718,0.0
2000-03-17 05:15:00,66.68000961657575,0.0
2000-03-17 05:30:00,77.40151972253844,0.0
2000-03-17 05:45:00,25.289970773488903,0.0
2000-03-17 06:00:00,0.0,-0.0
2000-03-17 06:15:00,0.0,0.0
2000-03-17 06:30:00,0.0,24.418536786301075
2000-03-17 06:45:00,0.0,20.697211203775197
2000-03-17 07:00:00,0.0,36.042539313273494
2000-03-17 07:15:00,0.0,0.0
2000-03-17 07:30:00,0.0,5.214515432523086
2000-03-17 07:45:00,0.0,2.8645481277526414
2000-03-17 08:00:00,0.0,0.0
2000-03-17 08:15:00,0.0,0.0
2000-03-17 08:30:00,0.0,0.0
2000-03-17 08:45:00,0.0,0.0
2000-03-17 09:00:00,0.0,0.0
2000-03-17 09:15:00,0.0,0.0
2000-03-17 09:30:00,0.0,0.0
2000-03-17 09:45:00,0.0,0.0
2000-03-17 10:00:00,0.0,0.0
2000-03-17 10:15:00,0.0,0.0
2000-03-17 10:30:00,0.0,0.0
2000-03-17 10:45:00,0.0,0.0
2000-03-17 11:00:00,0.0,0.0
2000-03-17 11:15:00,0.0,0.0
2000-03-17 11:30:00,0.0,0.0
2000-03-17 11:45:00,0.0,0.0
2000-03-17 12:00:00,0.0,0.0
2000-03-17 12:15:00,0.0,0.0
2000-03-17 12:30:00,0.0,0.0
2000-03-17 12:45:00,0.0,0.0
2000-03-17 13:00:00,0.0,0.0
2000-03-17 13:15:00,0.0,0.0
2000-03-17 13:30:00,0.0,0.0
2000-03-17 13:45:00,0.0,0.0
2000-03-17 14:00:00,0.0,0.0
2000-03-17 14:15:00,0.0,0.0
2000-03-17 14:30:00,0.0,0.0
2000-03-17 14:45:00,0.0,0.0
2000-03-17 15:00:00,0.0,0.0
2000-03-17 15:15:00,0.0,0.0
2000-03-17 15:30:00,0.0,0.0
2000-03-17 15:45:00,0.0,0.0
2000-03-17 16:00:00,0.0,0.0
2000-03-17 16:15:00,0.0,0.0
2000-03-17 16:30:00,97.76481663064668,0.0
2000-03-17 16:45:00,0.0,0.0
2000-03-17 17:00:00,0.0,0.0
2000-03-17 17:15:00,0.0,0.0
2000-03-17 17:30:00,1.1131344647832233,0.0
2000-03-17 17:45:00,0.0,0.0
2000-03-17 18:00:00,0.0,59.5694365069491
2000-03-17 18:15:00,0.0,0.0
2000-03-17 18:30:00,0.0,77.74208706024753
2000-03-17 18:45:00,0.0,21.196946999374802
2000-03-17 19:00:00,0.0,0.0
2000-03-17 19:15:00,0.0,125.45444674741216
2000-03-17 19:30:00,0.0,92.6201295708276
2000-03-17 19:45:00,0.0,191.89999999999998
2000-03-17 20:00:00,0.0,108.82556865906784
2000-03-17 20:15:00,0.0,71.84772892253707
2000-03-17 20:30:00,0.0,84.48001809245324
2000-03-17 20:45:00,0.0,90.00250696633464
2000-03-17 21:00:00,0.0,107.58280153370728
2000-03-17 21:15:00,0.0,114.41229279821997
2000-03-17 21:30:00,0.0,21.11803614286862
2000-03-17 21:45:00,0.0,0.0
2000-03-17 22:00:00,-0.0,0.0
2000-03-17 22:15:00,0.0,0.0
2000-03-17 22:30:00,0.0,0.0
2000-03-17 22:45:00,0.0,0.0
2000-03-17 23:00:00,0.0,0.0
2000-03-17 23:15:00,0.0,0.0
2000-03-17 23:30:00,0.0,0.0
2000-03-17 23:45:00,0.0,-0.0
2000-03-18 00:00:00,0.0,0.0
2000-03-18 00:15:00,12.973474173134516,0.0
2000-03-18 00:30:00,0.0,0.0
2000-03-18 00:45:00,0.0,11.708560441253894
2000-03-18 01:00:00,0.0,0.0
2000-03-18 01:15:00,0.0,0.0
2000-03-18 01:30:00,0.0,0.0
2000-03-18 01:45:00,0.0,0.0
2000-03-18 02:00:00,0.0,0.0
2000-03-18 02:15:00,0.0,0.0
2000-03-18 02:30:00,0.0,0.0
2000-03-18 02:45:00,86.63245353076456,0.0
2000-03-18 03:00:00,124.02012205460937,0.0
2000-03-18 03:15:00,155.67782793604238,0.0
2000-03-18 03:30:00,8.80299381131492,0.0
2000-03-18 03:45:00,0.0,0.0
2000-03-18 04:00:00,114.53360439018923,0.0
2000-03-18 04:15:00,0.0,0.0
2000-03-18 04:30:00,0.0,0.0
2000-03-18 04:45:00,156.26372295963822,0.0
2000-03-18 05:00:00,161.71701291638158,0.0
2000-03-18 05:15:00,167.22487491228432,0.0
2000-03-18 05:30:00,137.33931353916483,0.0
2000-03-18 05:45:00,180.58807394961065,0.0
2000-03-18 06:00:00,0.0,-0.0
2000-03-18 06:15:00,0.0,0.0
2000-03-18 06:30:00,0.0,0.0
2000-03-18 06:45:00,0.0,0.0
2000-03-18 07:00:00,0.0,0.0
2000-03-18 07:15:00,0.0,0.0
2000-03-18 07:30:00,0.0,0.0
2000-03-18 07:45:00,0.0,0.0
2000-03-18 08:00:00,0.0,0.0
2000-03-18 08:15:00,0.0,0.0
2000-03-18 08:30:00,0.0,0.0
2000-03-18 08:45:00,0.0,0.0
2000-03-18 09:00:00,0.0,0.0
2000-03-18 09:15:00,0.0,0.0
2000-03-18 09:30:00,0.0,0.0
2000-03-18 09:45:00,0.0,0.0
2000-03-18 10:00:00,0.0,0.0
2000-03-18 10:15:00,0.0,0.0
2000-03-18 10:30:00,0.0,0.0
2000-03-18 10:45:00,0.0,0.0
2000-03-18 11:00:00,0.0,0.0
2000-03-18 11:15:00,0.0,0.0
2000-03-18 11:30:00,0.0,0.0
2000-03-18 11:45:00,0.0,0.0
2000-03-18 12:00:00,0.0,0.0
2000-03-18 12:15:00,0.0,0.0
2000-03-18 12:30:00,0.0,0.0
2000-03-18 12:45:00,0.0,0.0
2000-03-18 13:00:00,0.0,0.0
2000-03-18 13:15:00,0.0,0.0
2000-03-18 13:30:00,0.0,0.0
2000-03-18 13:45:00,0.0,0.0
2000-03-18 14:00:00,0.0,0.0
2000-03-18 14:15:00,0.0,0.0
2000-03-18 14:30:00,0.0,0.0
2000-03-18 14:45:00,0.0,0.0
2000-03-18 15:00:00,0.0,0.0
2000-03-18 15:15:00,0.0,0.0
2000-03-18 15:30:00,0.0,0.0
2000-03-18 15:45:00,0.0,0.0
2000-03-18 16:00:00,0.0,0.0
2000-03-18 16:15:00,0.0,0.0
2000-03-18 16:30:00,0.0,0.0
2000-03-18 16:45:00,0.0,0.0
2000-03-18 17:00:00,0.0,0.0
2000-03-18 17:15:00,0.0,0.0
2000-03-18 17:30:00,0.0,25.57665945915562
2000-03-18 17:45:00,0.0,26.4003167169584
2000-03-18 18:00:00,0.0,97.1201942957216
2000-03-18 18:15:00,0.0,191.89999999999998
2000-03-18 18:30:00,0.0,191.89999999999998
2000-03-18 18:45:00,0.0,191.89999999999998
2000-03-18 19:00:00,0.0,191.89999999999998
2000-03-18 19:15:00,0.0,186.08017829109258
2000-03-18 19:30:00,0.0,27.519763400529655
2000-03-18 19:45:00,0.0,28.606868964567695
2000-03-18 20:00:00,0.0,7.848018871974546
2000-03-18 20:15:00,0.0,0.0
2000-03-18 20:30:00,0.0,0.0
2000-03-18 20:45:00,0.0,0.0
2000-03-18 21:00:00,0.0,0.0
2000-03-18 21:15:00,0.0,0.0
2000-03-18 21:30:00,0.0,0.0
2000-03-18 21:45:00,0.0,-0.0
2000-03-18 22:00:00,0.0,0.0
2000-03-18 22:15:00,0.0,0.0
2000-03-18 22:30:00,0.0,0.0
2000-03-18 22:45:00,0.0,0.0
2000-03-18 23:00:00,0.0,-0.0
2000-03-18 23:15:00,0.0,0.0
2000-03-18 23:30:00,0.0,0.0
2000-03-18 23:45:00,0.0,-0.0
2000-03-19 00:00:00,17.087347984623456,0.0
2000-03-19 00:15:00,20.453173109623577,0.0
2000-03-19 00:30:00,20.260505531940254,0.0
2000-03-19 00:45:00,23.181270010052295,0.0
2000-03-19 01:00:00,21.258645832346538,0.0
2000-03-19 01:15:00,13.124447095514629,0.0
2000-03-19 01:30:00,15.424696182687335,0.0
2000-03-19 01:45:00,21.875965201441574,0.0
2000-03-19 02:00:00,16.054278186714775,0.0
2000-03-19 02:15:00,18.85892089152228,0.0
2000-03-19 02:30:00,17.760654822972022,0.0
2000-03-19 02:45:00,12.699281464660178,0.0
2000-03-19 03:00:00,14.522995385628676,0.0
2000-03-19 03:15:00,12.351370677622885,0.0
2000-03-19 03:30:00,13.50809193366118,0.0
2000-03-19 03:45:00,16.94977943499332,0.0
2000-03-19 04:00:00,11.899857996632619,0.0
2000-03-19 04:15:00,12.84174555489972,0.0
2000-03-19 04:30:00,10.851376236478192,0.0
2000-03-19 04:45:00,10.520408679168614,0.0
2000-03-19 05:00:00,6.334477513294008,0.0
2000-03-19 05:15:00,2.638901747484887,0.0
2000-03-19 05:30:00,11.092536913810811,0.0
2000-03-19 05:45:00,10.574480235495805,0.0
2000-03-19 06:00:00,0.0,22.185919567906513
2000-03-19 06:15:00,0.0,10.297616591296954
2000-03-19 06:30:00,0.0,-0.0
2000-03-19 06:45:00,0.0,-0.0
2000-03-19 07:00:00,0.0,-0.0
2000-03-19 07:15:00,0.0,-0.0
2000-03-19 07:30:00,0.0,-0.0
2000-03-19 07:45:00,0.0,-0.0
2000-03-19 08:00:00,0.0,-0.0
2000-03-19 08:15:00,0.0,-0.0
2000-03-19 08:30:00,0.0,-0.0
2000-03-19 08:45:00,0.0,-0.0
2000-03-19 09:00:00,0.0,-0.0
2000-03-19 09:15:00,0.0,-0.0
2000-03-19 09:30:00,0.0,-0.0
2000-03-19 09:45:00,0.0,-0.0
2000-03-19 10:00:00,0.0,-0.0
2000-03-19 10:15:00,0.0,-0.0
2000-03-19 10:30:00,0.0,-0.0
2000-03-19 10:45:00,0.0,-0.0
2000-03-19 11:00:00,0.0,-0.0
2000-03-19 11:15:00,0.0,-0.0
2000-03-19 11:30:00,0.0,-0.0
2000-03-19 11:45:00,0.0,-0.0
2000-03-19 12:00:00,0.0,-0.0
2000-03-19 12:15:00,0.0,-0.0
2000-03-19 12:30:00,0.0,-0.0
2000-03-19 12:45:00,0.0,-0.0
2000-03-19 13:00:00,0.0,-0.0
2000-03-19 13:15:00,0.0,-0.0
2000-03-19 13:30:00,0.0,-0.0
2000-03-19 13:45:00,0.0,-0.0
2000-03-19 14:00:00,0.0,-0.0
2000-03-19 14:15:00,0.0,-0.0
2000-03-19 14:30:00,0.0,-0.0
2000-03-19 14:45:00,0.0,-0.0
2000-03-19 15:00:00,0.0,-0.0
2000-03-19 15:15:00,0.0,-0.0
2000-03-19 15:30:00,0.0,-0.0
2000-03-19 15:45:00,0.0,-0.0
2000-03-19 16:00:00,0.0,-0.0
2000-03-19 16:15:00,0.0,-0.0
2000-03-19 16:30:00,0.0,-0.0
2000-03-19 16:45:00,0.0,-0.0
2000-03-19 17:00:00,0.0,-0.0
2000-03-19 17:15:00,0.0,-0.0
2000-03-19 17:30:00,0.0,-0.0
2000-03-19 17:45:00,0.0,9.44778618716226
2000-03-19 18:00:00,0.0,15.139716656362214
2000-03-19 18:15:00,0.0,25.142843706105104
2000-03-19 18:30:00,0.0,13.881548689160741
2000-03-19 18:45:00,0.0,11.042173763053835
2000-03-19 19:00:00,0.0,10.786397867773108
2000-03-19 19:15:00,0.0,20.55579691721281
2000-03-19 19:30:00,0.0,10.134229274017617
2000-03-19 19:45:00,0.0,16.97657887917839
2000-03-19 20:00:00,0.0,13.567680899398715
2000-03-19 20:15:00,0.0,11.729214201561462
2000-03-19 20:30:00,0.0,13.507176688265275
2000-03-19 20:45:00,0.0,29.931626418763486
2000-03-19 21:00:00,0.0,19.776216956107056
2000-03-19 21:15:00,0.0,17.48302955923039
2000-03-19 21:30:00,0.0,23.966318183410593
2000-03-19 21:45:00,0.0,22.24112977653406
2000-03-19 22:00:00,0.5048104434868755,0.0
2000-03-19 22:15:00,0.0,0.0
2000-03-19 22:30:00,0.0,0.45559142524689733
2000-03-19 22:45:00,0.0,0.0
2000-03-19 23:00:00,0.0,-0.0
2000-03-19 23:15:00,0.0,-0.0
2000-03-19 23:30:00,0.0,-0.0
2000-03-19 23:45:00,0.0,-0.0
2000-03-20 00:00:00,0.0,0.0
2000-03-20 00:15:00,0.0,0.0
2000-03-20 00:30:00,0.0,0.0
2000-03-20 00:45:00,0.0,0.0
2000-03-20 01:00:00,0.0,0.0
2000-03-20 01:15:00,0.0,0.0
2000-03-20 01:30:00,0.0,0.0
2000-03-20 01:45:00,0.0,0.0
2000-03-20 02:00:00,0.0,0.0
2000-03-20 02:15:00,0.0,0.0
2000-03-20 02:30:00,0.0,0.0
2000-03-20 02:45:00,0.0,0.0
2000-03-20 03:00:00,0.0,0.0
2000-03-20 03:15:00,0.0,0.0
2000-03-20 03:30:00,0.0,0.0
2000-03-20 03:45:00,0.0,0.0
2000-03-20 04:00:00,141.40000000000006,0.0
2000-03-20 04:15:00,191.89999999999998,0.0
2000-03-20 04:30:00,191.89999999999998,0.0
2000-03-20 04:45:00,191.89999999999998,0.0
2000-03-20 05:00:00,0.0,0.0
2000-03-20 05:15:00,191.89999999999998,0.0
2000-03-20 05:30:00,191.89999999999998,0.0
2000-03-20 05:45:00,191.89999999999998,0.0
2000-03-20 06:00:00,0.0,-0.0
2000-03-20 06:15:00,0.0,-0.0
2000-03-20 06:30:00,0.0,0.0
2000-03-20 06:45:00,0.0,0.0
2000-03-20 07:00:00,0.0,0.0
2000-03-20 07:15:00,0.0,0.0
2000-03-20 07:30:00,0.0,0.0
2000-03-20 07:45:00,0.0,0.0
2000-03-20 08:00:00,0.0,0.0
2000-03-20 08:15:00,0.0,0.0
2000-03-20 08:30:00,0.0,0.0
2000-03-20 08:45:00,0.0,0.0
2000-03-20 09:00:00,0.0,0.0
2000-03-20 09:15:00,0.0,0.0
2000-03-20 09:30:00,0.0,0.0
2000-03-20 09:45:00,0.0,0.0
2000-03-20 10:00:00,0.0,0.0
2000-03-20 10:15:00,0.0,0.0
2000-03-20 10:30:00,0.0,0.0
2000-03-20 10:45:00,0.0,0.0
2000-03-20 11:00:00,0.0,0.0
2000-03-20 11:15:00,0.0,0.0
2000-03-20 11:30:00,0.0,0.0
2000-03-20 11:45:00,0.0,0.0
2000-03-20 12:00:00,0.0,0.0
2000-03-20 12:15:00,0.0,0.0
2000-03-20 12:30:00,0.0,0.0
2000-03-20 12:45:00,0.0,0.0
2000-03-20 13:00:00,0.0,0.0
2000-03-20 13:15:00,0.0,0.0
2000-03-20 13:30:00,0.0,0.0
2000-03-20 13:45:00,0.0,0.0
2000-03-20 14:00:00,0.0,0.0
2000-03-20 14:15:00,0.0,0.0
2000-03-20 14:30:00,0.0,0.0
2000-03-20 14:45:00,0.0,0.0
2000-03-20 15:00:00,0.0,0.0
2000-03-20 15:15:00,0.0,0.0
2000-03-20 15:30:00,0.0,0.0
2000-03-20 15:45:00,0.0,0.0
2000-03-20 16:00:00,0.0,0.0
2000-03-20 16:15:00,0.0,0.0
2000-03-20 16:30:00,-0.0,0.0
2000-03-20 16:45:00,0.0,0.0
2000-03-20 17:00:00,0.0,0.0
2000-03-20 17:15:00,-0.0,0.0
2000-03-20 17:30:00,0.0,64.48536037791627
2000-03-20 17:45:00,0.0,63.81711046464136
2000-03-20 18:00:00,0.0,191.89999999999998
2000-03-20 18:15:00,0.0,191.89999999999998
2000-03-20 18:30:00,0.0,0.0
2000-03-20 18:45:00,0.0,191.89999999999998
2000-03-20 19:00:00,0.0,191.89999999999998
2000-03-20 19:15:00,0.0,157.74844275372703
2000-03-20 19:30:00,0.0,65.35439223648513
2000-03-20 19:45:00,0.0,37.60094289949575
2000-03-20 20:00:00,0.0,0.0
2000-03-20 20:15:00,0.0,0.0
2000-03-20 20:30:00,0.0,0.0
2000-03-20 20:45:00,0.0,0.0
2000-03-20 21:00:00,0.0,5.828904556128066
2000-03-20 21:15:00,0.0,4.3168467116062175
2000-03-20 21:30:00,0.0,-0.0
2000-03-20 21:45:00,0.0,-0.0
2000-03-20 22:00:00,0.0,0.0
2000-03-20 22:15:00,0.0,0.0
2000-03-20 22:30:00,0.0,0.0
2000-03-20 22:45:00,0.0,-0.0
2000-03-20 23:00:00,0.0,-0.0
2000-03-20 23:15:00,0.0,0.0
2000-03-20 23:30:00,0.0,0.0
2000-03-20 23:45:00,0.0,-0.0
2000-03-21 00:00:00,54.3490771115716,0.0
2000-03-21 00:15:00,58.01627103665571,0.0
2000-03-21 00:30:00,53.37468589180719,0.0
2000-03-21 00:45:00,69.47939308737483,0.0
2000-03-21 01:00:00,76.95308068079973,0.0
2000-03-21 01:15:00,90.22027068774,0.0
2000-03-21 01:30:00,82.70727469171402,0.0
2000-03-21 01:45:00,80.07990327121563,0.0
2000-03-21 02:00:00,79.33330913006203,0.0
2000-03-21 02:15:00,52.334379978204225,0.0
2000-03-21 02:30:00,67.6866552731666,0.0
2000-03-21 02:45:00,97.69373459719768,0.0
2000-03-21 03:00:00,72.7756332027131,0.0
2000-03-21 03:15:00,63.99398657273184,0.0
2000-03-21 03:30:00,69.6218831493768,0.0
2000-03-21 03:45:00,75.54402419277847,0.0
2000-03-21 04:00:00,79.8975509023524,0.0
2000-03-21 04:15:00,62.89395925139985,0.0
2000-03-21 04:30:00,0.0,20.191067014523497
2000-03-21 04:45:00,0.0,4.856891358318762
2000-03-21 05:00:00,0.388968717832995,0.0
2000-03-21 05:15:00,15.521302445183721,0.0
2000-03-21 05:30:00,17.688626624346227,0.0
2000-03-21 05:45:00,0.0,41.80588399383234
2000-03-21 06:00:00,0.0,12.641542280231171
2000-03-21 06:15:00,0.0,112.31129862561835
2000-03-21 06:30:00,0.0,91.98240635255154
2000-03-21 06:45:00,0.0,79.16840708085465
2000-03-21 07:00:00,0.0,0.0
2000-03-21 07:15:00,0.0,21.90322228540888
2000-03-21 07:30:00,0.0,0.0
2000-03-21 07:45:00,0.0,0.0
2000-03-21 08:00:00,0.0,0.0
2000-03-21 08:15:00,0.0,0.0
2000-03-21 08:30:00,0.0,0.0
2000-03-21 08:45:00,0.0,0.0
2000-03-21 09:00:00,0.0,0.0
2000-03-21 09:15:00,0.0,0.0
2000-03-21 09:30:00,0.0,0.0
2000-03-21 09:45:00,0.0,0.0
2000-03-21 10:00:00,0.0,0.0
2000-03-21 10:15:00,0.0,0.0
2000-03-21 10:30:00,0.0,0.0
2000-03-21 10:45:00,0.0,0.0
2000-03-21 11:00:00,0.0,0.0
2000-03-21 11:15:00,0.0,0.0
2000-03-21 11:30:00,0.0,0.0
2000-03-21 11:45:00,0.0,0.0
2000-03-21 12:00:00,0.0,0.0
2000-03-21 12:15:00,0.0,0.0
2000-03-21 12:30:00,0.0,0.0
2000-03-21 12:45:00,0.0,0.0
2000-03-21 13:00:00,0.0,0.0
2000-03-21 13:15:00,0.0,0.0
2000-03-21 13:30:00,0.0,0.0
2000-03-21 13:45:00,0.0,0.0
2000-03-21 14:00:00,0.0,0.0
2000-03-21 14:15:00,0.0,0.0
2000-03-21 14:30:00,0.0,0.0
2000-03-21 14:45:00,0.0,0.0
2000-03-21 15:00:00,0.0,0.0
2000-03-21 15:15:00,0.0,0.0
2000-03-21 15:30:00,0.0,0.0
2000-03-21 15:45:00,0.0,0.0
2000-03-21 16:00:00,0.0,0.0
2000-03-21 16:15:00,0.0,0.0
2000-03-21 16:30:00,0.0,0.0
2000-03-21 16:45:00,0.0,0.0
2000-03-21 17:00:00,0.0,0.0
2000-03-21 17:15:00,0.0,0.0
2000-03-21 17:30:00,0.0,0.0
2000-03-21 17:45:00,0.0,0.0
2000-03-21 18:00:00,0.0,38.754870329760585
2000-03-21 18:15:00,0.0,30.75816140674508
2000-03-21 18:30:00,0.0,30.167547846083522
2000-03-21 18:45:00,0.0,31.025094758346743
2000-03-21 19:00:00,0.0,28.83000198957543
2000-03-21 19:15:00,0.0,29.2750910576347
2000-03-21 19:30:00,0.0,26.752597123775473
2000-03-21 19:45:00,0.0,28.681084106192046
2000-03-21 20:00:00,0.0,22.657946630871912
2000-03-21 20:15:00,0.0,69.36585451053509
2000-03-21 20:30:00,0.0,68.03070939901892
2000-03-21 20:45:00,0.0,60.62254893857309
2000-03-21 21:00:00,0.0,60.78024115102794
2000-03-21 21:15:00,0.0,78.5318895020742
2000-03-21 21:30:00,0.0,89.13025768398526
2000-03-21 21:45:00,0.0,113.57534294730303
2000-03-21 22:00:00,0.0,-0.0
2000-03-21 22:15:00,0.0,0.0
2000-03-21 22:30:00,0.0,0.0
2000-03-21 22:45:00,0.0,0.0
2000-03-21 23:00:00,0.0,0.0
2000-03-21 23:15:00,0.0,0.0
2000-03-21 23:30:00,0.0,0.0
2000-03-21 23:45:00,0.0,-0.0
2000-03-22 00:00:00,0.0,0.0
2000-03-22 00:15:00,0.0,0.0
2000-03-22 00:30:00,-0.0,0.0
2000-03-22 00:45:00,0.0,0.0
2000-03-22 01:00:00,-0.0,0.0
2000-03-22 01:15:00,0.0,0.0
2000-03-22 01:30:00,96.66966153049513,0.0
2000-03-22 01:45:00,91.09729650563166,0.0
2000-03-22 02:00:00,0.0,0.0
2000-03-22 02:15:00,18.811241845784252,0.0
2000-03-22 02:30:00,88.99719896375234,0.0
2000-03-22 02:45:00,91.90750030494007,0.0
2000-03-22 03:00:00,89.41443651545231,0.0
2000-03-22 03:15:00,93.87308869599232,0.0
2000-03-22 03:30:00,59.14268435866882,0.0
2000-03-22 03:45:00,40.42578425709286,0.0
2000-03-22 04:00:00,55.77409247167401,0.0
2000-03-22 04:15:00,84.834582314474,0.0
2000-03-22 04:30:00,81.19170772062279,0.0
2000-03-22 04:45:00,66.3948572296778,0.0
2000-03-22 05:00:00,70.11009725506761,0.0
2000-03-22 05:15:00,81.84914444423765,0.0
2000-03-22 05:30:00,89.19004399283452,0.0
2000-03-22 05:45:00,93.11658159360178,0.0
2000-03-22 06:00:00,0.0,5.727135064869515
2000-03-22 06:15:00,0.0,6.494725010871207
2000-03-22 06:30:00,0.0,1.1451053565375275
2000-03-22 06:45:00,0.0,0.0
2000-03-22 07:00:00,0.0,28.032781643446498
2000-03-22 07:15:00,0.0,13.59157050042458
2000-03-22 07:30:00,0.0,7.0542598170123085
2000-03-22 07:45:00,0.0,0.0
2000-03-22 08:00:00,0.0,19.601290698817735
2000-03-22 08:15:00,0.0,0.0
2000-03-22 08:30:00,0.0,0.0
2000-03-22 08:45:00,0.0,0.0
2000-03-22 09:00:00,0.0,0.0
2000-03-22 09:15:00,0.0,0.0
2000-03-22 09:30:00,0.0,0.0
2000-03-22 09:45:00,0.0,0.0
2000-03-22 10:00:00,0.0,0.0
2000-03-22 10:15:00,0.0,0.0
2000-03-22 10:30:00,0.0,0.0
2000-03-22 10:45:00,0.0,0.0
2000-03-22 11:00:00,0.0,0.0
2000-03-22 11:15:00,0.0,0.0
2000-03-22 11:30:00,0.0,0.0
2000-03-22 11:45:00,0.0,0.0
2000-03-22 12:00:00,0.0,0.0
2000-03-22 12:15:00,0.0,0.0
2000-03-22 12:30:00,0.0,0.0
2000-03-22 12:45:00,0.0,0.0
2000-03-22 13:00:00,0.0,0.0
2000-03-22 13:15:00,0.0,0.0
2000-03-22 13:30:00,0.0,0.0
2000-03-22 13:45:00,0.0,0.0
2000-03-22 14:00:00,0.0,0.0
2000-03-22 14:15:00,0.0,0.0
2000-03-22 14:30:00,0.0,0.0
2000-03-22 14:45:00,0.0,0.0
2000-03-22 15:00:00,0.0,0.0
2000-03-22 15:15:00,0.0,0.0
2000-03-22 15:30:00,0.0,0.0
2000-03-22 15:45:00,0.0,0.0
2000-03-22 16:00:00,0.0,0.0
2000-03-22 16:15:00,0.0,0.0
2000-03-22 16:30:00,0.0,0.0
2000-03-22 16:45:00,0.0,0.0
2000-03-22 17:00:00,0.0,0.0
2000-03-22 17:15:00,47.84993818810739,0.0
2000-03-22 17:30:00,42.6175056811218,0.0
2000-03-22 17:45:00,0.0,0.0
2000-03-22 18:00:00,0.0,106.36949062105396
2000-03-22 18:15:00,0.0,0.0
2000-03-22 18:30:00,0.0,132.12058742598052
2000-03-22 18:45:00,0.0,24.35726565715467
2000-03-22 19:00:00,0.0,18.79212226156136
2000-03-22 19:15:00,0.0,182.5669016217966
2000-03-22 19:30:00,0.0,76.4361300173901
2000-03-22 19:45:00,0.0,139.56925556847386
2000-03-22 20:00:00,0.0,43.41049241400535
2000-03-22 20:15:00,0.0,49.92663774131324
2000-03-22 20:30:00,0.0,55.47883061847983
2000-03-22 20:45:00,0.0,72.40240215285368
2000-03-22 21:00:00,0.0,92.29071496599317
2000-03-22 21:15:00,0.0,88.78127714335884
2000-03-22 21:30:00,0.0,63.35254856167293
2000-03-22 21:45:00,0.0,20.89734322891175
2000-03-22 22:00:00,0.0,0.0
2000-03-22 22:15:00,0.0,0.0
2000-03-22 22:30:00,0.0,0.0
2000-03-22 22:45:00,0.0,0.0
2000-03-22 23:00:00,0.0,0.0
2000-03-22 23:15:00,0.0,-0.0
2000-03-22 23:30:00,0.0,0.0
2000-03-22 23:45:00,0.0,-0.0
2000-03-23 00:00:00,0.0,0.0
2000-03-23 00:15:00,0.0,0.0
2000-03-23 00:30:00,0.0,0.0
2000-03-23 00:45:00,0.0,0.0
2000-03-23 01:00:00,0.0,0.0
2000-03-23 01:15:00,0.0,0.0
2000-03-23 01:30:00,0.0,0.0
2000-03-23 01:45:00,0.0,0.0
2000-03-23 02:00:00,0.0,0.0
2000-03-23 02:15:00,0.0,0.0
2000-03-23 02:30:00,132.9524818968876,0.0
2000-03-23 02:45:00,0.0,0.0
2000-03-23 03:00:00,103.1278072381939,0.0
2000-03-23 03:15:00,123.7614488983911,0.0
2000-03-23 03:30:00,0.0,0.0
2000-03-23 03:45:00,135.38210223494366,0.0
2000-03-23 04:00:00,135.59464795148472,0.0
2000-03-23 04:15:00,0.0,0.0
2000-03-23 04:30:00,86.77470600437357,0.0
2000-03-23 04:45:00,85.45056331481601,0.0
2000-03-23 05:00:00,113.58931574981455,0.0
2000-03-23 05:15:00,129.44996554153136,0.0
2000-03-23 05:30:00,118.46742186917778,0.0
2000-03-23 05:45:00,128.24953930038552,0.0
2000-03-23 06:00:00,0.0,-0.0
2000-03-23 06:15:00,0.0,0.0
2000-03-23 06:30:00,0.0,0.0
2000-03-23 06:45:00,0.0,0.0
2000-03-23 07:00:00,0.0,0.0
2000-03-23 07:15:00,0.0,0.0
2000-03-23 07:30:00,0.0,0.0
2000-03-23 07:45:00,0.0,0.0
2000-03-23 08:00:00,0.0,0.0
2000-03-23 08:15:00,0.0,0.0
2000-03-23 08:30:00,0.0,0.0
2000-03-23 08:45:00,0.0,0.0
2000-03-23 09:00:00,0.0,0.0
2000-03-23 09:15:00,0.0,0.0
2000-03-23 09:30:00,0.0,0.0
2000-03-23 09:45:00,0.0,0.0
2000-03-23 10:00:00,0.0,0.0
2000-03-23 10:15:00,0.0,0.0
2000-03-23 10:30:00,0.0,0.0
2000-03-23 10:45:00,0.0,0.0
2000-03-23 11:00:00,0.0,0.0
2000-03-23 11:15:00,0.0,0.0
2000-03-23 11:30:00,0.0,0.0
2000-03-23 11:45:00,0.0,0.0
2000-03-23 12:00:00,0.0,0.0
2000-03-23 12:15:00,0.0,0.0
2000-03-23 12:30:00,0.0,0.0
2000-03-23 12:45:00,0.0,0.0
2000-03-23 13:00:00,0.0,0.0
2000-03-23 13:15:00,0.0,0.0
2000-03-23 13:30:00,0.0,0.0
2000-03-23 13:45:00,0.0,0.0
2000-03-23 14:00:00,0.0,0.0
2000-03-23 14:15:00,0.0,0.0
2000-03-23 14:30:00,0.0,0.0
2000-03-23 14:45:00,0.0,0.0
2000-03-23 15:00:00,0.0,0.0
2000-03-23 15:15:00,0.0,0.0
2000-03-23 15:30:00,0.0,0.0
2000-03-23 15:45:00,0.0,0.0
2000-03-23 16:00:00,0.0,0.0
2000-03-23 16:15:00,0.0,0.0
2000-03-23 16:30:00,0.0,0.0
2000-03-23 16:45:00,0.0,0.0
2000-03-23 17:00:00,0.0,0.0
2000-03-23 17:15:00,0.0,0.0
2000-03-23 17:30:00,0.0,0.0
2000-03-23 17:45:00,0.0,0.0
2000-03-23 18:00:00,0.0,145.0249319812661
2000-03-23 18:15:00,0.0,122.896840033779
2000-03-23 18:30:00,0.0,102.73863312309186
2000-03-23 18:45:00,0.0,116.25709157725292
2000-03-23 19:00:00,0.0,33.91515557787869
2000-03-23 19:15:00,0.0,135.3717019659137
2000-03-23 19:30:00,0.0,0.0
2000-03-23 19:45:00,0.0,38.065213963835475
2000-03-23 20:00:00,0.0,44.57041919629711
2000-03-23 20:15:00,0.0,75.35085359267427
2000-03-23 20:30:00,0.0,125.00984312980626
2000-03-23 20:45:00,0.0,63.873855271829086
2000-03-23 21:00:00,0.0,24.564932618538307
2000-03-23 21:15:00,0.0,15.632714392409525
2000-03-23 21:30:00,0.0,34.69092677958034
2000-03-23 21:45:00,0.0,67.3340898773285
2000-03-23 22:00:00,0.0,21.45479691851898
2000-03-23 22:15:00,-0.0,0.0
2000-03-23 22:30:00,0.0,0.0
2000-03-23 22:45:00,0.0,0.0
2000-03-23 23:00:00,0.0,0.0
2000-03-23 23:15:00,0.0,0.0
2000-03-23 23:30:00,0.0,0.0
2000-03-23 23:45:00,0.0,-0.0
2000-03-24 00:00:00,-0.0,0.0
2000-03-24 00:15:00,0.0,0.0
2000-03-24 00:30:00,0.0,0.0
2000-03-24 00:45:00,0.0,0.0
2000-03-24 01:00:00,0.0,0.0
2000-03-24 01:15:00,0.0,0.0
2000-03-24 01:30:00,0.0,0.0
2000-03-24 01:45:00,0.0,0.0
2000-03-24 02:00:00,0.0,0.0
2000-03-24 02:15:00,0.0,0.0
2000-03-24 02:30:00,0.0,0.0
2000-03-24 02:45:00,-0.0,0.0
2000-03-24 03:00:00,-0.0,0.0
2000-03-24 03:15:00,34.23307289394245,0.0
2000-03-24 03:30:00,0.0,0.0
2000-03-24 03:45:00,0.0,0.0
2000-03-24 04:00:00,177.42628639919332,0.0
2000-03-24 04:15:00,175.89971439684643,0.0
2000-03-24 04:30:00,176.88073336045312,0.0
2000-03-24 04:45:00,172.92736693847158,0.0
2000-03-24 05:00:00,0.0,0.0
2000-03-24 05:15:00,189.24528845197344,0.0
2000-03-24 05:30:00,181.1994237676548,0.0
2000-03-24 05:45:00,184.9881137914648,0.0
2000-03-24 06:00:00,0.0,-0.0
2000-03-24 06:15:00,0.0,0.0
2000-03-24 06:30:00,0.0,-0.0
2000-03-24 06:45:00,0.0,0.0
2000-03-24 07:00:00,0.0,0.0
2000-03-24 07:15:00,0.0,0.0
2000-03-24 07:30:00,0.0,0.0
2000-03-24 07:45:00,0.0,0.0
2000-03-24 08:00:00,0.0,0.0
2000-03-24 08:15:00,0.0,0.0
2000-03-24 08:30:00,0.0,0.0
2000-03-24 08:45:00,0.0,0.0
2000-03-24 09:00:00,0.0,0.0
2000-03-24 09:15:00,0.0,0.0
2000-03-24 09:30:00,0.0,0.0
2000-03-24 09:45:00,0.0,0.0
2000-03-24 10:00:00,0.0,0.0
2000-03-24 10:15:00,0.0,0.0
2000-03-24 10:30:00,0.0,0.0
2000-03-24 10:45:00,0.0,0.0
2000-03-24 11:00:00,0.0,0.0
2000-03-24 11:15:00,0.0,0.0
2000-03-24 11:30:00,0.0,0.0
2000-03-24 11:45:00,0.0,0.0
2000-03-24 12:00:00,0.0,0.0
2000-03-24 12:15:00,0.0,0.0
2000-03-24 12:30:00,0.0,0.0
2000-03-24 12:45:00,0.0,0.0
2000-03-24 13:00:00,0.0,0.0
2000-03-24 13:15:00,0.0,0.0
2000-03-24 13:30:00,0.0,0.0
2000-03-24 13:45:00,0.0,0.0
2000-03-24 14:00:00,0.0,0.0
2000-03-24 14:15:00,0.0,0.0
2000-03-24 14:30:00,0.0,0.0
2000-03-24 14:45:00,0.0,0.0
2000-03-24 15:00:00,0.0,0.0
2000-03-24 15:15:00,0.0,0.0
2000-03-24 15:30:00,0.0,0.0
2000-03-24 15:45:00,0.0,0.0
2000-03-24 16:00:00,0.0,0.0
2000-03-24 16:15:00,0.0,0.0
2000-03-24 16:30:00,0.0,0.0
2000-03-24 16:45:00,0.0,0.0
2000-03-24 17:00:00,0.0,0.0
2000-03-24 17:15:00,0.0,0.0
2000-03-24 17:30:00,0.0,11.978979190708742
2000-03-24 17:45:00,12.301219081298314,0.0
2000-03-24 18:00:00,0.0,191.89999999999998
2000-03-24 18:15:00,0.0,191.89999999999998
2000-03-24 18:30:00,0.0,156.59517492908802
2000-03-24 18:45:00,0.0,153.65033339953587
2000-03-24 19:00:00,0.0,136.0176207366766
2000-03-24 19:15:00,0.0,0.0
2000-03-24 19:30:00,0.0,0.0
2000-03-24 19:45:00,0.0,140.08952056727765
2000-03-24 20:00:00,0.0,0.0
2000-03-24 20:15:00,0.0,18.94123292502786
2000-03-24 20:30:00,0.0,0.0
2000-03-24 20:45:00,0.0,176.78098847255697
2000-03-24 21:00:00,0.0,0.0
2000-03-24 21:15:00,0.0,-0.0
2000-03-24 21:30:00,0.0,-0.0
2000-03-24 21:45:00,0.0,-0.0
2000-03-24 22:00:00,0.0,0.0
2000-03-24 22:15:00,0.0,-0.0
2000-03-24 22:30:00,0.0,-0.0
2000-03-24 22:45:00,0.0,0.0
2000-03-24 23:00:00,0.0,-0.0
2000-03-24 23:15:00,0.0,0.0
2000-03-24 23:30:00,0.0,0.0
2000-03-24 23:45:00,0.0,-0.0
2000-03-25 00:00:00,0.0,0.0
2000-03-25 00:15:00,0.0,0.0
2000-03-25 00:30:00,0.0,0.0
2000-03-25 00:45:00,0.0,0.0
2000-03-25 01:00:00,0.0,0.0
2000-03-25 01:15:00,101.89060353281087,0.0
2000-03-25 01:30:00,0.0,0.0
2000-03-25 01:45:00,0.0,0.0
2000-03-25 02:00:00,0.0,0.0
2000-03-25 02:15:00,0.0,0.0
2000-03-25 02:30:00,0.0,0.0
2000-03-25 02:45:00,103.42667200680935,0.0
2000-03-25 03:00:00,108.45785726862972,0.0
2000-03-25 03:15:00,0.0,0.0
2000-03-25 03:30:00,0.0,0.0
2000-03-25 03:45:00,107.83241707523172,0.0
2000-03-25 04:00:00,103.35482934829989,0.0
2000-03-25 04:15:00,110.498637935571,0.0
2000-03-25 04:30:00,108.05134220334396,0.0
2000-03-25 04:45:00,110.91488626015884,0.0
2000-03-25 05:00:00,106.61341933507342,0.0
2000-03-25 05:15:00,110.36982603866683,0.0
2000-03-25 05:30:00,114.2173511236573,0.0
2000-03-25 05:45:00,107.17215787174729,0.0
2000-03-25 06:00:00,0.0,-0.0
2000-03-25 06:15:00,0.0,0.0
2000-03-25 06:30:00,0.0,-0.0
2000-03-25 06:45:00,0.0,0.0
2000-03-25 07:00:00,0.0,0.0
2000-03-25 07:15:00,0.0,0.0
2000-03-25 07:30:00,0.0,0.0
2000-03-25 07:45:00,0.0,0.0
2000-03-25 08:00:00,0.0,0.0
2000-03-25 08:15:00,0.0,0.0
2000-03-25 08:30:00,0.0,0.0
2000-03-25 08:45:00,0.0,0.0
2000-03-25 09:00:00,0.0,0.0
2000-03-25 09:15:00,0.0,0.0
2000-03-25 09:30:00,0.0,0.0
2000-03-25 09:45:00,0.0,0.0
2000-03-25 10:00:00,0.0,0.0
2000-03-25 10:15:00,0.0,0.0
2000-03-25 10:30:00,0.0,0.0
2000-03-25 10:45:00,0.0,0.0
2000-03-25 11:00:00,0.0,0.0
2000-03-25 11:15:00,0.0,0.0
2000-03-25 11:30:00,0.0,0.0
2000-03-25 11:45:00,0.0,0.0
2000-03-25 12:00:00,0.0,0.0
2000-03-25 12:15:00,0.0,0.0
2000-03-25 12:30:00,0.0,0.0
2000-03-25 12:45:00,0.0,0.0
2000-03-25 13:00:00,0.0,0.0
2000-03-25 13:15:00,0.0,0.0
2000-03-25 13:30:00,0.0,0.0
2000-03-25 13:45:00,0.0,0.0
2000-03-25 14:00:00,0.0,0.0
2000-03-25 14:15:00,0.0,0.0
2000-03-25 14:30:00,0.0,0.0
2000-03-25 14:45:00,0.0,0.0
2000-03-25 15:00:00,0.0,0.0
2000-03-25 15:15:00,0.0,0.0
2000-03-25 15:30:00,0.0,0.0
2000-03-25 15:45:00,0.0,0.0
2000-03-25 16:00:00,0.0,0.0
2000-03-25 16:15:00,0.0,0.0
2000-03-25 16:30:00,0.0,0.0
2000-03-25 16:45:00,0.0,0.0
2000-03-25 17:00:00,0.0,0.0
2000-03-25 17:15:00,0.0,0.0
2000-03-25 17:30:00,0.0,0.0
2000-03-25 17:45:00,0.0,0.0
2000-03-25 18:00:00,0.0,3.679973497531762
2000-03-25 18:15:00,0.0,0.0
2000-03-25 18:30:00,0.0,0.0
2000-03-25 18:45:00,0.0,94.28776891893527
2000-03-25 19:00:00,0.0,13.980183599866564
2000-03-25 19:15:00,0.0,131.28181490257194
2000-03-25 19:30:00,0.0,139.8299536036573
2000-03-25 19:45:00,0.0,113.78259433770131
2000-03-25 20:00:00,0.0,129.61366651572692
2000-03-25 20:15:00,0.0,58.02965888471684
2000-03-25 20:30:00,0.0,47.99615838369749
2000-03-25 20:45:00,0.0,43.40441054851732
2000-03-25 21:00:00,0.0,52.75134953274571
2000-03-25 21:15:00,0.0,139.97762711282232
2000-03-25 21:30:00,0.0,140.9774815536073
2000-03-25 21:45:00,0.0,49.158079614260146
2000-03-25 22:00:00,0.0,8.001278993641904
2000-03-25 22:15:00,-0.0,0.0
2000-03-25 22:30:00,0.0,0.0
2000-03-25 22:45:00,0.0,0.0
2000-03-25 23:00:00,0.0,-0.0
2000-03-25 23:15:00,0.0,0.0
2000-03-25 23:30:00,0.0,0.0
2000-03-25 23:45:00,0.0,-0.0
2000-03-26 00:00:00,22.29651052563231,0.0
2000-03-26 00:15:00,45.2782926739758,0.0
2000-03-26 00:30:00,42.0716596642131,0.0
2000-03-26 00:45:00,49.18842308816671,0.0
2000-03-26 01:00:00,52.30775385551019,0.0
2000-03-26 01:15:00,47.90488724728111,0.0
2000-03-26 01:30:00,8.88566347456549,0.0
2000-03-26 01:45:00,0.0,7.464814070289975
2000-03-26 02:00:00,44.31534791241198,0.0
2000-03-26 02:15:00,46.542575010111534,0.0
2000-03-26 02:30:00,58.66506999814939,0.0
2000-03-26 02:45:00,58.645869987879394,0.0
2000-03-26 03:00:00,56.82010150089327,0.0
2000-03-26 03:15:00,65.97114089845158,0.0
2000-03-26 03:30:00,61.93274075942013,0.0
2000-03-26 03:45:00,61.35318531097735,0.0
2000-03-26 04:00:00,66.86555178744729,0.0
2000-03-26 04:15:00,78.67829792765511,0.0
2000-03-26 04:30:00,68.1099040001183,0.0
2000-03-26 04:45:00,75.0366869364354,0.0
2000-03-26 05:00:00,75.88043099230555,0.0
2000-03-26 05:15:00,80.18989653785118,0.0
2000-03-26 05:30:00,62.67025196029933,0.0
2000-03-26 05:45:00,71.46102007799476,0.0
2000-03-26 06:00:00,0.0,-0.0
2000-03-26 06:15:00,0.0,-0.0
2000-03-26 06:30:00,0.0,0.0
2000-03-26 06:45:00,0.0,0.0
2000-03-26 07:00:00,0.0,0.0
2000-03-26 07:15:00,0.0,0.0
2000-03-26 07:30:00,0.0,0.0
2000-03-26 07:45:00,0.0,0.0
2000-03-26 08:00:00,0.0,0.0
2000-03-26 08:15:00,0.0,0.0
2000-03-26 08:30:00,0.0,0.0
2000-03-26 08:45:00,0.0,0.0
2000-03-26 09:00:00,0.0,0.0
2000-03-26 09:15:00,0.0,0.0
2000-03-26 09:30:00,0.0,0.0
2000-03-26 09:45:00,0.0,0.0
2000-03-26 10:00:00,0.0,0.0
2000-03-26 10:15:00,0.0,0.0
2000-03-26 10:30:00,0.0,0.0
2000-03-26 10:45:00,0.0,0.0
2000-03-26 11:00:00,0.0,0.0
2000-03-26 11:15:00,0.0,0.0
2000-03-26 11:30:00,0.0,0.0
2000-03-26 11:45:00,0.0,0.0
2000-03-26 12:00:00,0.0,0.0
2000-03-26 12:15:00,0.0,0.0
2000-03-26 12:30:00,0.0,0.0
2000-03-26 12:45:00,0.0,0.0
2000-03-26 13:00:00,0.0,0.0
2000-03-26 13:15:00,0.0,0.0
2000-03-26 13:30:00,0.0,0.0
2000-03-26 13:45:00,0.0,0.0
2000-03-26 14:00:00,0.0,0.0
2000-03-26 14:15:00,0.0,0.0
2000-03-26 14:30:00,0.0,0.0
2000-03-26 14:45:00,0.0,0.0
2000-03-26 15:00:00,0.0,0.0
2000-03-26 15:15:00,0.0,0.0
2000-03-26 15:30:00,0.0,0.0
2000-03-26 15:45:00,0.0,0.0
2000-03-26 16:00:00,0.0,0.0
2000-03-26 16:15:00,0.0,0.0
2000-03-26 16:30:00,0.0,0.0
2000-03-26 16:45:00,0.0,0.0
2000-03-26 17:00:00,0.0,0.0
2000-03-26 17:15:00,0.0,0.0
2000-03-26 17:30:00,0.0,0.0
2000-03-26 17:45:00,0.0,0.0
2000-03-26 18:00:00,0.0,77.9959421026749
2000-03-26 18:15:00,0.0,61.906749595365646
2000-03-26 18:30:00,0.0,120.67690140137675
2000-03-26 18:45:00,0.0,141.6960165096415
2000-03-26 19:00:00,0.0,140.9294116798559
2000-03-26 19:15:00,0.0,161.71944334346207
2000-03-26 19:30:00,0.0,51.03770017025124
2000-03-26 19:45:00,0.0,45.78882065929892
2000-03-26 20:00:00,0.0,45.08703545292008
2000-03-26 20:15:00,0.0,38.28022321650865
2000-03-26 20:30:00,0.0,16.865959421313107
2000-03-26 20:45:00,0.0,119.83720800724475
2000-03-26 21:00:00,0.0,13.793072473230978
2000-03-26 21:15:00,0.0,24.393433565678748
2000-03-26 21:30:00,0.0,46.794603417247714
2000-03-26 21:45:00,0.0,39.05612414041232
2000-03-26 22:00:00,0.0,20.893354843516846
2000-03-26 22:15:00,0.0,0.0
2000-03-26 22:30:00,0.0,0.0
2000-03-26 22:45:00,0.0,0.0
2000-03-26 23:00:00,0.0,-0.0
2000-03-26 23:15:00,0.0,0.0
2000-03-26 23:30:00,0.0,-0.0
2000-03-26 23:45:00,0.0,-0.0
2000-03-27 00:00:00,0.0,0.0
2000-03-27 00:15:00,0.0,0.0
2000-03-27 00:30:00,0.0,0.0
2000-03-27 00:45:00,0.0,0.0
2000-03-27 01:00:00,0.0,0.0
2000-03-27 01:15:00,0.0,0.0
2000-03-27 01:30:00,0.0,0.0
2000-03-27 01:45:00,0.0,0.0
2000-03-27 02:00:00,0.0,0.0
2000-03-27 02:15:00,108.79562179934882,0.0
2000-03-27 02:30:00,0.0,0.0
2000-03-27 02:45:00,102.67220009654928,0.0
2000-03-27 03:00:00,0.0,0.0
2000-03-27 03:15:00,109.47134935519502,0.0
2000-03-27 03:30:00,111.20643337450112,0.0
2000-03-27 03:45:00,100.51538417458778,0.0
2000-03-27 04:00:00,109.507605103933,0.0
2000-03-27 04:15:00,107.61452489123621,0.0
2000-03-27 04:30:00,73.28103159397963,0.0
2000-03-27 04:45:00,52.66243090533408,0.0
2000-03-27 05:00:00,72.13346974981002,0.0
2000-03-27 05:15:00,113.46459374419709,0.0
2000-03-27 05:30:00,115.96917247798757,0.0
2000-03-27 05:45:00,115.50618273334014,0.0
2000-03-27 06:00:00,0.0,-0.0
2000-03-27 06:15:00,0.0,0.0
2000-03-27 06:30:00,0.0,0.0
2000-03-27 06:45:00,0.0,0.0
2000-03-27 07:00:00,0.0,0.0
2000-03-27 07:15:00,0.0,0.0
2000-03-27 07:30:00,0.0,0.0
2000-03-27 07:45:00,0.0,0.0
2000-03-27 08:00:00,0.0,0.0
2000-03-27 08:15:00,0.0,0.0
2000-03-27 08:30:00,0.0,0.0
2000-03-27 08:45:00,0.0,0.0
2000-03-27 09:00:00,0.0,0.0
2000-03-27 09:15:00,0.0,0.0
2000-03-27 09:30:00,0.0,0.0
2000-03-27 09:45:00,0.0,0.0
2000-03-27 10:00:00,0.0,0.0
2000-03-27 10:15:00,0.0,0.0
2000-03-27 10:30:00,0.0,0.0
2000-03-27 10:45:00,0.0,0.0
2000-03-27 11:00:00,0.0,0.0
2000-03-27 11:15:00,0.0,0.0
2000-03-27 11:30:00,0.0,0.0
2000-03-27 11:45:00,0.0,0.0
2000-03-27 12:00:00,0.0,0.0
2000-03-27 12:15:00,0.0,0.0
2000-03-27 12:30:00,0.0,0.0
2000-03-27 12:45:00,0.0,0.0
2000-03-27 13:00:00,0.0,0.0
2000-03-27 13:15:00,0.0,0.0
2000-03-27 13:30:00,0.0,0.0
2000-03-27 13:45:00,0.0,0.0
2000-03-27 14:00:00,0.0,0.0
2000-03-27 14:15:00,0.0,0.0
2000-03-27 14:30:00,0.0,0.0
2000-03-27 14:45:00,0.0,0.0
2000-03-27 15:00:00,0.0,0.0
2000-03-27 15:15:00,0.0,0.0
2000-03-27 15:30:00,0.0,0.0
2000-03-27 15:45:00,0.0,0.0
2000-03-27 16:00:00,0.0,0.0
2000-03-27 16:15:00,0.0,0.0
2000-03-27 16:30:00,0.0,0.0
2000-03-27 16:45:00,0.0,0.0
2000-03-27 17:00:00,0.0,0.0
2000-03-27 17:15:00,0.0,0.0
2000-03-27 17:30:00,0.0,0.0
2000-03-27 17:45:00,0.0,0.0
2000-03-27 18:00:00,0.0,70.16153087002604
2000-03-27 18:15:00,0.0,0.0
2000-03-27 18:30:00,0.0,0.0
2000-03-27 18:45:00,0.0,10.143780492950413
2000-03-27 19:00:00,0.0,22.962503203375405
2000-03-27 19:15:00,0.0,90.98215483795977
2000-03-27 19:30:00,0.0,123.14941829895838
2000-03-27 19:45:00,0.0,171.27228927151435
2000-03-27 20:00:00,0.0,101.35264732363618
2000-03-27 20:15:00,0.0,83.28291745144688
2000-03-27 20:30:00,0.0,65.63509648259694
2000-03-27 20:45:00,0.0,72.59646699691291
2000-03-27 21:00:00,0.0,131.00561060087
2000-03-27 21:15:00,0.0,114.94478189610359
2000-03-27 21:30:00,0.0,55.36222877006236
2000-03-27 21:45:00,0.0,34.01796508128723
2000-03-27 22:00:00,0.0,19.882608422299313
2000-03-27 22:15:00,-0.0,0.0
2000-03-27 22:30:00,0.0,0.0
2000-03-27 22:45:00,0.0,0.0
2000-03-27 23:00:00,0.0,-0.0
2000-03-27 23:15:00,0.0,0.0
2000-03-27 23:30:00,0.0,-0.0
2000-03-27 23:45:00,0.0,-0.0
2000-03-28 00:00:00,0.0,0.0
2000-03-28 00:15:00,62.45780144917048,0.0
2000-03-28 00:30:00,0.0,0.0
2000-03-28 00:45:00,0.0,0.0
2000-03-28 01:00:00,81.27131669023186,0.0
2000-03-28 01:15:00,83.78592427356286,0.0
2000-03-28 01:30:00,75.4302138664371,0.0
2000-03-28 01:45:00,76.01604140429764,0.0
2000-03-28 02:00:00,0.0,0.0
2000-03-28 02:15:00,79.3306823214852,0.0
2000-03-28 02:30:00,87.09197468057265,0.0
2000-03-28 02:45:00,80.0617948131752,0.0
2000-03-28 03:00:00,84.64613738621486,0.0
2000-03-28 03:15:00,1.6325035940229484,0.0
2000-03-28 03:30:00,0.0,0.0
2000-03-28 03:45:00,83.31799170909727,0.0
2000-03-28 04:00:00,71.24381820904387,0.0
2000-03-28 04:15:00,78.01141437912685,0.0
2000-03-28 04:30:00,60.15264355490797,0.0
2000-03-28 04:45:00,77.57163805175387,0.0
2000-03-28 05:00:00,72.79698316199543,0.0
2000-03-28 05:15:00,78.76369343452534,0.0
2000-03-28 05:30:00,33.3151884508563,0.0
2000-03-28 05:45:00,25.902238569522183,0.0
2000-03-28 06:00:00,0.0,12.735286379957358
2000-03-28 06:15:00,0.0,0.0
2000-03-28 06:30:00,0.0,0.0
2000-03-28 06:45:00,0.0,0.0
2000-03-28 07:00:00,0.0,0.0
2000-03-28 07:15:00,0.0,0.0
2000-03-28 07:30:00,0.0,0.0
2000-03-28 07:45:00,0.0,0.0
2000-03-28 08:00:00,0.0,0.0
2000-03-28 08:15:00,0.0,0.0
2000-03-28 08:30:00,0.0,0.0
2000-03-28 08:45:00,0.0,0.0
2000-03-28 09:00:00,0.0,0.0
2000-03-28 09:15:00,0.0,0.0
2000-03-28 09:30:00,0.0,0.0
2000-03-28 09:45:00,0.0,0.0
2000-03-28 10:00:00,0.0,0.0
2000-03-28 10:15:00,0.0,0.0
2000-03-28 10:30:00,0.0,0.0
2000-03-28 10:45:00,0.0,0.0
2000-03-28 11:00:00,0.0,0.0
2000-03-28 11:15:00,0.0,0.0
2000-03-28 11:30:00,0.0,0.0
2000-03-28 11:45:00,0.0,0.0
2000-03-28 12:00:00,0.0,0.0
2000-03-28 12:15:00,0.0,0.0
2000-03-28 12:30:00,0.0,0.0
2000-03-28 12:45:00,0.0,0.0
2000-03-28 13:00:00,0.0,0.0
2000-03-28 13:15:00,0.0,0.0
2000-03-28 13:30:00,0.0,0.0
2000-03-28 13:45:00,0.0,0.0
2000-03-28 14:00:00,0.0,0.0
2000-03-28 14:15:00,0.0,0.0
2000-03-28 14:30:00,0.0,0.0
2000-03-28 14:45:00,0.0,0.0
2000-03-28 15:00:00,0.0,0.0
2000-03-28 15:15:00,0.0,0.0
2000-03-28 15:30:00,0.0,0.0
2000-03-28 15:45:00,0.0,0.0
2000-03-28 16:00:00,0.0,0.0
2000-03-28 16:15:00,0.0,0.0
2000-03-28 16:30:00,14.111120642612008,0.0
2000-03-28 16:45:00,0.0,0.0
2000-03-28 17:00:00,0.0,0.0
2000-03-28 17:15:00,0.0,0.0
2000-03-28 17:30:00,0.0,0.0
2000-03-28 17:45:00,0.0,0.0
2000-03-28 18:00:00,0.0,34.75902750836758
2000-03-28 18:15:00,0.0,34.575950576381175
2000-03-28 18:30:00,0.0,41.44340161448636
2000-03-28 18:45:00,0.0,0.0
2000-03-28 19:00:00,0.0,5.935950306116979
2000-03-28 19:15:00,0.0,0.0
2000-03-28 19:30:00,0.0,57.291853874878214
2000-03-28 19:45:00,0.0,97.27252327762562
2000-03-28 20:00:00,0.0,36.055899052921916
2000-03-28 20:15:00,0.0,191.89999999999998
2000-03-28 20:30:00,0.0,170.45474429719673
2000-03-28 20:45:00,0.0,165.01637466201902
2000-03-28 21:00:00,0.0,121.43674886038349
2000-03-28 21:15:00,0.0,110.39862025784919
2000-03-28 21:30:00,0.0,40.98418928721756
2000-03-28 21:45:00,0.0,47.483776496937196
2000-03-28 22:00:00,0.0,11.74293992761929
2000-03-28 22:15:00,0.0,-0.0
2000-03-28 22:30:00,0.0,0.0
2000-03-28 22:45:00,0.0,0.0
2000-03-28 23:00:00,0.0,0.0
2000-03-28 23:15:00,0.0,-0.0
2000-03-28 23:30:00,0.0,0.0
2000-03-28 23:45:00,0.0,-0.0
2000-03-29 00:00:00,75.24448012689103,0.0
2000-03-29 00:15:00,40.47213491086517,0.0
2000-03-29 00:30:00,23.52759694339828,0.0
2000-03-29 00:45:00,32.4999566473481,0.0
2000-03-29 01:00:00,25.105278949017546,0.0
2000-03-29 01:15:00,0.0,12.034023436700224
2000-03-29 01:30:00,3.370470733162861,0.0
2000-03-29 01:45:00,36.478535218275425,0.0
2000-03-29 02:00:00,50.44192733342321,0.0
2000-03-29 02:15:00,44.42670667480489,0.0
2000-03-29 02:30:00,40.28610576073042,0.0
2000-03-29 02:45:00,55.56298367765867,0.0
2000-03-29 03:00:00,69.50927365008076,0.0
2000-03-29 03:15:00,72.90239322351587,0.0
2000-03-29 03:30:00,74.16524824007973,0.0
2000-03-29 03:45:00,74.16603210807504,0.0
2000-03-29 04:00:00,77.54241791961527,0.0
2000-03-29 04:15:00,68.33055266946764,0.0
2000-03-29 04:30:00,75.14934797368466,0.0
2000-03-29 04:45:00,68.45159468482197,0.0
2000-03-29 05:00:00,71.70597112095645,0.0
2000-03-29 05:15:00,79.96601897715328,0.0
2000-03-29 05:30:00,74.12247263039441,0.0
2000-03-29 05:45:00,72.70659781738355,0.0
2000-03-29 06:00:00,0.0,-0.0
2000-03-29 06:15:00,0.0,-0.0
2000-03-29 06:30:00,0.0,0.0
2000-03-29 06:45:00,0.0,0.0
2000-03-29 07:00:00,0.0,0.0
2000-03-29 07:15:00,0.0,0.0
2000-03-29 07:30:00,0.0,0.0
2000-03-29 07:45:00,0.0,0.0
2000-03-29 08:00:00,0.0,0.0
2000-03-29 08:15:00,0.0,0.0
2000-03-29 08:30:00,0.0,0.0
2000-03-29 08:45:00,0.0,0.0
2000-03-29 09:00:00,0.0,0.0
2000-03-29 09:15:00,0.0,0.0
2000-03-29 09:30:00,0.0,0.0
2000-03-29 09:45:00,0.0,0.0
2000-03-29 10:00:00,0.0,0.0
2000-03-29 10:15:00,0.0,0.0
2000-03-29 10:30:00,0.0,0.0
2000-03-29 10:45:00,0.0,0.0
2000-03-29 11:00:00,0.0,0.0
2000-03-29 11:15:00,0.0,0.0
2000-03-29 11:30:00,0.0,0.0
2000-03-29 11:45:00,0.0,0.0
2000-03-29 12:00:00,0.0,0.0
2000-03-29 12:15:00,0.0,0.0
2000-03-29 12:30:00,0.0,0.0
2000-03-29 12:45:00,0.0,0.0
2000-03-29 13:00:00,0.0,0.0
2000-03-29 13:15:00,0.0,0.0
2000-03-29 13:30:00,0.0,0.0
2000-03-29 13:45:00,0.0,0.0
2000-03-29 14:00:00,0.0,0.0
2000-03-29 14:15:00,0.0,0.0
2000-03-29 14:30:00,0.0,0.0
2000-03-29 14:45:00,0.0,0.0
2000-03-29 15:00:00,0.0,0.0
2000-03-29 15:15:00,0.0,0.0
2000-03-29 15:30:00,0.0,0.0
2000-03-29 15:45:00,0.0,0.0
2000-03-29 16:00:00,0.0,0.0
2000-03-29 16:15:00,0.0,0.0
2000-03-29 16:30:00,0.0,0.0
2000-03-29 16:45:00,0.0,0.0
2000-03-29 17:00:00,0.0,0.0
2000-03-29 17:15:00,0.0,0.0
2000-03-29 17:30:00,0.0,0.0
2000-03-29 17:45:00,0.0,0.0
2000-03-29 18:00:00,0.0,102.97239616535352
2000-03-29 18:15:00,0.0,113.86683251853998
2000-03-29 18:30:00,0.0,0.0
2000-03-29 18:45:00,0.0,0.0
2000-03-29 19:00:00,0.0,78.03135436861525
2000-03-29 19:15:00,0.0,30.740290189542534
2000-03-29 19:30:00,0.0,142.64871762372104
2000-03-29 19:45:00,0.0,191.2337308978382
2000-03-29 20:00:00,0.0,49.45392279910142
2000-03-29 20:15:00,0.0,56.44655385674453
2000-03-29 20:30:00,0.0,65.12113831404095
2000-03-29 20:45:00,0.0,85.9459595496305
2000-03-29 21:00:00,0.0,99.58981834594563
2000-03-29 21:15:00,0.0,107.8354745879298
2000-03-29 21:30:00,0.0,42.86581078299652
2000-03-29 21:45:00,0.0,-0.0
2000-03-29 22:00:00,0.0,0.0
2000-03-29 22:15:00,0.0,-0.0
2000-03-29 22:30:00,0.0,0.0
2000-03-29 22:45:00,0.0,0.0
2000-03-29 23:00:00,0.0,-0.0
2000-03-29 23:15:00,0.0,0.0
2000-03-29 23:30:00,0.0,-0.0
2000-03-29 23:45:00,0.0,-0.0
2000-03-30 00:00:00,0.0,0.0
2000-03-30 00:15:00,-0.0,0.0
2000-03-30 00:30:00,0.0,0.0
2000-03-30 00:45:00,0.0,0.0
2000-03-30 01:00:00,0.0,0.0
2000-03-30 01:15:00,0.0,0.0
2000-03-30 01:30:00,0.0,0.0
2000-03-30 01:45:00,-0.0,0.0
2000-03-30 02:00:00,0.0,0.0
2000-03-30 02:15:00,0.0,0.0
2000-03-30 02:30:00,0.0,0.0
2000-03-30 02:45:00,0.0,0.0
2000-03-30 03:00:00,0.0,0.0
2000-03-30 03:15:00,146.7072940346151,0.0
2000-03-30 03:30:00,0.0,0.0
2000-03-30 03:45:00,135.6183486998817,0.0
2000-03-30 04:00:00,111.95432084618281,0.0
2000-03-30 04:15:00,133.62086610970618,0.0
2000-03-30 04:30:00,151.4762881935587,0.0
2000-03-30 04:45:00,150.70498578828355,0.0
2000-03-30 05:00:00,155.3297288513581,0.0
2000-03-30 05:15:00,157.71977923479565,0.0
2000-03-30 05:30:00,0.0,0.0
2000-03-30 05:45:00,149.66838824161803,0.0
2000-03-30 06:00:00,0.0,-0.0
2000-03-30 06:15:00,0.0,-0.0
2000-03-30 06:30:00,0.0,-0.0
2000-03-30 06:45:00,0.0,0.0
2000-03-30 07:00:00,0.0,0.0
2000-03-30 07:15:00,0.0,0.0
2000-03-30 07:30:00,0.0,0.0
2000-03-30 07:45:00,0.0,0.0
2000-03-30 08:00:00,0.0,0.0
2000-03-30 08:15:00,0.0,0.0
2000-03-30 08:30:00,0.0,0.0
2000-03-30 08:45:00,0.0,0.0
2000-03-30 09:00:00,0.0,0.0
2000-03-30 09:15:00,0.0,0.0
2000-03-30 09:30:00,0.0,0.0
2000-03-30 09:45:00,0.0,0.0
2000-03-30 10:00:00,0.0,0.0
2000-03-30 10:15:00,0.0,0.0
2000-03-30 10:30:00,0.0,0.0
2000-03-30 10:45:00,0.0,0.0
2000-03-30 11:00:00,0.0,0.0
2000-03-30 11:15:00,0.0,0.0
2000-03-30 11:30:00,0.0,0.0
2000-03-30 11:45:00,0.0,0.0
2000-03-30 12:00:00,0.0,0.0
2000-03-30 12:15:00,0.0,0.0
2000-03-30 12:30:00,0.0,0.0
2000-03-30 12:45:00,0.0,0.0
2000-03-30 13:00:00,0.0,0.0
2000-03-30 13:15:00,0.0,0.0
2000-03-30 13:30:00,0.0,0.0
2000-03-30 13:45:00,0.0,0.0
2000-03-30 14:00:00,0.0,0.0
2000-03-30 14:15:00,0.0,0.0
2000-03-30 14:30:00,0.0,0.0
2000-03-30 14:45:00,0.0,0.0
2000-03-30 15:00:00,0.0,0.0
2000-03-30 15:15:00,0.0,0.0
2000-03-30 15:30:00,0.0,0.0
2000-03-30 15:45:00,0.0,0.0
2000-03-30 16:00:00,0.0,0.0
2000-03-30 16:15:00,0.0,0.0
2000-03-30 16:30:00,0.0,0.0
2000-03-30 16:45:00,0.0,0.0
2000-03-30 17:00:00,0.0,0.0
2000-03-30 17:15:00,0.0,0.0
2000-03-30 17:30:00,0.0,0.0
2000-03-30 17:45:00,0.0,0.0
2000-03-30 18:00:00,0.0,32.89073492129949
2000-03-30 18:15:00,0.0,37.36248808551241
2000-03-30 18:30:00,0.0,106.36470090539864
2000-03-30 18:45:00,0.0,51.75115647409672
2000-03-30 19:00:00,0.0,44.05928927529619
2000-03-30 19:15:00,0.0,50.0199249767774
2000-03-30 19:30:00,0.0,113.0813442352631
2000-03-30 19:45:00,0.0,167.84436601163281
2000-03-30 20:00:00,0.0,0.0
2000-03-30 20:15:00,0.0,0.0
2000-03-30 20:30:00,0.0,0.0
2000-03-30 20:45:00,0.0,133.39458963972615
2000-03-30 21:00:00,0.0,66.26518693211699
2000-03-30 21:15:00,0.0,191.89999999999998
2000-03-30 21:30:00,0.0,0.0
2000-03-30 21:45:00,0.0,171.81821854288
2000-03-30 22:00:00,18.906075590557172,0.0
2000-03-30 22:15:00,0.0,17.062733220477845
2000-03-30 22:30:00,0.0,0.0
2000-03-30 22:45:00,0.0,0.0
2000-03-30 23:00:00,0.0,-0.0
2000-03-30 23:15:00,0.0,0.0
2000-03-30 23:30:00,0.0,-0.0
2000-03-30 23:45:00,0.0,-0.0
2000-03-31 00:00:00,0.0,0.0
2000-03-31 00:15:00,0.0,0.0
2000-03-31 00:30:00,0.0,0.0
2000-03-31 00:45:00,0.0,0.0
2000-03-31 01:00:00,0.0,0.0
2000-03-31 01:15:00,0.0,0.0
2000-03-31 01:30:00,0.0,0.0
2000-03-31 01:45:00,0.0,0.0
2000-03-31 02:00:00,83.69213725437773,0.0
2000-03-31 02:15:00,0.0,0.0
2000-03-31 02:30:00,0.0,0.0
2000-03-31 02:45:00,0.0,0.0
2000-03-31 03:00:00,105.50033355058444,0.0
2000-03-31 03:15:00,106.08487852929501,0.0
2000-03-31 03:30:00,107.80035294678021,0.0
2000-03-31 03:45:00,100.22370530647862,0.0
2000-03-31 04:00:00,99.08724565950845,0.0
2000-03-31 04:15:00,101.92287499232695,0.0
2000-03-31 04:30:00,109.32812939475083,0.0
2000-03-31 04:45:00,103.57866443429303,0.0
2000-03-31 05:00:00,96.78366932048952,0.0
2000-03-31 05:15:00,87.00029298253709,0.0
2000-03-31 05:30:00,94.14910617682129,0.0
2000-03-31 05:45:00,97.64860945175664,0.0
2000-03-31 06:00:00,0.0,-0.0
2000-03-31 06:15:00,0.0,-0.0
2000-03-31 06:30:00,0.0,0.0
2000-03-31 06:45:00,0.0,0.0
2000-03-31 07:00:00,0.0,0.0
2000-03-31 07:15:00,0.0,0.0
2000-03-31 07:30:00,0.0,0.0
2000-03-31 07:45:00,0.0,0.0
2000-03-31 08:00:00,0.0,0.0
2000-03-31 08:15:00,0.0,0.0
2000-03-31 08:30:00,0.0,0.0
2000-03-31 08:45:00,0.0,0.0
2000-03-31 09:00:00,0.0,0.0
2000-03-31 09:15:00,0.0,0.0
2000-03-31 09:30:00,0.0,0.0
2000-03-31 09:45:00,0.0,0.0
2000-03-31 10:00:00,0.0,0.0
2000-03-31 10:15:00,0.0,0.0
2000-03-31 10:30:00,0.0,0.0
2000-03-31 10:45:00,0.0,0.0
2000-03-31 11:00:00,0.0,0.0
2000-03-31 11:15:00,0.0,0.0
2000-03-31 11:30:00,0.0,0.0
2000-03-31 11:45:00,0.0,0.0
2000-03-31 12:00:00,0.0,0.0
2000-03-31 12:15:00,0.0,0.0
2000-03-31 12:30:00,0.0,0.0
2000-03-31 12:45:00,0.0,0.0
2000-03-31 13:00:00,0.0,0.0
2000-03-31 13:15:00,0.0,0.0
2000-03-31 13:30:00,0.0,0.0
2000-03-31 13:45:00,0.0,0.0
2000-03-31 14:00:00,0.0,0.0
2000-03-31 14:15:00,0.0,0.0
2000-03-31 14:30:00,0.0,0.0
2000-03-31 14:45:00,0.0,0.0
2000-03-31 15:00:00,0.0,0.0
2000-03-31 15:15:00,0.0,0.0
2000-03-31 15:30:00,0.0,0.0
2000-03-31 15:45:00,0.0,0.0
2000-03-31 16:00:00,0.0,0.0
2000-03-31 16:15:00,0.0,0.0
2000-03-31 16:30:00,0.0,0.0
2000-03-31 16:45:00,0.0,0.0
2000-03-31 17:00:00,0.0,0.0
2000-03-31 17:15:00,0.0,0.0
2000-03-31 17:30:00,0.0,0.0
2000-03-31 17:45:00,0.0,14.126516453899598
2000-03-31 18:00:00,0.0,123.94066280259186
2000-03-31 18:15:00,0.0,136.10589659027607
2000-03-31 18:30:00,0.0,128.04965385393643
2000-03-31 18:45:00,0.0,111.60069082715022
2000-03-31 19:00:00,0.0,97.5256903291616
2000-03-31 19:15:00,0.0,95.95923014242702
2000-03-31 19:30:00,0.0,112.60334885842583
2000-03-31 19:45:00,0.0,63.34884457751421
2000-03-31 20:00:00,0.0,58.89564865725311
2000-03-31 20:15:00,0.0,58.49923645653677
2000-03-31 20:30:00,0.0,0.0
2000-03-31 20:45:00,0.0,60.88190284435008
2000-03-31 21:00:00,0.0,0.0
2000-03-31 21:15:00,0.0,30.99668239575499
2000-03-31 21:30:00,0.0,74.217995210722
2000-03-31 21:45:00,0.0,-0.0
2000-03-31 22:00:00,60.698348261603506,0.0
2000-03-31 22:15:00,48.67902233431701,0.0
2000-03-31 22:30:00,0.0,23.267282625769468
2000-03-31 22:45:00,0.0,36.39856858037433
2000-03-31 23:00:00,0.0,39.04722575667455
2000-03-31 23:15:00,0.0,-0.0
2000-03-31 23:30:00,0.0,-0.0
2000-03-31 23:45:00,0.0,-0.0
2000-04-01 00:00:00,0.0,0.0
2000-04-01 00:15:00,0.0,0.0
2000-04-01 00:30:00,0.0,0.0
2000-04-01 00:45:00,7.203409688486138,0.0
2000-04-01 01:00:00,0.0,0.0
2000-04-01 01:15:00,89.2851128920027,0.0
2000-04-01 01:30:00,78.76863431403883,0.0
2000-04-01 01:45:00,0.0,0.0
2000-04-01 02:00:00,0.0,0.0
2000-04-01 02:15:00,0.0,0.0
2000-04-01 02:30:00,0.0,0.0
2000-04-01 02:45:00,113.62582109676467,0.0
2000-04-01 03:00:00,109.21242197376324,0.0
2000-04-01 03:15:00,0.0,0.0
2000-04-01 03:30:00,108.32494323980572,0.0
2000-04-01 03:45:00,105.50157153459428,0.0
2000-04-01 04:00:00,105.8182317310237,0.0
2000-04-01 04:15:00,103.02730187262244,0.0
2000-04-01 04:30:00,97.81449795274526,0.0
2000-04-01 04:45:00,100.07574775939662,0.0
2000-04-01 05:00:00,96.01334640975696,0.0
2000-04-01 05:15:00,92.59267651611952,0.0
2000-04-01 05:30:00,83.62167859012541,0.0
2000-04-01 05:45:00,1.9146044287542878,0.0
2000-04-01 06:00:00,0.0,-0.0
2000-04-01 06:15:00,0.0,0.0
2000-04-01 06:30:00,0.0,-0.0
2000-04-01 06:45:00,0.0,0.0
2000-04-01 07:00:00,0.0,0.0
2000-04-01 07:15:00,0.0,0.0
2000-04-01 07:30:00,0.0,0.0
2000-04-01 07:45:00,0.0,0.0
2000-04-01 08:00:00,0.0,0.0
2000-04-01 08:15:00,0.0,0.0
2000-04-01 08:30:00,0.0,0.0
2000-04-01 08:45:00,0.0,0.0
2000-04-01 09:00:00,0.0,0.0
2000-04-01 09:15:00,0.0,0.0
2000-04-01 09:30:00,0.0,0.0
2000-04-01 09:45:00,0.0,0.0
2000-04-01 10:00:00,0.0,0.0
2000-04-01 10:15:00,0.0,0.0
2000-04-01 10:30:00,0.0,0.0
2000-04-01 10:45:00,0.0,0.0
2000-04-01 11:00:00,0.0,0.0
2000-04-01 11:15:00,0.0,0.0
2000-04-01 11:30:00,0.0,0.0
2000-04-01 11:45:00,0.0,0.0
2000-04-01 12:00:00,0.0,0.0
2000-04-01 12:15:00,0.0,0.0
2000-04-01 12:30:00,0.0,0.0
2000-04-01 12:45:00,0.0,0.0
2000-04-01 13:00:00,0.0,0.0
2000-04-01 13:15:00,0.0,0.0
2000-04-01 13:30:00,0.0,0.0
2000-04-01 13:45:00,0.0,0.0
2000-04-01 14:00:00,0.0,0.0
2000-04-01 14:15:00,0.0,0.0
2000-04-01 14:30:00,0.0,0.0
2000-04-01 14:45:00,0.0,0.0
2000-04-01 15:00:00,0.0,0.0
2000-04-01 15:15:00,0.0,0.0
2000-04-01 15:30:00,0.0,0.0
2000-04-01 15:45:00,0.0,0.0
2000-04-01 16:00:00,0.0,7.751205894841959
2000-04-01 16:15:00,0.0,60.64680905225261
2000-04-01 16:30:00,0.0,42.11320619012103
2000-04-01 16:45:00,0.0,13.68122287089794
2000-04-01 17:00:00,23.835437520479662,0.0
2000-04-01 17:15:00,30.02520273612771,0.0
2000-04-01 17:30:00,51.1817093839402,0.0
2000-04-01 17:45:00,32.56700660112929,0.0
2000-04-01 18:00:00,0.0,95.32437939592785
2000-04-01 18:15:00,0.0,85.46771044084727
2000-04-01 18:30:00,0.0,110.29650854504355
2000-04-01 18:45:00,0.0,156.6342973906973
2000-04-01 19:00:00,0.0,39.96062701864837
2000-04-01 19:15:00,0.0,42.31490655021027
2000-04-01 19:30:00,0.0,32.138553982486414
2000-04-01 19:45:00,0.0,191.89999999999998
2000-04-01 20:00:00,0.0,178.24621514412263
2000-04-01 20:15:00,0.0,125.0918639997541
2000-04-01 20:30:00,0.0,44.87838480436592
2000-04-01 20:45:00,0.0,64.4985527278963
2000-04-01 21:00:00,0.0,0.0
2000-04-01 21:15:00,0.0,-0.0
2000-04-01 21:30:00,0.0,-0.0
2000-04-01 21:45:00,0.0,-0.0
2000-04-01 22:00:00,0.0,0.0
2000-04-01 22:15:00,0.0,-0.0
2000-04-01 22:30:00,0.0,-0.0
2000-04-01 22:45:00,0.0,-0.0
2000-04-01 23:00:00,0.0,0.0
2000-04-01 23:15:00,0.0,-0.0
2000-04-01 23:30:00,0.0,0.0
2000-04-01 23:45:00,0.0,-0.0
2000-04-02 00:00:00,43.25910132153943,0.0
2000-04-02 00:15:00,34.67709036010693,0.0
2000-04-02 00:30:00,35.336913825823814,0.0
2000-04-02 00:45:00,49.923144086687344,0.0
2000-04-02 01:00:00,35.594829779342234,0.0
2000-04-02 01:15:00,30.3488864419124,0.0
2000-04-02 01:30:00,25.134010785436217,0.0
2000-04-02 01:45:00,14.603553792224503,0.0
2000-04-02 02:00:00,49.639443333452036,0.0
2000-04-02 02:15:00,60.89001717965313,0.0
2000-04-02 02:30:00,63.67567042177481,0.0
2000-04-02 02:45:00,58.75634715738593,0.0
2000-04-02 03:00:00,65.68188915345249,0.0
2000-04-02 03:15:00,70.64913091361552,0.0
2000-04-02 03:30:00,76.19652215286621,0.0
2000-04-02 03:45:00,67.4130579142178,0.0
2000-04-02 04:00:00,50.97954142703099,0.0
2000-04-02 04:15:00,57.71352408311517,0.0
2000-04-02 04:30:00,52.209211196781915,0.0
2000-04-02 04:45:00,60.52043459936198,0.0
2000-04-02 05:00:00,68.51104268001595,0.0
2000-04-02 05:15:00,71.3124838153699,0.0
2000-04-02 05:30:00,74.25792175938429,0.0
2000-04-02 05:45:00,75.5162318194499,0.0
2000-04-02 06:00:00,0.0,-0.0
2000-04-02 06:15:00,0.0,-0.0
2000-04-02 06:30:00,0.0,0.0
2000-04-02 06:45:00,0.0,0.0
2000-04-02 07:00:00,0.0,0.0
2000-04-02 07:15:00,0.0,0.0
2000-04-02 07:30:00,0.0,0.0
2000-04-02 07:45:00,0.0,0.0
2000-04-02 08:00:00,0.0,0.0
2000-04-02 08:15:00,0.0,0.0
2000-04-02 08:30:00,0.0,0.0
2000-04-02 08:45:00,0.0,0.0
2000-04-02 09:00:00,0.0,0.0
2000-04-02 09:15:00,0.0,0.0
2000-04-02 09:30:00,0.0,0.0
2000-04-02 09:45:00,0.0,0.0
2000-04-02 10:00:00,0.0,0.0
2000-04-02 10:15:00,0.0,0.0
2000-04-02 10:30:00,0.0,0.0
2000-04-02 10:45:00,0.0,0.0
2000-04-02 11:00:00,0.0,0.0
2000-04-02 11:15:00,0.0,0.0
2000-04-02 11:30:00,0.0,0.0
2000-04-02 11:45:00,0.0,0.0
2000-04-02 12:00:00,0.0,0.0
2000-04-02 12:15:00,0.0,0.0
2000-04-02 12:30:00,0.0,0.0
2000-04-02 12:45:00,0.0,0.0
2000-04-02 13:00:00,0.0,0.0
2000-04-02 13:15:00,0.0,0.0
2000-04-02 13:30:00,0.0,0.0
2000-04-02 13:45:00,0.0,0.0
2000-04-02 14:00:00,0.0,0.0
2000-04-02 14:15:00,0.0,0.0
2000-04-02 14:30:00,0.0,0.0
2000-04-02 14:45:00,0.0,0.0
2000-04-02 15:00:00,0.0,0.0
2000-04-02 15:15:00,0.0,0.0
2000-04-02 15:30:00,0.0,0.0
2000-04-02 15:45:00,0.0,0.0
2000-04-02 16:00:00,0.0,0.0
2000-04-02 16:15:00,0.0,0.0
2000-04-02 16:30:00,0.0,0.0
2000-04-02 16:45:00,0.0,0.0
2000-04-02 17:00:00,0.0,0.0
2000-04-02 17:15:00,0.0,0.0
2000-04-02 17:30:00,0.0,0.0
2000-04-02 17:45:00,0.0,0.0
2000-04-02 18:00:00,0.0,43.27995277145819
2000-04-02 18:15:00,0.0,43.00198078484594
2000-04-02 18:30:00,0.0,44.83518419655081
2000-04-02 18:45:00,0.0,60.147539187130235
2000-04-02 19:00:00,0.0,54.903357263585875
2000-04-02 19:15:00,0.0,60.999100569600856
2000-04-02 19:30:00,0.0,87.65459320882923
2000-04-02 19:45:00,0.0,92.92142765319349
2000-04-02 20:00:00,0.0,138.15661782814374
2000-04-02 20:15:00,0.0,158.13093366680658
2000-04-02 20:30:00,0.0,56.93654077900119
2000-04-02 20:45:00,0.0,127.3893669061573
2000-04-02 21:00:00,0.0,5.326236694828964
2000-04-02 21:15:00,0.0,91.17536200489559
2000-04-02 21:30:00,0.0,99.91316803998431
2000-04-02 21:45:00,0.0,1.9806384449872838
2000-04-02 22:00:00,0.0,0.0
2000-04-02 22:15:00,0.0,0.0
2000-04-02 22:30:00,0.0,0.0
2000-04-02 22:45:00,0.0,0.0
2000-04-02 23:00:00,0.0,-0.0
2000-04-02 23:15:00,0.0,-0.0
2000-04-02 23:30:00,0.0,-0.0
2000-04-02 23:45:00,0.0,-0.0
2000-04-03 00:00:00,0.0,0.0
2000-04-03 00:15:00,0.0,0.0
2000-04-03 00:30:00,0.0,0.0
2000-04-03 00:45:00,0.0,0.0
2000-04-03 01:00:00,0.0,0.0
2000-04-03 01:15:00,0.0,0.0
2000-04-03 01:30:00,0.0,0.0
2000-04-03 01:45:00,0.0,0.0
2000-04-03 02:00:00,0.0,0.0
2000-04-03 02:15:00,0.0,0.0
2000-04-03 02:30:00,0.0,0.0
2000-04-03 02:45:00,0.0,0.0
2000-04-03 03:00:00,0.0,0.0
2000-04-03 03:15:00,0.0,0.0
2000-04-03 03:30:00,0.0,0.0
2000-04-03 03:45:00,150.76335959769818,0.0
2000-04-03 04:00:00,0.0,0.0
2000-04-03 04:15:00,191.89999999999998,0.0
2000-04-03 04:30:00,186.5200033093531,0.0
2000-04-03 04:45:00,0.0,0.0
2000-04-03 05:00:00,191.89999999999998,0.0
2000-04-03 05:15:00,187.91663709294872,0.0
2000-04-03 05:30:00,191.89999999999998,0.0
2000-04-03 05:45:00,191.89999999999998,0.0
2000-04-03 06:00:00,0.0,-0.0
2000-04-03 06:15:00,0.0,-0.0
2000-04-03 06:30:00,0.0,0.0
2000-04-03 06:45:00,0.0,0.0
2000-04-03 07:00:00,0.0,0.0
2000-04-03 07:15:00,0.0,0.0
2000-04-03 07:30:00,0.0,0.0
2000-04-03 07:45:00,0.0,0.0
2000-04-03 08:00:00,0.0,0.0
2000-04-03 08:15:00,0.0,0.0
2000-04-03 08:30:00,0.0,0.0
2000-04-03 08:45:00,0.0,0.0
2000-04-03 09:00:00,0.0,0.0
2000-04-03 09:15:00,0.0,0.0
2000-04-03 09:30:00,0.0,0.0
2000-04-03 09:45:00,0.0,0.0
2000-04-03 10:00:00,0.0,0.0
2000-04-03 10:15:00,0.0,0.0
2000-04-03 10:30:00,0.0,0.0
2000-04-03 10:45:00,0.0,0.0
2000-04-03 11:00:00,0.0,0.0
2000-04-03 11:15:00,0.0,0.0
2000-04-03 11:30:00,0.0,0.0
2000-04-03 11:45:00,0.0,0.0
2000-04-03 12:00:00,0.0,0.0
2000-04-03 12:15:00,0.0,0.0
2000-04-03 12:30:00,0.0,0.0
2000-04-03 12:45:00,0.0,0.0
2000-04-03 13:00:00,0.0,0.0
2000-04-03 13:15:00,0.0,0.0
2000-04-03 13:30:00,0.0,0.0
2000-04-03 13:45:00,0.0,0.0
2000-04-03 14:00:00,0.0,0.0
2000-04-03 14:15:00,0.0,0.0
2000-04-03 14:30:00,0.0,0.0
2000-04-03 14:45:00,0.0,0.0
2000-04-03 15:00:00,0.0,0.0
2000-04-03 15:15:00,0.0,0.0
2000-04-03 15:30:00,0.0,0.0
2000-04-03 15:45:00,0.0,0.0
2000-04-03 16:00:00,0.0,0.0
2000-04-03 16:15:00,0.0,0.0
2000-04-03 16:30:00,0.0,0.0
2000-04-03 16:45:00,0.0,0.0
2000-04-03 17:00:00,0.0,0.0
2000-04-03 17:15:00,-0.0,0.0
2000-04-03 17:30:00,0.0,0.0
2000-04-03 17:45:00,0.0,0.0
2000-04-03 18:00:00,0.0,52.34192219934163
2000-04-03 18:15:00,0.0,63.08320597136737
2000-04-03 18:30:00,0.0,110.57433087097888
2000-04-03 18:45:00,0.0,85.31183698681991
2000-04-03 19:00:00,0.0,143.76326309808036
2000-04-03 19:15:00,0.0,121.72893418275669
2000-04-03 19:30:00,0.0,98.42840121418885
2000-04-03 19:45:00,0.0,154.1730147414833
2000-04-03 20:00:00,0.0,84.22515046648874
2000-04-03 20:15:00,0.0,61.08074603315316
2000-04-03 20:30:00,0.0,52.24568905277283
2000-04-03 20:45:00,0.0,39.01675438376486
2000-04-03 21:00:00,0.0,82.73009402701018
2000-04-03 21:15:00,0.0,18.048656771792707
2000-04-03 21:30:00,0.0,0.0
2000-04-03 21:45:00,0.0,0.0
2000-04-03 22:00:00,-0.0,0.0
2000-04-03 22:15:00,-0.0,0.0
2000-04-03 22:30:00,0.0,0.0
2000-04-03 22:45:00,0.0,0.0
2000-04-03 23:00:00,0.0,-0.0
2000-04-03 23:15:00,0.0,0.0
2000-04-03 23:30:00,0.0,-0.0
2000-04-03 23:45:00,0.0,-0.0
2000-04-04 00:00:00,-0.0,0.0
2000-04-04 00:15:00,0.0,0.0
2000-04-04 00:30:00,0.0,0.0
2000-04-04 00:45:00,0.0,0.0
2000-04-04 01:00:00,0.0,0.0
2000-04-04 01:15:00,0.0,0.0
2000-04-04 01:30:00,0.0,0.0
2000-04-04 01:45:00,-0.0,0.0
2000-04-04 02:00:00,0.0,0.0
2000-04-04 02:15:00,-0.0,0.0
2000-04-04 02:30:00,157.61737246354588,0.0
2000-04-04 02:45:00,0.0,0.0
2000-04-04 03:00:00,0.0,0.0
2000-04-04 03:15:00,0.0,0.0
2000-04-04 03:30:00,0.0,0.0
2000-04-04 03:45:00,0.0,0.0
2000-04-04 04:00:00,159.29558288933168,0.0
2000-04-04 04:15:00,157.96630121196358,0.0
2000-04-04 04:30:00,151.53512597057755,0.0
2000-04-04 04:45:00,149.99687557146046,0.0
2000-04-04 05:00:00,154.85586500818403,0.0
2000-04-04 05:15:00,45.036646613015556,0.0
2000-04-04 05:30:00,157.75813665048312,0.0
2000-04-04 05:45:00,158.73809362143783,0.0
2000-04-04 06:00:00,0.0,-0.0
2000-04-04 06:15:00,0.0,0.0
2000-04-04 06:30:00,0.0,-0.0
2000-04-04 06:45:00,0.0,0.0
2000-04-04 07:00:00,0.0,-0.0
2000-04-04 07:15:00,0.0,0.0
2000-04-04 07:30:00,0.0,0.0
2000-04-04 07:45:00,0.0,0.0
2000-04-04 08:00:00,0.0,0.0
2000-04-04 08:15:00,0.0,0.0
2000-04-04 08:30:00,0.0,0.0
2000-04-04 08:45:00,0.0,0.0
2000-04-04 09:00:00,0.0,0.0
2000-04-04 09:15:00,0.0,0.0
2000-04-04 09:30:00,0.0,0.0
2000-04-04 09:45:00,0.0,0.0
2000-04-04 10:00:00,0.0,0.0
2000-04-04 10:15:00,0.0,0.0
2000-04-04 10:30:00,0.0,0.0
2000-04-04 10:45:00,0.0,0.0
2000-04-04 11:00:00,0.0,0.0
2000-04-04 11:15:00,0.0,0.0
2000-04-04 11:30:00,0.0,0.0
2000-04-04 11:45:00,0.0,0.0
2000-04-04 12:00:00,0.0,0.0
2000-04-04 12:15:00,0.0,0.0
2000-04-04 12:30:00,0.0,0.0
2000-04-04 12:45:00,0.0,0.0
2000-04-04 13:00:00,0.0,0.0
2000-04-04 13:15:00,0.0,0.0
2000-04-04 13:30:00,0.0,0.0
2000-04-04 13:45:00,0.0,0.0
2000-04-04 14:00:00,0.0,0.0
2000-04-04 14:15:00,0.0,0.0
2000-04-04 14:30:00,0.0,0.0
2000-04-04 14:45:00,0.0,0.0
2000-04-04 15:00:00,0.0,0.0
2000-04-04 15:15:00,0.0,0.0
2000-04-04 15:30:00,0.0,0.0
2000-04-04 15:45:00,0.0,0.0
2000-04-04 16:00:00,0.0,0.0
2000-04-04 16:15:00,0.0,0.0
2000-04-04 16:30:00,0.0,0.0
2000-04-04 16:45:00,0.0,0.0
2000-04-04 17:00:00,0.0,0.0
2000-04-04 17:15:00,0.0,0.0
2000-04-04 17:30:00,0.0,0.0
2000-04-04 17:45:00,0.0,0.0
2000-04-04 18:00:00,0.0,55.21610397337244
2000-04-04 18:15:00,0.0,62.224723889669534
2000-04-04 18:30:00,0.0,67.60580568976218
2000-04-04 18:45:00,0.0,73.75604438719606
2000-04-04 19:00:00,0.0,127.05452386862608
2000-04-04 19:15:00,0.0,139.55663687823048
2000-04-04 19:30:00,0.0,99.90495024283466
2000-04-04 19:45:00,0.0,103.65590028249291
2000-04-04 20:00:00,0.0,82.31072942300575
2000-04-04 20:15:00,0.0,91.34797752069947
2000-04-04 20:30:00,0.0,124.41165616922274
2000-04-04 20:45:00,0.0,9.5633627199602
2000-04-04 21:00:00,0.0,0.0
2000-04-04 21:15:00,0.0,0.0
2000-04-04 21:30:00,0.0,130.14358495492735
2000-04-04 21:45:00,0.0,-0.0
2000-04-04 22:00:00,21.782268191752276,0.0
2000-04-04 22:15:00,0.0,19.658497043056432
2000-04-04 22:30:00,0.0,0.0
2000-04-04 22:45:00,10.346078119942012,0.0
2000-04-04 23:00:00,0.0,9.337335503247658
2000-04-04 23:15:00,0.0,0.0
2000-04-04 23:30:00,0.0,0.0
2000-04-04 23:45:00,0.0,-0.0
2000-04-05 00:00:00,0.0,0.0
2000-04-05 00:15:00,0.0,0.0
2000-04-05 00:30:00,0.0,0.0
2000-04-05 00:45:00,0.0,0.0
2000-04-05 01:00:00,0.0,0.0
2000-04-05 01:15:00,0.0,0.0
2000-04-05 01:30:00,0.0,0.0
2000-04-05 01:45:00,0.0,0.0
2000-04-05 02:00:00,0.0,0.0
2000-04-05 02:15:00,0.0,0.0
2000-04-05 02:30:00,0.0,0.0
2000-04-05 02:45:00,191.89999999999998,0.0
2000-04-05 03:00:00,191.89999999999998,0.0
2000-04-05 03:15:00,191.89999999999998,0.0
2000-04-05 03:30:00,0.0,0.0
2000-04-05 03:45:00,0.0,0.0
2000-04-05 04:00:00,0.0,0.0
2000-04-05 04:15:00,191.89999999999998,0.0
2000-04-05 04:30:00,151.89327306915067,0.0
2000-04-05 04:45:00,0.0,0.0
2000-04-05 05:00:00,0.0,0.0
2000-04-05 05:15:00,0.0,0.0
2000-04-05 05:30:00,191.89999999999998,0.0
2000-04-05 05:45:00,181.40672693084943,0.0
2000-04-05 06:00:00,0.0,-0.0
2000-04-05 06:15:00,0.0,-0.0
2000-04-05 06:30:00,0.0,-0.0
2000-04-05 06:45:00,0.0,0.0
2000-04-05 07:00:00,0.0,-0.0
2000-04-05 07:15:00,0.0,0.0
2000-04-05 07:30:00,0.0,0.0
2000-04-05 07:45:00,0.0,0.0
2000-04-05 08:00:00,0.0,0.0
2000-04-05 08:15:00,0.0,0.0
2000-04-05 08:30:00,0.0,0.0
2000-04-05 08:45:00,0.0,0.0
2000-04-05 09:00:00,0.0,0.0
2000-04-05 09:15:00,0.0,0.0
2000-04-05 09:30:00,0.0,0.0
2000-04-05 09:45:00,0.0,0.0
2000-04-05 10:00:00,0.0,0.0
2000-04-05 10:15:00,0.0,0.0
2000-04-05 10:30:00,0.0,0.0
2000-04-05 10:45:00,0.0,0.0
2000-04-05 11:00:00,0.0,0.0
2000-04-05 11:15:00,0.0,0.0
2000-04-05 11:30:00,0.0,0.0
2000-04-05 11:45:00,0.0,0.0
2000-04-05 12:00:00,0.0,0.0
2000-04-05 12:15:00,0.0,0.0
2000-04-05 12:30:00,0.0,0.0
2000-04-05 12:45:00,0.0,0.0
2000-04-05 13:00:00,0.0,0.0
2000-04-05 13:15:00,0.0,0.0
2000-04-05 13:30:00,0.0,0.0
2000-04-05 13:45:00,0.0,0.0
2000-04-05 14:00:00,0.0,0.0
2000-04-05 14:15:00,0.0,0.0
2000-04-05 14:30:00,0.0,0.0
2000-04-05 14:45:00,0.0,0.0
2000-04-05 15:00:00,0.0,0.0
2000-04-05 15:15:00,0.0,0.0
2000-04-05 15:30:00,0.0,0.0
2000-04-05 15:45:00,0.0,0.0
2000-04-05 16:00:00,0.0,0.0
2000-04-05 16:15:00,0.0,0.0
2000-04-05 16:30:00,0.0,0.0
2000-04-05 16:45:00,0.0,0.0
2000-04-05 17:00:00,0.0,0.0
2000-04-05 17:15:00,0.0,0.0
2000-04-05 17:30:00,0.0,0.0
2000-04-05 17:45:00,0.0,0.0
2000-04-05 18:00:00,0.0,151.95540228862956
2000-04-05 18:15:00,0.0,187.09412967979532
2000-04-05 18:30:00,0.0,0.0
2000-04-05 18:45:00,0.0,0.0
2000-04-05 19:00:00,0.0,0.0
2000-04-05 19:15:00,0.0,110.49758434072021
2000-04-05 19:30:00,0.0,0.0
2000-04-05 19:45:00,0.0,0.0
2000-04-05 20:00:00,0.0,5.284560501953877
2000-04-05 20:15:00,0.0,123.34715918819319
2000-04-05 20:30:00,0.0,125.56562808113983
2000-04-05 20:45:00,0.0,96.1057597804176
2000-04-05 21:00:00,0.0,73.79900138610225
2000-04-05 21:15:00,0.0,100.26192117617802
2000-04-05 21:30:00,0.0,106.59884864253542
2000-04-05 21:45:00,0.0,63.473974887839574
2000-04-05 22:00:00,0.0,22.768030046494886
2000-04-05 22:15:00,-0.0,0.0
2000-04-05 22:30:00,0.0,0.0
2000-04-05 22:45:00,-0.0,0.0
2000-04-05 23:00:00,0.0,0.0
2000-04-05 23:15:00,0.0,0.0
2000-04-05 23:30:00,0.0,-0.0
2000-04-05 23:45:00,0.0,-0.0
2000-04-06 00:00:00,-0.0,0.0
2000-04-06 00:15:00,-0.0,0.0
2000-04-06 00:30:00,0.0,0.0
2000-04-06 00:45:00,0.0,0.0
2000-04-06 01:00:00,-0.0,0.0
2000-04-06 01:15:00,0.0,0.0
2000-04-06 01:30:00,0.0,0.0
2000-04-06 01:45:00,0.0,0.0
2000-04-06 02:00:00,108.70230137588368,0.0
2000-04-06 02:15:00,0.0,0.0
2000-04-06 02:30:00,113.8958186424059,0.0
2000-04-06 02:45:00,110.13635919061487,0.0
2000-04-06 03:00:00,20.621520154902974,0.0
2000-04-06 03:15:00,0.0,0.0
2000-04-06 03:30:00,67.26651697234905,0.0
2000-04-06 03:45:00,72.52245048551082,0.0
2000-04-06 04:00:00,100.99579824335136,0.0
2000-04-06 04:15:00,100.67557799150721,0.0
2000-04-06 04:30:00,88.73739355511046,0.0
2000-04-06 04:45:00,86.18584986508404,0.0
2000-04-06 05:00:00,90.95986296727595,0.0
2000-04-06 05:15:00,107.11346087424467,0.0
2000-04-06 05:30:00,113.05529017711052,0.0
2000-04-06 05:45:00,111.93179950464855,0.0
2000-04-06 06:00:00,0.0,-0.0
2000-04-06 06:15:00,0.0,0.0
2000-04-06 06:30:00,0.0,-0.0
2000-04-06 06:45:00,0.0,-0.0
2000-04-06 07:00:00,0.0,0.0
2000-04-06 07:15:00,0.0,0.0
2000-04-06 07:30:00,0.0,0.0
2000-04-06 07:45:00,0.0,0.0
2000-04-06 08:00:00,0.0,0.0
2000-04-06 08:15:00,0.0,0.0
2000-04-06 08:30:00,0.0,0.0
2000-04-06 08:45:00,0.0,0.0
2000-04-06 09:00:00,0.0,0.0
2000-04-06 09:15:00,0.0,0.0
2000-04-06 09:30:00,0.0,0.0
2000-04-06 09:45:00,0.0,0.0
2000-04-06 10:00:00,0.0,0.0
2000-04-06 10:15:00,0.0,0.0
2000-04-06 10:30:00,0.0,0.0
2000-04-06 10:45:00,0.0,0.0
2000-04-06 11:00:00,0.0,0.0
2000-04-06 11:15:00,0.0,0.0
2000-04-06 11:30:00,0.0,0.0
2000-04-06 11:45:00,0.0,0.0
2000-04-06 12:00:00,0.0,0.0
2000-04-06 12:15:00,0.0,0.0
2000-04-06 12:30:00,0.0,0.0
2000-04-06 12:45:00,0.0,0.0
2000-04-06 13:00:00,0.0,0.0
2000-04-06 13:15:00,0.0,0.0
2000-04-06 13:30:00,0.0,0.0
2000-04-06 13:45:00,0.0,0.0
2000-04-06 14:00:00,0.0,0.0
2000-04-06 14:15:00,0.0,0.0
2000-04-06 14:30:00,0.0,0.0
2000-04-06 14:45:00,0.0,0.0
2000-04-06 15:00:00,0.0,0.0
2000-04-06 15:15:00,0.0,0.0
2000-04-06 15:30:00,0.0,0.0
2000-04-06 15:45:00,0.0,0.0
2000-04-06 16:00:00,0.0,0.0
2000-04-06 16:15:00,0.0,0.0
2000-04-06 16:30:00,0.0,0.0
2000-04-06 16:45:00,0.0,0.0
2000-04-06 17:00:00,0.0,0.0
2000-04-06 17:15:00,0.0,0.0
2000-04-06 17:30:00,0.0,0.0
2000-04-06 17:45:00,0.0,0.0
2000-04-06 18:00:00,0.0,30.327262165214385
2000-04-06 18:15:00,0.0,28.75533917459464
2000-04-06 18:30:00,0.0,31.10441792357084
2000-04-06 18:45:00,0.0,70.60612848552805
2000-04-06 19:00:00,0.0,108.51432900420262
2000-04-06 19:15:00,0.0,98.31578083249394
2000-04-06 19:30:00,0.0,107.66608490220564
2000-04-06 19:45:00,0.0,0.0
2000-04-06 20:00:00,0.0,0.0
2000-04-06 20:15:00,0.0,20.477256959957543
2000-04-06 20:30:00,0.0,187.4897728721374
2000-04-06 20:45:00,0.0,117.83058079538748
2000-04-06 21:00:00,0.0,191.89999999999998
2000-04-06 21:15:00,0.0,0.0
2000-04-06 21:30:00,0.0,0.0
2000-04-06 21:45:00,0.0,111.77562974334684
2000-04-06 22:00:00,0.0,61.989417141360406
2000-04-06 22:15:00,0.0,-0.0
2000-04-06 22:30:00,0.0,0.0
2000-04-06 22:45:00,0.0,0.0
2000-04-06 23:00:00,0.0,0.0
2000-04-06 23:15:00,0.0,0.0
2000-04-06 23:30:00,0.0,-0.0
2000-04-06 23:45:00,0.0,-0.0
2000-04-07 00:00:00,-0.0,0.0
2000-04-07 00:15:00,0.0,0.0
2000-04-07 00:30:00,0.0,0.0
2000-04-07 00:45:00,29.958639860832424,0.0
2000-04-07 01:00:00,0.0,0.0
2000-04-07 01:15:00,0.0,0.0
2000-04-07 01:30:00,0.0,0.0
2000-04-07 01:45:00,48.204412128564385,0.0
2000-04-07 02:00:00,0.0,0.0
2000-04-07 02:15:00,0.0,0.0
2000-04-07 02:30:00,0.0,0.0
2000-04-07 02:45:00,0.0,0.0
2000-04-07 03:00:00,87.0087822732228,0.0
2000-04-07 03:15:00,83.90423129278808,0.0
2000-04-07 03:30:00,91.63067586036102,0.0
2000-04-07 03:45:00,103.12842178515886,0.0
2000-04-07 04:00:00,111.71500342127717,0.0
2000-04-07 04:15:00,107.15791479598803,0.0
2000-04-07 04:30:00,108.98204304236478,0.0
2000-04-07 04:45:00,105.39966282522084,0.0
2000-04-07 05:00:00,101.77055209105717,0.0
2000-04-07 05:15:00,103.00864323026966,0.0
2000-04-07 05:30:00,105.43922289126932,0.0
2000-04-07 05:45:00,105.49179450162515,0.0
2000-04-07 06:00:00,0.0,-0.0
2000-04-07 06:15:00,0.0,0.0
2000-04-07 06:30:00,0.0,0.0
2000-04-07 06:45:00,0.0,0.0
2000-04-07 07:00:00,0.0,0.0
2000-04-07 07:15:00,0.0,0.0
2000-04-07 07:30:00,0.0,0.0
2000-04-07 07:45:00,0.0,0.0
2000-04-07 08:00:00,0.0,0.0
2000-04-07 08:15:00,0.0,0.0
2000-04-07 08:30:00,0.0,0.0
2000-04-07 08:45:00,0.0,0.0
2000-04-07 09:00:00,0.0,0.0
2000-04-07 09:15:00,0.0,0.0
2000-04-07 09:30:00,0.0,0.0
2000-04-07 09:45:00,0.0,0.0
2000-04-07 10:00:00,0.0,0.0
2000-04-07 10:15:00,0.0,0.0
2000-04-07 10:30:00,0.0,0.0
2000-04-07 10:45:00,0.0,0.0
2000-04-07 11:00:00,0.0,0.0
2000-04-07 11:15:00,0.0,0.0
2000-04-07 11:30:00,0.0,0.0
2000-04-07 11:45:00,0.0,0.0
2000-04-07 12:00:00,0.0,0.0
2000-04-07 12:15:00,0.0,0.0
2000-04-07 12:30:00,0.0,0.0
2000-04-07 12:45:00,0.0,0.0
2000-04-07 13:00:00,0.0,0.0
2000-04-07 13:15:00,0.0,0.0
2000-04-07 13:30:00,0.0,0.0
2000-04-07 13:45:00,0.0,0.0
2000-04-07 14:00:00,0.0,0.0
2000-04-07 14:15:00,0.0,0.0
2000-04-07 14:30:00,0.0,0.0
2000-04-07 14:45:00,0.0,0.0
2000-04-07 15:00:00,0.0,0.0
2000-04-07 15:15:00,0.0,0.0
2000-04-07 15:30:00,0.0,0.0
2000-04-07 15:45:00,0.0,0.0
2000-04-07 16:00:00,0.0,0.0
2000-04-07 16:15:00,0.0,0.0
2000-04-07 16:30:00,0.0,0.0
2000-04-07 16:45:00,0.0,0.0
2000-04-07 17:00:00,0.0,0.0
2000-04-07 17:15:00,0.0,0.0
2000-04-07 17:30:00,0.0,0.0
2000-04-07 17:45:00,0.0,0.0
2000-04-07 18:00:00,0.0,81.00480559839554
2000-04-07 18:15:00,0.0,115.7025065178492
2000-04-07 18:30:00,0.0,191.89999999999998
2000-04-07 18:45:00,0.0,127.72895647969494
2000-04-07 19:00:00,0.0,189.605765392563
2000-04-07 19:15:00,0.0,191.89999999999998
2000-04-07 19:30:00,0.0,72.47897801270727
2000-04-07 19:45:00,0.0,42.6555328236397
2000-04-07 20:00:00,0.0,17.244979470381878
2000-04-07 20:15:00,0.0,15.375184307514957
2000-04-07 20:30:00,0.0,62.948165949591555
2000-04-07 20:45:00,0.0,35.07291774158716
2000-04-07 21:00:00,0.0,0.0
2000-04-07 21:15:00,0.0,0.0
2000-04-07 21:30:00,0.0,0.0
2000-04-07 21:45:00,0.0,0.0
2000-04-07 22:00:00,0.0,23.134207706074847
2000-04-07 22:15:00,0.0,-0.0
2000-04-07 22:30:00,0.0,0.0
2000-04-07 22:45:00,0.0,0.0
2000-04-07 23:00:00,0.0,-0.0
2000-04-07 23:15:00,0.0,-0.0
2000-04-07 23:30:00,0.0,0.0
2000-04-07 23:45:00,0.0,-0.0
2000-04-08 00:00:00,0.0,0.0
2000-04-08 00:15:00,0.0,0.0
2000-04-08 00:30:00,0.0,0.0
2000-04-08 00:45:00,0.0,0.0
2000-04-08 01:00:00,0.0,0.0
2000-04-08 01:15:00,0.0,0.0
2000-04-08 01:30:00,0.0,0.0
2000-04-08 01:45:00,0.0,0.0
2000-04-08 02:00:00,0.0,0.0
2000-04-08 02:15:00,0.0,0.0
2000-04-08 02:30:00,0.0,0.0
2000-04-08 02:45:00,141.71790818498266,0.0
2000-04-08 03:00:00,0.0,0.0
2000-04-08 03:15:00,0.0,0.0
2000-04-08 03:30:00,83.56379969988774,0.0
2000-04-08 03:45:00,0.0,0.0
2000-04-08 04:00:00,136.52671450913195,0.0
2000-04-08 04:15:00,138.930319160001,0.0
2000-04-08 04:30:00,138.70992858833628,0.0
2000-04-08 04:45:00,136.17702469425672,0.0
2000-04-08 05:00:00,139.47049419508812,0.0
2000-04-08 05:15:00,135.32071459729767,0.0
2000-04-08 05:30:00,137.11465727308553,0.0
2000-04-08 05:45:00,105.2684390979322,0.0
2000-04-08 06:00:00,0.0,-0.0
2000-04-08 06:15:00,0.0,-0.0
2000-04-08 06:30:00,0.0,0.0
2000-04-08 06:45:00,0.0,0.0
2000-04-08 07:00:00,0.0,-0.0
2000-04-08 07:15:00,0.0,20.05026769223835
2000-04-08 07:30:00,0.0,0.0
2000-04-08 07:45:00,0.0,0.0
2000-04-08 08:00:00,0.0,0.0
2000-04-08 08:15:00,0.0,0.0
2000-04-08 08:30:00,0.0,0.0
2000-04-08 08:45:00,0.0,0.0
2000-04-08 09:00:00,0.0,0.0
2000-04-08 09:15:00,0.0,0.0
2000-04-08 09:30:00,0.0,0.0
2000-04-08 09:45:00,0.0,0.0
2000-04-08 10:00:00,0.0,0.0
2000-04-08 10:15:00,0.0,0.0
2000-04-08 10:30:00,0.0,0.0
2000-04-08 10:45:00,0.0,0.0
2000-04-08 11:00:00,0.0,0.0
2000-04-08 11:15:00,0.0,0.0
2000-04-08 11:30:00,0.0,0.0
2000-04-08 11:45:00,0.0,0.0
2000-04-08 12:00:00,0.0,0.0
2000-04-08 12:15:00,0.0,0.0
2000-04-08 12:30:00,0.0,0.0
2000-04-08 12:45:00,0.0,0.0
2000-04-08 13:00:00,0.0,0.0
2000-04-08 13:15:00,0.0,0.0
2000-04-08 13:30:00,0.0,0.0
2000-04-08 13:45:00,0.0,0.0
2000-04-08 14:00:00,0.0,0.0
2000-04-08 14:15:00,0.0,0.0
2000-04-08 14:30:00,0.0,0.0
2000-04-08 14:45:00,0.0,0.0
2000-04-08 15:00:00,0.0,0.0
2000-04-08 15:15:00,0.0,0.0
2000-04-08 15:30:00,0.0,0.0
2000-04-08 15:45:00,0.0,0.0
2000-04-08 16:00:00,0.0,0.0
2000-04-08 16:15:00,0.0,0.0
2000-04-08 16:30:00,0.0,0.0
2000-04-08 16:45:00,22.216363093893005,0.0
2000-04-08 17:00:00,0.0,0.0
2000-04-08 17:15:00,0.0,7.12536539711931
2000-04-08 17:30:00,0.6930570806682412,0.0
2000-04-08 17:45:00,7.20208463359134,0.0
2000-04-08 18:00:00,0.0,0.0
2000-04-08 18:15:00,0.0,172.73773943323553
2000-04-08 18:30:00,0.0,42.94778073943911
2000-04-08 18:45:00,0.0,67.07713602064763
2000-04-08 19:00:00,0.0,112.58776722631586
2000-04-08 19:15:00,0.0,55.11983599130784
2000-04-08 19:30:00,0.0,57.56461840380973
2000-04-08 19:45:00,0.0,81.85896173694508
2000-04-08 20:00:00,0.0,37.69774348944259
2000-04-08 20:15:00,0.0,16.921287899390563
2000-04-08 20:30:00,0.0,129.46874349998987
2000-04-08 20:45:00,0.0,151.04420293775095
2000-04-08 21:00:00,0.0,100.60324828841115
2000-04-08 21:15:00,0.0,66.13772653342971
2000-04-08 21:30:00,0.0,50.50204891548992
2000-04-08 21:45:00,0.0,24.48315888439444
2000-04-08 22:00:00,0.0,0.0
2000-04-08 22:15:00,0.0,0.0
2000-04-08 22:30:00,0.0,0.0
2000-04-08 22:45:00,0.0,0.0
2000-04-08 23:00:00,0.0,0.0
2000-04-08 23:15:00,0.0,0.0
2000-04-08 23:30:00,0.0,0.0
2000-04-08 23:45:00,0.0,-0.0
2000-04-09 00:00:00,50.981087158384106,0.0
2000-04-09 00:15:00,57.622504231859864,0.0
2000-04-09 00:30:00,65.12595590589478,0.0
2000-04-09 00:45:00,66.47809990588448,0.0
2000-04-09 01:00:00,56.97603416389842,0.0
2000-04-09 01:15:00,54.01525064079673,0.0
2000-04-09 01:30:00,67.08778559590503,0.0
2000-04-09 01:45:00,57.84492193211522,0.0
2000-04-09 02:00:00,60.420766720097035,0.0
2000-04-09 02:15:00,54.748332312029135,0.0
2000-04-09 02:30:00,68.13494463441053,0.0
2000-04-09 02:45:00,64.60009646813415,0.0
2000-04-09 03:00:00,62.12692530056304,0.0
2000-04-09 03:15:00,65.35803187357982,0.0
2000-04-09 03:30:00,55.40009785276416,0.0
2000-04-09 03:45:00,67.88116239178066,0.0
2000-04-09 04:00:00,68.66178335647248,0.0
2000-04-09 04:15:00,57.099125576309284,0.0
2000-04-09 04:30:00,49.63386313522837,0.0
2000-04-09 04:45:00,41.2817831071687,0.0
2000-04-09 05:00:00,25.03863224529239,0.0
2000-04-09 05:15:00,34.1917436430977,0.0
2000-04-09 05:30:00,42.091071848334636,0.0
2000-04-09 05:45:00,0.0,32.749790473097676
2000-04-09 06:00:00,0.0,0.0
2000-04-09 06:15:00,0.0,0.0
2000-04-09 06:30:00,0.0,4.501478634923259
2000-04-09 06:45:00,0.0,0.23973823361633606
2000-04-09 07:00:00,0.0,0.0
2000-04-09 07:15:00,0.0,0.0
2000-04-09 07:30:00,0.0,0.0
2000-04-09 07:45:00,0.0,0.0
2000-04-09 08:00:00,0.0,0.0
2000-04-09 08:15:00,0.0,0.0
2000-04-09 08:30:00,0.0,0.0
2000-04-09 08:45:00,0.0,0.0
2000-04-09 09:00:00,0.0,0.0
2000-04-09 09:15:00,0.0,0.0
2000-04-09 09:30:00,0.0,0.0
2000-04-09 09:45:00,0.0,0.0
2000-04-09 10:00:00,0.0,0.0
2000-04-09 10:15:00,0.0,0.0
2000-04-09 10:30:00,0.0,0.0
2000-04-09 10:45:00,0.0,0.0
2000-04-09 11:00:00,0.0,0.0
2000-04-09 11:15:00,0.0,0.0
2000-04-09 11:30:00,0.0,0.0
2000-04-09 11:45:00,0.0,0.0
2000-04-09 12:00:00,0.0,0.0
2000-04-09 12:15:00,0.0,0.0
2000-04-09 12:30:00,0.0,0.0
2000-04-09 12:45:00,0.0,0.0
2000-04-09 13:00:00,0.0,0.0
2000-04-09 13:15:00,0.0,0.0
2000-04-09 13:30:00,0.0,0.0
2000-04-09 13:45:00,0.0,0.0
2000-04-09 14:00:00,0.0,0.0
2000-04-09 14:15:00,0.0,0.0
2000-04-09 14:30:00,0.0,0.0
2000-04-09 14:45:00,0.0,0.0
2000-04-09 15:00:00,0.0,0.0
2000-04-09 15:15:00,0.0,0.0
2000-04-09 15:30:00,0.0,0.0
2000-04-09 15:45:00,0.0,0.0
2000-04-09 16:00:00,0.0,0.0
2000-04-09 16:15:00,0.0,0.0
2000-04-09 16:30:00,0.0,0.0
2000-04-09 16:45:00,41.54128237300555,0.0
2000-04-09 17:00:00,0.0,0.0
2000-04-09 17:15:00,0.0,0.0
2000-04-09 17:30:00,0.0,0.0
2000-04-09 17:45:00,0.0,0.0
2000-04-09 18:00:00,0.0,32.89871190659325
2000-04-09 18:15:00,0.0,42.838195639718606
2000-04-09 18:30:00,0.0,111.39429156861414
2000-04-09 18:45:00,0.0,47.88994555996355
2000-04-09 19:00:00,0.0,58.582898271161866
2000-04-09 19:15:00,0.0,136.54081769999715
2000-04-09 19:30:00,0.0,59.30636348418837
2000-04-09 19:45:00,0.0,103.04712148268865
2000-04-09 20:00:00,0.0,100.20516142913473
2000-04-09 20:15:00,0.0,189.87229140512258
2000-04-09 20:30:00,0.0,66.11635747500105
2000-04-09 20:45:00,0.0,92.64328490776967
2000-04-09 21:00:00,0.0,0.0
2000-04-09 21:15:00,0.0,0.0
2000-04-09 21:30:00,0.0,125.41655917004634
2000-04-09 21:45:00,0.0,-0.0
2000-04-09 22:00:00,0.0,0.0
2000-04-09 22:15:00,0.0,0.0
2000-04-09 22:30:00,0.0,0.0
2000-04-09 22:45:00,0.0,0.0
2000-04-09 23:00:00,0.0,-0.0
2000-04-09 23:15:00,0.0,-0.0
2000-04-09 23:30:00,0.0,-0.0
2000-04-09 23:45:00,0.0,-0.0
