timestamp,charge_kw,discharge_kw
2000-01-01 00:00:00,0.0,0.0
2000-01-01 00:15:00,0.0,0.0
2000-01-01 00:30:00,0.0,0.0
2000-01-01 00:45:00,0.0,0.0
2000-01-01 01:00:00,0.0,0.0
2000-01-01 01:15:00,0.0,0.0
2000-01-01 01:30:00,0.0,0.0
2000-01-01 01:45:00,0.0,0.0
2000-01-01 02:00:00,0.0,0.0
2000-01-01 02:15:00,0.0,0.0
2000-01-01 02:30:00,0.0,0.0
2000-01-01 02:45:00,0.0,0.0
2000-01-01 03:00:00,0.0,0.0
2000-01-01 03:15:00,0.0,0.0
2000-01-01 03:30:00,0.0,0.0
2000-01-01 03:45:00,0.0,0.0
2000-01-01 04:00:00,0.0,0.0
2000-01-01 04:15:00,0.0,0.0
2000-01-01 04:30:00,0.0,0.0
2000-01-01 04:45:00,0.0,0.0
2000-01-01 05:00:00,0.0,0.0
2000-01-01 05:15:00,0.0,0.0
2000-01-01 05:30:00,0.0,0.0
2000-01-01 05:45:00,0.0,0.0
2000-01-01 06:00:00,0.0,0.0
2000-01-01 06:15:00,0.0,0.0
2000-01-01 06:30:00,0.0,0.0
2000-01-01 06:45:00,0.0,0.0
2000-01-01 07:00:00,0.0,0.0
2000-01-01 07:15:00,0.0,0.0
2000-01-01 07:30:00,0.0,0.0
2000-01-01 07:45:00,0.0,0.0
2000-01-01 08:00:00,0.0,0.0
2000-01-01 08:15:00,0.0,0.0
2000-01-01 08:30:00,0.0,0.0
2000-01-01 08:45:00,0.0,0.0
2000-01-01 09:00:00,0.0,0.0
2000-01-01 09:15:00,0.0,0.0
2000-01-01 09:30:00,0.0,0.0
2000-01-01 09:45:00,0.0,0.0
2000-01-01 10:00:00,0.0,0.0
2000-01-01 10:15:00,0.0,0.0
2000-01-01 10:30:00,0.0,0.0
2000-01-01 10:45:00,0.0,0.0
2000-01-01 11:00:00,0.0,0.0
2000-01-01 11:15:00,0.0,0.0
2000-01-01 11:30:00,0.0,0.0
2000-01-01 11:45:00,0.0,0.0
2000-01-01 12:00:00,0.0,0.0
2000-01-01 12:15:00,0.0,0.0
2000-01-01 12:30:00,0.0,0.0
2000-01-01 12:45:00,0.0,0.0
2000-01-01 13:00:00,0.0,0.0
2000-01-01 13:15:00,0.0,0.0
2000-01-01 13:30:00,0.0,0.0
2000-01-01 13:45:00,0.0,0.0
2000-01-01 14:00:00,0.0,0.0
2000-01-01 14:15:00,0.0,0.0
2000-01-01 14:30:00,0.0,0.0
2000-01-01 14:45:00,0.0,0.0
2000-01-01 15:00:00,0.0,0.0
2000-01-01 15:15:00,0.0,0.0
2000-01-01 15:30:00,0.0,0.0
2000-01-01 15:45:00,0.0,0.0
2000-01-01 16:00:00,0.0,0.0
2000-01-01 16:15:00,0.0,0.0
2000-01-01 16:30:00,0.0,0.0
2000-01-01 16:45:00,0.0,0.0
2000-01-01 17:00:00,0.0,0.0
2000-01-01 17:15:00,0.0,0.0
2000-01-01 17:30:00,0.0,0.0
2000-01-01 17:45:00,0.0,0.0
2000-01-01 18:00:00,0.0,0.0
2000-01-01 18:15:00,0.0,0.0
2000-01-01 18:30:00,0.0,0.0
2000-01-01 18:45:00,0.0,0.0
2000-01-01 19:00:00,0.0,0.0
2000-01-01 19:15:00,0.0,0.0
2000-01-01 19:30:00,0.0,0.0
2000-01-01 19:45:00,0.0,0.0
2000-01-01 20:00:00,0.0,0.0
2000-01-01 20:15:00,0.0,0.0
2000-01-01 20:30:00,0.0,0.0
2000-01-01 20:45:00,0.0,0.0
2000-01-01 21:00:00,0.0,0.0
2000-01-01 21:15:00,0.0,0.0
2000-01-01 21:30:00,0.0,0.0
2000-01-01 21:45:00,0.0,0.0
2000-01-01 22:00:00,0.0,0.0
2000-01-01 22:15:00,0.0,0.0
2000-01-01 22:30:00,0.0,0.0
2000-01-01 22:45:00,0.0,0.0
2000-01-01 23:00:00,0.0,0.0
2000-01-01 23:15:00,0.0,0.0
2000-01-01 23:30:00,0.0,0.0
2000-01-01 23:45:00,0.0,0.0
2000-01-02 00:00:00,0.0,0.0
2000-01-02 00:15:00,0.0,0.0
2000-01-02 00:30:00,0.0,0.0
2000-01-02 00:45:00,0.0,0.0
2000-01-02 01:00:00,0.0,0.0
2000-01-02 01:15:00,-0.0,0.0
2000-01-02 01:30:00,0.0,0.0
2000-01-02 01:45:00,0.0,0.0
2000-01-02 02:00:00,0.0,0.0
2000-01-02 02:15:00,0.0,0.0
2000-01-02 02:30:00,0.0,0.0
2000-01-02 02:45:00,-0.0,0.0
2000-01-02 03:00:00,0.0,0.0
2000-01-02 03:15:00,122.92935681481276,0.0
2000-01-02 03:30:00,121.55720569518765,0.0
2000-01-02 03:45:00,129.13111384595996,0.0
2000-01-02 04:00:00,127.12925958680091,0.0
2000-01-02 04:15:00,125.44619777083649,0.0
2000-01-02 04:30:00,21.469904548907117,0.0
2000-01-02 04:45:00,124.4019724897695,0.0
2000-01-02 05:00:00,135.0933030277777,0.0
2000-01-02 05:15:00,135.6653159827713,0.0
2000-01-02 05:30:00,130.73189042901993,0.0
2000-01-02 05:45:00,119.24447980815677,0.0
2000-01-02 06:00:00,0.0,-0.0
2000-01-02 06:15:00,0.0,0.5839910459672524
2000-01-02 06:30:00,0.0,0.0
2000-01-02 06:45:00,0.0,0.0
2000-01-02 07:00:00,0.0,0.0
2000-01-02 07:15:00,0.0,0.0
2000-01-02 07:30:00,0.0,0.0
2000-01-02 07:45:00,0.0,0.0
2000-01-02 08:00:00,0.0,0.0
2000-01-02 08:15:00,0.0,0.0
2000-01-02 08:30:00,0.0,0.0
2000-01-02 08:45:00,0.0,0.0
2000-01-02 09:00:00,0.0,0.0
2000-01-02 09:15:00,0.0,0.0
2000-01-02 09:30:00,0.0,0.0
2000-01-02 09:45:00,0.0,0.0
2000-01-02 10:00:00,0.0,0.0
2000-01-02 10:15:00,0.0,0.0
2000-01-02 10:30:00,0.0,0.0
2000-01-02 10:45:00,0.0,0.0
2000-01-02 11:00:00,0.0,0.0
2000-01-02 11:15:00,0.0,0.0
2000-01-02 11:30:00,0.0,0.0
2000-01-02 11:45:00,0.0,0.0
2000-01-02 12:00:00,0.0,0.0
2000-01-02 12:15:00,0.0,0.0
2000-01-02 12:30:00,0.0,0.0
2000-01-02 12:45:00,0.0,0.0
2000-01-02 13:00:00,0.0,0.0
2000-01-02 13:15:00,0.0,0.0
2000-01-02 13:30:00,0.0,0.0
2000-01-02 13:45:00,0.0,0.0
2000-01-02 14:00:00,0.0,0.0
2000-01-02 14:15:00,0.0,0.0
2000-01-02 14:30:00,0.0,0.0
2000-01-02 14:45:00,0.0,0.0
2000-01-02 15:00:00,0.0,0.0
2000-01-02 15:15:00,0.0,0.0
2000-01-02 15:30:00,0.0,0.0
2000-01-02 15:45:00,0.0,0.0
2000-01-02 16:00:00,0.0,0.0
2000-01-02 16:15:00,0.6470814913765074,0.0
2000-01-02 16:30:00,0.0,0.0
2000-01-02 16:45:00,0.0,0.0
2000-01-02 17:00:00,0.0,0.0
2000-01-02 17:15:00,0.0,0.0
2000-01-02 17:30:00,0.0,0.0
2000-01-02 17:45:00,0.0,0.0
2000-01-02 18:00:00,0.0,67.52055901061902
2000-01-02 18:15:00,0.0,73.45580972539855
2000-01-02 18:30:00,0.0,0.0
2000-01-02 18:45:00,0.0,0.0
2000-01-02 19:00:00,0.0,0.0
2000-01-02 19:15:00,0.0,98.82854005553644
2000-01-02 19:30:00,0.0,25.593733876773
2000-01-02 19:45:00,0.0,137.84083803336767
2000-01-02 20:00:00,0.0,0.0
2000-01-02 20:15:00,0.0,73.07542474121655
2000-01-02 20:30:00,0.0,114.29916148666729
2000-01-02 20:45:00,0.0,127.42789825188419
2000-01-02 21:00:00,0.0,63.183281173780614
2000-01-02 21:15:00,0.0,70.6840270130158
2000-01-02 21:30:00,0.0,92.95813126545056
2000-01-02 21:45:00,0.0,100.13953054026558
2000-01-02 22:00:00,0.0,121.74506482602476
2000-01-02 22:15:00,0.0,-0.0
2000-01-02 22:30:00,0.0,0.0
2000-01-02 22:45:00,0.0,0.0
2000-01-02 23:00:00,0.0,-0.0
2000-01-02 23:15:00,0.0,0.0
2000-01-02 23:30:00,0.0,0.0
2000-01-02 23:45:00,0.0,-0.0
2000-01-03 00:00:00,0.0,-0.0
2000-01-03 00:15:00,38.09040152985662,0.0
2000-01-03 00:30:00,61.57867715839701,0.0
2000-01-03 00:45:00,38.875390052655405,0.0
2000-01-03 01:00:00,9.723600220858806,0.0
2000-01-03 01:15:00,0.0,0.0
2000-01-03 01:30:00,69.92195061634112,0.0
2000-01-03 01:45:00,69.8209930635556,0.0
2000-01-03 02:00:00,78.44309579524187,0.0
2000-01-03 02:15:00,95.9219137507056,0.0
2000-01-03 02:30:00,91.10848913472628,0.0
2000-01-03 02:45:00,76.34936827306456,0.0
2000-01-03 03:00:00,76.31325234626401,0.0
2000-01-03 03:15:00,71.36589351880247,0.0
2000-01-03 03:30:00,70.9826919176364,0.0
2000-01-03 03:45:00,63.96315926775772,0.0
2000-01-03 04:00:00,40.76672401612262,0.0
2000-01-03 04:15:00,48.7614336320638,0.0
2000-01-03 04:30:00,53.6702798011823,0.0
2000-01-03 04:45:00,47.09845299891205,0.0
2000-01-03 05:00:00,35.61910709457088,0.0
2000-01-03 05:15:00,44.170398776948176,0.0
2000-01-03 05:30:00,43.3874070160405,0.0
2000-01-03 05:45:00,66.86732001829606,0.0
2000-01-03 06:00:00,0.0,-0.0
2000-01-03 06:15:00,0.0,-0.0
2000-01-03 06:30:00,0.0,-0.0
2000-01-03 06:45:00,0.0,-0.0
2000-01-03 07:00:00,0.0,-0.0
2000-01-03 07:15:00,0.0,-0.0
2000-01-03 07:30:00,0.0,-0.0
2000-01-03 07:45:00,0.0,-0.0
2000-01-03 08:00:00,0.0,-0.0
2000-01-03 08:15:00,0.0,4.053499229773445
2000-01-03 08:30:00,0.0,0.0
2000-01-03 08:45:00,0.0,0.0
2000-01-03 09:00:00,0.0,0.0
2000-01-03 09:15:00,0.0,0.0
2000-01-03 09:30:00,0.0,0.0
2000-01-03 09:45:00,0.0,0.0
2000-01-03 10:00:00,0.0,0.0
2000-01-03 10:15:00,0.0,0.0
2000-01-03 10:30:00,0.0,0.0
2000-01-03 10:45:00,0.0,0.0
2000-01-03 11:00:00,0.0,0.0
2000-01-03 11:15:00,0.0,0.0
2000-01-03 11:30:00,0.0,0.0
2000-01-03 11:45:00,0.0,0.0
2000-01-03 12:00:00,0.0,0.0
2000-01-03 12:15:00,0.0,0.0
2000-01-03 12:30:00,0.0,0.0
2000-01-03 12:45:00,0.0,0.0
2000-01-03 13:00:00,0.0,0.0
2000-01-03 13:15:00,0.0,0.0
2000-01-03 13:30:00,0.0,0.0
2000-01-03 13:45:00,0.0,0.0
2000-01-03 14:00:00,0.0,0.0
2000-01-03 14:15:00,0.0,98.32256100428353
2000-01-03 14:30:00,0.0,0.0
2000-01-03 14:45:00,0.0,0.0
2000-01-03 15:00:00,0.0,0.0
2000-01-03 15:15:00,0.0,0.0
2000-01-03 15:30:00,0.0,95.97591482442562
2000-01-03 15:45:00,0.0,0.0
2000-01-03 16:00:00,0.0,0.0
2000-01-03 16:15:00,0.0,0.0
2000-01-03 16:30:00,0.0,0.0
2000-01-03 16:45:00,0.0,131.8585148703829
2000-01-03 17:00:00,0.0,20.939300292684578
2000-01-03 17:15:00,0.0,0.0
2000-01-03 17:30:00,0.0,0.0
2000-01-03 17:45:00,0.0,0.0
2000-01-03 18:00:00,0.0,183.74858131774977
2000-01-03 18:15:00,0.0,191.89999999999998
2000-01-03 18:30:00,0.0,191.89999999999998
2000-01-03 18:45:00,0.0,151.88172131640965
2000-01-03 19:00:00,0.0,32.427548705528594
2000-01-03 19:15:00,0.0,-0.0
2000-01-03 19:30:00,0.0,-0.0
2000-01-03 19:45:00,0.0,27.861280247085716
2000-01-03 20:00:00,0.0,35.88307819167591
2000-01-03 20:15:00,0.0,-0.0
2000-01-03 20:30:00,0.0,-0.0
2000-01-03 20:45:00,0.0,-0.0
2000-01-03 21:00:00,0.0,-0.0
2000-01-03 21:15:00,0.0,-0.0
2000-01-03 21:30:00,0.0,-0.0
2000-01-03 21:45:00,0.0,-0.0
2000-01-03 22:00:00,119.40183013985634,0.0
2000-01-03 22:15:00,0.0,0.0
2000-01-03 22:30:00,0.0,0.0
2000-01-03 22:45:00,95.61682579601276,0.0
2000-01-03 23:00:00,41.78796372107759,0.0
2000-01-03 23:15:00,0.0,60.84998433177438
2000-01-03 23:30:00,0.0,87.15906944387723
2000-01-03 23:45:00,0.0,83.75892046474283
2000-01-04 00:00:00,0.0,0.0
2000-01-04 00:15:00,0.0,0.0
2000-01-04 00:30:00,0.0,0.0
2000-01-04 00:45:00,0.0,0.0
2000-01-04 01:00:00,0.0,0.0
2000-01-04 01:15:00,0.0,0.0
2000-01-04 01:30:00,0.0,0.0
2000-01-04 01:45:00,0.0,0.0
2000-01-04 02:00:00,0.0,0.0
2000-01-04 02:15:00,0.0,0.0
2000-01-04 02:30:00,138.0008254516856,0.0
2000-01-04 02:45:00,0.0,0.0
2000-01-04 03:00:00,37.54586360022358,0.0
2000-01-04 03:15:00,0.0,0.0
2000-01-04 03:30:00,0.0,0.0
2000-01-04 03:45:00,125.21406145774812,0.0
2000-01-04 04:00:00,126.91856127648143,0.0
2000-01-04 04:15:00,144.00595139182104,0.0
2000-01-04 04:30:00,151.0687775880952,0.0
2000-01-04 04:45:00,148.502742250027,0.0
2000-01-04 05:00:00,0.0,0.0
2000-01-04 05:15:00,130.87439875475962,0.0
2000-01-04 05:30:00,143.92908317270602,0.0
2000-01-04 05:45:00,146.7397350564524,0.0
2000-01-04 06:00:00,0.0,-0.0
2000-01-04 06:15:00,0.0,0.0
2000-01-04 06:30:00,0.0,0.0
2000-01-04 06:45:00,0.0,0.0
2000-01-04 07:00:00,0.0,0.0
2000-01-04 07:15:00,0.0,0.0
2000-01-04 07:30:00,0.0,0.0
2000-01-04 07:45:00,0.0,0.0
2000-01-04 08:00:00,0.0,0.0
2000-01-04 08:15:00,0.0,0.0
2000-01-04 08:30:00,0.0,0.0
2000-01-04 08:45:00,0.0,0.0
2000-01-04 09:00:00,0.0,0.0
2000-01-04 09:15:00,0.0,0.0
2000-01-04 09:30:00,0.0,0.0
2000-01-04 09:45:00,0.0,0.0
2000-01-04 10:00:00,0.0,0.0
2000-01-04 10:15:00,0.0,0.0
2000-01-04 10:30:00,0.0,0.0
2000-01-04 10:45:00,0.0,0.0
2000-01-04 11:00:00,0.0,0.0
2000-01-04 11:15:00,0.0,0.0
2000-01-04 11:30:00,0.0,0.0
2000-01-04 11:45:00,0.0,0.0
2000-01-04 12:00:00,0.0,0.0
2000-01-04 12:15:00,0.0,0.0
2000-01-04 12:30:00,0.0,0.0
2000-01-04 12:45:00,0.0,0.0
2000-01-04 13:00:00,0.0,0.0
2000-01-04 13:15:00,0.0,0.0
2000-01-04 13:30:00,0.0,0.0
2000-01-04 13:45:00,0.0,0.0
2000-01-04 14:00:00,0.0,0.0
2000-01-04 14:15:00,0.0,0.0
2000-01-04 14:30:00,0.0,0.0
2000-01-04 14:45:00,0.0,0.0
2000-01-04 15:00:00,0.0,0.0
2000-01-04 15:15:00,0.0,0.0
2000-01-04 15:30:00,0.0,0.0
2000-01-04 15:45:00,0.0,0.0
2000-01-04 16:00:00,0.0,0.0
2000-01-04 16:15:00,0.0,0.0
2000-01-04 16:30:00,0.0,0.0
2000-01-04 16:45:00,0.0,0.0
2000-01-04 17:00:00,0.0,0.0
2000-01-04 17:15:00,0.0,0.0
2000-01-04 17:30:00,0.0,0.0
2000-01-04 17:45:00,0.0,0.0
2000-01-04 18:00:00,0.0,103.23993957938559
2000-01-04 18:15:00,0.0,183.31386903228255
2000-01-04 18:30:00,0.0,9.818762656987998
2000-01-04 18:45:00,0.0,116.34967864706465
2000-01-04 19:00:00,0.0,12.846094727590582
2000-01-04 19:15:00,0.0,191.89999999999998
2000-01-04 19:30:00,0.0,121.12270120156506
2000-01-04 19:45:00,0.0,191.89999999999998
2000-01-04 20:00:00,0.0,0.0
2000-01-04 20:15:00,0.0,23.696999540964754
2000-01-04 20:30:00,0.0,152.8667530422057
2000-01-04 20:45:00,0.0,34.81725922727733
2000-01-04 21:00:00,0.0,0.5384905214285141
2000-01-04 21:15:00,0.0,0.0
2000-01-04 21:30:00,0.0,0.0
2000-01-04 21:45:00,0.0,24.341451823247098
2000-01-04 22:00:00,0.0,0.0
2000-01-04 22:15:00,0.0,-0.0
2000-01-04 22:30:00,0.0,0.0
2000-01-04 22:45:00,0.0,0.0
2000-01-04 23:00:00,0.0,0.0
2000-01-04 23:15:00,0.0,0.0
2000-01-04 23:30:00,0.0,-0.0
2000-01-04 23:45:00,0.0,-0.0
2000-01-05 00:00:00,0.0,0.0
2000-01-05 00:15:00,0.0,0.0
2000-01-05 00:30:00,0.0,0.0
2000-01-05 00:45:00,0.0,0.0
2000-01-05 01:00:00,0.0,0.0
2000-01-05 01:15:00,0.0,0.0
2000-01-05 01:30:00,0.0,0.0
2000-01-05 01:45:00,0.0,0.0
2000-01-05 02:00:00,0.0,0.0
2000-01-05 02:15:00,0.0,0.0
2000-01-05 02:30:00,0.0,0.0
2000-01-05 02:45:00,0.0,0.0
2000-01-05 03:00:00,0.0,0.0
2000-01-05 03:15:00,0.0,0.0
2000-01-05 03:30:00,68.84876766752711,0.0
2000-01-05 03:45:00,180.357737137696,0.0
2000-01-05 04:00:00,0.0,0.0
2000-01-05 04:15:00,0.0,0.0
2000-01-05 04:30:00,187.2193110606329,0.0
2000-01-05 04:45:00,176.03482009148127,0.0
2000-01-05 05:00:00,166.0385093994306,0.0
2000-01-05 05:15:00,166.24433093588374,0.0
2000-01-05 05:30:00,166.13025036081712,0.0
2000-01-05 05:45:00,181.92627334653127,0.0
2000-01-05 06:00:00,0.0,-0.0
2000-01-05 06:15:00,0.0,0.0
2000-01-05 06:30:00,0.0,0.0
2000-01-05 06:45:00,0.0,0.0
2000-01-05 07:00:00,0.0,0.0
2000-01-05 07:15:00,0.0,0.0
2000-01-05 07:30:00,0.0,0.0
2000-01-05 07:45:00,0.0,0.0
2000-01-05 08:00:00,0.0,0.0
2000-01-05 08:15:00,0.0,0.0
2000-01-05 08:30:00,0.0,0.0
2000-01-05 08:45:00,0.0,0.0
2000-01-05 09:00:00,0.0,0.0
2000-01-05 09:15:00,0.0,0.0
2000-01-05 09:30:00,0.0,0.0
2000-01-05 09:45:00,0.0,0.0
2000-01-05 10:00:00,0.0,0.0
2000-01-05 10:15:00,0.0,0.0
2000-01-05 10:30:00,0.0,0.0
2000-01-05 10:45:00,0.0,0.0
2000-01-05 11:00:00,0.0,0.0
2000-01-05 11:15:00,0.0,0.0
2000-01-05 11:30:00,0.0,0.0
2000-01-05 11:45:00,0.0,0.0
2000-01-05 12:00:00,0.0,0.0
2000-01-05 12:15:00,0.0,0.0
2000-01-05 12:30:00,0.0,0.0
2000-01-05 12:45:00,0.0,0.0
2000-01-05 13:00:00,0.0,0.0
2000-01-05 13:15:00,0.0,0.0
2000-01-05 13:30:00,0.0,0.0
2000-01-05 13:45:00,0.0,0.0
2000-01-05 14:00:00,0.0,0.0
2000-01-05 14:15:00,0.0,0.0
2000-01-05 14:30:00,0.0,0.0
2000-01-05 14:45:00,0.0,0.0
2000-01-05 15:00:00,0.0,0.0
2000-01-05 15:15:00,0.0,0.0
2000-01-05 15:30:00,0.0,0.0
2000-01-05 15:45:00,0.0,0.0
2000-01-05 16:00:00,0.0,0.0
2000-01-05 16:15:00,0.0,0.0
2000-01-05 16:30:00,-0.0,0.0
2000-01-05 16:45:00,0.0,0.0
2000-01-05 17:00:00,0.0,0.0
2000-01-05 17:15:00,0.0,0.0
2000-01-05 17:30:00,0.0,32.71391560669906
2000-01-05 17:45:00,0.0,170.5018852259144
2000-01-05 18:00:00,0.0,191.89999999999998
2000-01-05 18:15:00,0.0,191.89999999999998
2000-01-05 18:30:00,0.0,113.90486896049953
2000-01-05 18:45:00,0.0,0.0
2000-01-05 19:00:00,0.0,4.906535519112595
2000-01-05 19:15:00,0.0,104.5933599025663
2000-01-05 19:30:00,0.0,54.54518171220985
2000-01-05 19:45:00,0.0,38.08631947803741
2000-01-05 20:00:00,0.0,0.0
2000-01-05 20:15:00,0.0,0.0
2000-01-05 20:30:00,0.0,13.756868843459642
2000-01-05 20:45:00,0.0,0.0
2000-01-05 21:00:00,0.0,77.41840409419314
2000-01-05 21:15:00,0.0,128.5829886149903
2000-01-05 21:30:00,0.0,43.94167204231752
2000-01-05 21:45:00,0.0,-0.0
2000-01-05 22:00:00,0.0,0.0
2000-01-05 22:15:00,0.0,0.0
2000-01-05 22:30:00,0.0,-0.0
2000-01-05 22:45:00,0.0,-0.0
2000-01-05 23:00:00,0.0,0.0
2000-01-05 23:15:00,0.0,0.0
2000-01-05 23:30:00,0.0,0.0
2000-01-05 23:45:00,0.0,-0.0
2000-01-06 00:00:00,0.0,0.0
2000-01-06 00:15:00,0.0,0.0
2000-01-06 00:30:00,0.0,0.0
2000-01-06 00:45:00,0.0,0.0
2000-01-06 01:00:00,0.0,0.0
2000-01-06 01:15:00,0.0,0.0
2000-01-06 01:30:00,0.0,0.0
2000-01-06 01:45:00,0.0,0.0
2000-01-06 02:00:00,0.0,0.0
2000-01-06 02:15:00,-0.0,0.0
2000-01-06 02:30:00,0.0,0.0
2000-01-06 02:45:00,0.0,0.0
2000-01-06 03:00:00,0.0,0.0
2000-01-06 03:15:00,66.35693293401357,0.0
2000-01-06 03:30:00,76.7807496305104,0.0
2000-01-06 03:45:00,155.1037291784607,0.0
2000-01-06 04:00:00,113.59310754528799,0.0
2000-01-06 04:15:00,147.03907740339758,0.0
2000-01-06 04:30:00,144.02918709969748,0.0
2000-01-06 04:45:00,161.93507914789592,0.0
2000-01-06 05:00:00,166.48923367121307,0.0
2000-01-06 05:15:00,147.92299674241622,0.0
2000-01-06 05:30:00,113.54990664710706,0.0
2000-01-06 05:45:00,0.0,-0.0
2000-01-06 06:00:00,0.0,47.81925073053827
2000-01-06 06:15:00,0.0,0.0
2000-01-06 06:30:00,0.0,49.7067439683218
2000-01-06 06:45:00,0.0,37.31630664364508
2000-01-06 07:00:00,0.0,97.62233943622948
2000-01-06 07:15:00,0.0,0.0
2000-01-06 07:30:00,0.0,0.0
2000-01-06 07:45:00,0.0,0.0
2000-01-06 08:00:00,0.0,0.0
2000-01-06 08:15:00,0.0,0.0
2000-01-06 08:30:00,0.0,0.0
2000-01-06 08:45:00,0.0,0.0
2000-01-06 09:00:00,0.0,0.0
2000-01-06 09:15:00,0.0,0.0
2000-01-06 09:30:00,0.0,0.0
2000-01-06 09:45:00,0.0,0.0
2000-01-06 10:00:00,0.0,0.0
2000-01-06 10:15:00,0.0,0.0
2000-01-06 10:30:00,0.0,0.0
2000-01-06 10:45:00,0.0,0.0
2000-01-06 11:00:00,0.0,0.0
2000-01-06 11:15:00,0.0,0.0
2000-01-06 11:30:00,0.0,0.0
2000-01-06 11:45:00,0.0,0.0
2000-01-06 12:00:00,0.0,0.0
2000-01-06 12:15:00,0.0,0.0
2000-01-06 12:30:00,0.0,0.0
2000-01-06 12:45:00,0.0,0.0
2000-01-06 13:00:00,0.0,0.0
2000-01-06 13:15:00,0.0,0.0
2000-01-06 13:30:00,0.0,0.0
2000-01-06 13:45:00,0.0,0.0
2000-01-06 14:00:00,0.0,0.0
2000-01-06 14:15:00,0.0,0.0
2000-01-06 14:30:00,0.0,0.0
2000-01-06 14:45:00,0.0,0.0
2000-01-06 15:00:00,0.0,0.0
2000-01-06 15:15:00,0.0,0.0
2000-01-06 15:30:00,0.0,0.0
2000-01-06 15:45:00,0.0,0.0
2000-01-06 16:00:00,165.06305414721393,0.0
2000-01-06 16:15:00,72.07732840713346,0.0
2000-01-06 16:30:00,0.0,0.0
2000-01-06 16:45:00,0.0,0.0
2000-01-06 17:00:00,0.0,0.0
2000-01-06 17:15:00,0.0,0.0
2000-01-06 17:30:00,0.0,0.0
2000-01-06 17:45:00,20.438166784970548,0.0
2000-01-06 18:00:00,0.0,-0.0
2000-01-06 18:15:00,0.0,61.01675970767124
2000-01-06 18:30:00,0.0,172.19894440254808
2000-01-06 18:45:00,0.0,8.154438770162585
2000-01-06 19:00:00,0.0,139.3525795693767
2000-01-06 19:15:00,0.0,191.89999999999998
2000-01-06 19:30:00,0.0,118.36326395467262
2000-01-06 19:45:00,0.0,41.292287857698
2000-01-06 20:00:00,0.0,21.918649601713128
2000-01-06 20:15:00,0.0,132.52556975734586
2000-01-06 20:30:00,0.0,164.94926803124667
2000-01-06 20:45:00,0.0,37.15677125812215
2000-01-06 21:00:00,0.0,0.0
2000-01-06 21:15:00,0.0,40.41784914700463
2000-01-06 21:30:00,0.0,8.535481220855928
2000-01-06 21:45:00,0.0,28.97013672158249
2000-01-06 22:00:00,-0.0,0.0
2000-01-06 22:15:00,-0.0,0.0
2000-01-06 22:30:00,0.0,0.0
2000-01-06 22:45:00,0.0,0.0
2000-01-06 23:00:00,-0.0,0.0
2000-01-06 23:15:00,0.0,0.0
2000-01-06 23:30:00,0.0,0.0
2000-01-06 23:45:00,0.0,-0.0
2000-01-07 00:00:00,0.0,0.0
2000-01-07 00:15:00,0.0,0.0
2000-01-07 00:30:00,0.0,0.0
2000-01-07 00:45:00,0.0,0.0
2000-01-07 01:00:00,0.0,0.0
2000-01-07 01:15:00,0.0,0.0
2000-01-07 01:30:00,0.0,0.0
2000-01-07 01:45:00,0.0,0.0
2000-01-07 02:00:00,92.4222015332308,0.0
2000-01-07 02:15:00,0.0,0.0
2000-01-07 02:30:00,0.0,0.0
2000-01-07 02:45:00,0.0,0.0
2000-01-07 03:00:00,0.0,0.0
2000-01-07 03:15:00,84.6145427283681,0.0
2000-01-07 03:30:00,48.01390326499012,0.0
2000-01-07 03:45:00,139.8021358511964,0.0
2000-01-07 04:00:00,0.0,0.0
2000-01-07 04:15:00,0.0,0.0
2000-01-07 04:30:00,134.6385955627462,0.0
2000-01-07 04:45:00,143.37186263665075,0.0
2000-01-07 05:00:00,174.2968639850767,0.0
2000-01-07 05:15:00,185.70111345100304,0.0
2000-01-07 05:30:00,170.19495926173917,0.0
2000-01-07 05:45:00,119.74382172499861,0.0
2000-01-07 06:00:00,0.0,0.0
2000-01-07 06:15:00,0.0,0.0
2000-01-07 06:30:00,0.0,0.0
2000-01-07 06:45:00,0.0,0.0
2000-01-07 07:00:00,0.0,34.31752665258176
2000-01-07 07:15:00,0.0,0.0
2000-01-07 07:30:00,0.0,0.0
2000-01-07 07:45:00,0.0,0.0
2000-01-07 08:00:00,0.0,0.0
2000-01-07 08:15:00,0.0,0.0
2000-01-07 08:30:00,0.0,0.0
2000-01-07 08:45:00,0.0,0.0
2000-01-07 09:00:00,0.0,0.0
2000-01-07 09:15:00,0.0,0.0
2000-01-07 09:30:00,0.0,0.0
2000-01-07 09:45:00,0.0,0.0
2000-01-07 10:00:00,0.0,0.0
2000-01-07 10:15:00,0.0,0.0
2000-01-07 10:30:00,0.0,0.0
2000-01-07 10:45:00,0.0,0.0
2000-01-07 11:00:00,0.0,0.0
2000-01-07 11:15:00,0.0,0.0
2000-01-07 11:30:00,0.0,0.0
2000-01-07 11:45:00,0.0,0.0
2000-01-07 12:00:00,0.0,0.0
2000-01-07 12:15:00,0.0,0.0
2000-01-07 12:30:00,0.0,0.0
2000-01-07 12:45:00,0.0,0.0
2000-01-07 13:00:00,0.0,0.0
2000-01-07 13:15:00,0.0,0.0
2000-01-07 13:30:00,0.0,0.0
2000-01-07 13:45:00,0.0,0.0
2000-01-07 14:00:00,0.0,0.0
2000-01-07 14:15:00,0.0,0.0
2000-01-07 14:30:00,0.0,0.0
2000-01-07 14:45:00,0.0,0.0
2000-01-07 15:00:00,0.0,0.0
2000-01-07 15:15:00,0.0,0.0
2000-01-07 15:30:00,0.0,0.0
2000-01-07 15:45:00,0.0,0.0
2000-01-07 16:00:00,0.0,0.0
2000-01-07 16:15:00,0.0,0.0
2000-01-07 16:30:00,29.83876134865975,0.0
2000-01-07 16:45:00,0.0,0.0
2000-01-07 17:00:00,0.0,0.0
2000-01-07 17:15:00,0.0,10.15108901866077
2000-01-07 17:30:00,19.433942996207435,0.0
2000-01-07 17:45:00,0.0,109.92534046207439
2000-01-07 18:00:00,0.0,140.4682743117544
2000-01-07 18:15:00,0.0,104.50181864942562
2000-01-07 18:30:00,0.0,76.67155527834649
2000-01-07 18:45:00,0.0,0.0
2000-01-07 19:00:00,0.0,11.810015268648897
2000-01-07 19:15:00,0.0,66.69802209351064
2000-01-07 19:30:00,0.0,133.07295856467567
2000-01-07 19:45:00,0.0,128.79004933046537
2000-01-07 20:00:00,0.0,133.98789928934679
2000-01-07 20:15:00,0.0,121.5577459066082
2000-01-07 20:30:00,0.0,103.24237676149261
2000-01-07 20:45:00,0.0,27.87586661343272
2000-01-07 21:00:00,0.0,8.150077470217383
2000-01-07 21:15:00,0.0,0.0
2000-01-07 21:30:00,0.0,0.0
2000-01-07 21:45:00,0.0,-0.0
2000-01-07 22:00:00,0.0,0.0
2000-01-07 22:15:00,0.0,0.0
2000-01-07 22:30:00,0.0,-0.0
2000-01-07 22:45:00,0.0,0.0
2000-01-07 23:00:00,0.0,0.0
2000-01-07 23:15:00,0.0,-0.0
2000-01-07 23:30:00,0.0,0.0
2000-01-07 23:45:00,0.0,-0.0
2000-01-08 00:00:00,0.0,0.0
2000-01-08 00:15:00,0.0,0.0
2000-01-08 00:30:00,0.0,0.0
2000-01-08 00:45:00,0.0,0.0
2000-01-08 01:00:00,0.0,0.0
2000-01-08 01:15:00,0.0,0.0
2000-01-08 01:30:00,0.0,0.0
2000-01-08 01:45:00,0.0,0.0
2000-01-08 02:00:00,0.0,0.0
2000-01-08 02:15:00,65.39344309341581,0.0
2000-01-08 02:30:00,0.0,0.0
2000-01-08 02:45:00,89.74804308020535,0.0
2000-01-08 03:00:00,91.94516271171914,0.0
2000-01-08 03:15:00,86.89487243662143,0.0
2000-01-08 03:30:00,0.0,0.0
2000-01-08 03:45:00,140.75021939711797,0.0
2000-01-08 04:00:00,144.05223178420272,0.0
2000-01-08 04:15:00,138.98549296730334,0.0
2000-01-08 04:30:00,134.79485423171752,0.0
2000-01-08 04:45:00,145.65743563516935,0.0
2000-01-08 05:00:00,120.8808710955513,0.0
2000-01-08 05:15:00,73.18008265689596,0.0
2000-01-08 05:30:00,60.51729091007999,0.0
2000-01-08 05:45:00,0.0,89.93748255383414
2000-01-08 06:00:00,0.0,0.0
2000-01-08 06:15:00,0.0,0.0
2000-01-08 06:30:00,0.0,31.85388933718471
2000-01-08 06:45:00,0.0,34.22297630539316
2000-01-08 07:00:00,0.0,70.23333061261198
2000-01-08 07:15:00,0.0,0.0
2000-01-08 07:30:00,0.0,0.0
2000-01-08 07:45:00,0.0,0.0
2000-01-08 08:00:00,0.0,0.0
2000-01-08 08:15:00,0.0,0.0
2000-01-08 08:30:00,0.0,0.0
2000-01-08 08:45:00,0.0,0.0
2000-01-08 09:00:00,0.0,0.0
2000-01-08 09:15:00,0.0,0.0
2000-01-08 09:30:00,0.0,0.0
2000-01-08 09:45:00,0.0,0.0
2000-01-08 10:00:00,0.0,0.0
2000-01-08 10:15:00,0.0,0.0
2000-01-08 10:30:00,0.0,0.0
2000-01-08 10:45:00,0.0,0.0
2000-01-08 11:00:00,0.0,0.0
2000-01-08 11:15:00,0.0,0.0
2000-01-08 11:30:00,0.0,0.0
2000-01-08 11:45:00,0.0,0.0
2000-01-08 12:00:00,0.0,0.0
2000-01-08 12:15:00,0.0,0.0
2000-01-08 12:30:00,0.0,0.0
2000-01-08 12:45:00,0.0,0.0
2000-01-08 13:00:00,0.0,0.0
2000-01-08 13:15:00,0.0,0.0
2000-01-08 13:30:00,0.0,0.0
2000-01-08 13:45:00,0.0,0.0
2000-01-08 14:00:00,0.0,0.0
2000-01-08 14:15:00,0.0,0.0
2000-01-08 14:30:00,0.0,0.0
2000-01-08 14:45:00,0.0,0.0
2000-01-08 15:00:00,0.0,0.0
2000-01-08 15:15:00,0.0,0.0
2000-01-08 15:30:00,0.0,0.0
2000-01-08 15:45:00,0.0,0.0
2000-01-08 16:00:00,0.0,0.0
2000-01-08 16:15:00,0.0,0.0
2000-01-08 16:30:00,140.37590745566763,0.0
2000-01-08 16:45:00,79.53888772768616,0.0
2000-01-08 17:00:00,30.775153635509255,0.0
2000-01-08 17:15:00,0.0,0.0
2000-01-08 17:30:00,0.0,0.0
2000-01-08 17:45:00,0.0,0.0
2000-01-08 18:00:00,0.0,172.64096754443898
2000-01-08 18:15:00,0.0,0.0
2000-01-08 18:30:00,0.0,38.15115954001558
2000-01-08 18:45:00,0.0,154.77869397455376
2000-01-08 19:00:00,0.0,177.7877988924027
2000-01-08 19:15:00,0.0,19.10461529067166
2000-01-08 19:30:00,0.0,72.47973637005029
2000-01-08 19:45:00,0.0,173.172591036368
2000-01-08 20:00:00,0.0,105.70495678640165
2000-01-08 20:15:00,0.0,146.3241509948746
2000-01-08 20:30:00,0.0,105.52467682209809
2000-01-08 20:45:00,0.0,1.082652748124616
2000-01-08 21:00:00,0.0,0.0
2000-01-08 21:15:00,0.0,0.0
2000-01-08 21:30:00,0.0,0.0
2000-01-08 21:45:00,0.0,0.0
2000-01-08 22:00:00,0.0,0.0
2000-01-08 22:15:00,0.0,0.0
2000-01-08 22:30:00,0.0,0.0
2000-01-08 22:45:00,0.0,-0.0
2000-01-08 23:00:00,0.0,0.0
2000-01-08 23:15:00,0.0,0.0
2000-01-08 23:30:00,0.0,0.0
2000-01-08 23:45:00,0.0,-0.0
2000-01-09 00:00:00,0.0,0.0
2000-01-09 00:15:00,-0.0,0.0
2000-01-09 00:30:00,0.0,0.0
2000-01-09 00:45:00,0.0,0.0
2000-01-09 01:00:00,0.0,0.0
2000-01-09 01:15:00,0.0,0.0
2000-01-09 01:30:00,0.0,0.0
2000-01-09 01:45:00,-0.0,0.0
2000-01-09 02:00:00,0.0,0.0
2000-01-09 02:15:00,76.9461299800563,0.0
2000-01-09 02:30:00,0.0,0.0
2000-01-09 02:45:00,0.0,0.0
2000-01-09 03:00:00,0.0,0.0
2000-01-09 03:15:00,97.5850397798604,0.0
2000-01-09 03:30:00,103.74029652850864,0.0
2000-01-09 03:45:00,144.96765564957093,0.0
2000-01-09 04:00:00,136.23560567521758,0.0
2000-01-09 04:15:00,47.631612834450756,0.0
2000-01-09 04:30:00,120.75769667838604,0.0
2000-01-09 04:45:00,150.453178346451,0.0
2000-01-09 05:00:00,146.45035281072046,0.0
2000-01-09 05:15:00,123.86260784510394,0.0
2000-01-09 05:30:00,117.1934923545798,0.0
2000-01-09 05:45:00,26.976331517094167,0.0
2000-01-09 06:00:00,0.0,-0.0
2000-01-09 06:15:00,0.0,0.0
2000-01-09 06:30:00,0.0,0.0
2000-01-09 06:45:00,0.0,0.0
2000-01-09 07:00:00,0.0,-0.0
2000-01-09 07:15:00,0.0,0.0
2000-01-09 07:30:00,0.0,0.0
2000-01-09 07:45:00,0.0,0.0
2000-01-09 08:00:00,0.0,0.0
2000-01-09 08:15:00,0.0,0.0
2000-01-09 08:30:00,0.0,0.0
2000-01-09 08:45:00,0.0,0.0
2000-01-09 09:00:00,0.0,0.0
2000-01-09 09:15:00,0.0,0.0
2000-01-09 09:30:00,0.0,0.0
2000-01-09 09:45:00,0.0,0.0
2000-01-09 10:00:00,0.0,0.0
2000-01-09 10:15:00,0.0,0.0
2000-01-09 10:30:00,0.0,0.0
2000-01-09 10:45:00,0.0,0.0
2000-01-09 11:00:00,0.0,0.0
2000-01-09 11:15:00,0.0,0.0
2000-01-09 11:30:00,0.0,0.0
2000-01-09 11:45:00,0.0,0.0
2000-01-09 12:00:00,0.0,0.0
2000-01-09 12:15:00,0.0,0.0
2000-01-09 12:30:00,0.0,0.0
2000-01-09 12:45:00,0.0,0.0
2000-01-09 13:00:00,0.0,0.0
2000-01-09 13:15:00,0.0,0.0
2000-01-09 13:30:00,0.0,0.0
2000-01-09 13:45:00,0.0,0.0
2000-01-09 14:00:00,0.0,0.0
2000-01-09 14:15:00,0.0,0.0
2000-01-09 14:30:00,0.0,0.0
2000-01-09 14:45:00,0.0,0.0
2000-01-09 15:00:00,0.0,0.0
2000-01-09 15:15:00,0.0,0.0
2000-01-09 15:30:00,0.0,0.0
2000-01-09 15:45:00,0.0,0.0
2000-01-09 16:00:00,0.0,0.0
2000-01-09 16:15:00,0.0,0.0
2000-01-09 16:30:00,0.0,0.0
2000-01-09 16:45:00,0.0,0.0
2000-01-09 17:00:00,0.0,0.0
2000-01-09 17:15:00,0.0,0.0
2000-01-09 17:30:00,-0.0,0.0
2000-01-09 17:45:00,0.0,-0.0
2000-01-09 18:00:00,0.0,88.28048539380707
2000-01-09 18:15:00,0.0,169.89338489598435
2000-01-09 18:30:00,0.0,148.13891927731024
2000-01-09 18:45:00,0.0,85.57056386177781
2000-01-09 19:00:00,0.0,0.0
2000-01-09 19:15:00,0.0,191.89999999999998
2000-01-09 19:30:00,0.0,165.9600318467997
2000-01-09 19:45:00,0.0,0.0
2000-01-09 20:00:00,0.0,0.0
2000-01-09 20:15:00,0.0,0.0
2000-01-09 20:30:00,0.0,0.0
2000-01-09 20:45:00,0.0,68.01099214754086
2000-01-09 21:00:00,0.0,75.51272201577663
2000-01-09 21:15:00,0.0,94.28564173933754
2000-01-09 21:30:00,0.0,0.0
2000-01-09 21:45:00,0.0,16.765232455801396
2000-01-09 22:00:00,0.0,62.4340263658643
2000-01-09 22:15:00,0.0,0.0
2000-01-09 22:30:00,0.0,0.0
2000-01-09 22:45:00,0.0,0.0
2000-01-09 23:00:00,0.0,0.0
2000-01-09 23:15:00,0.0,-0.0
2000-01-09 23:30:00,0.0,-0.0
2000-01-09 23:45:00,0.0,-0.0
2000-01-10 00:00:00,0.0,0.0
2000-01-10 00:15:00,0.0,0.0
2000-01-10 00:30:00,0.0,0.0
2000-01-10 00:45:00,0.0,0.0
2000-01-10 01:00:00,0.0,0.0
2000-01-10 01:15:00,0.0,0.0
2000-01-10 01:30:00,0.0,0.0
2000-01-10 01:45:00,0.0,0.0
2000-01-10 02:00:00,0.0,0.0
2000-01-10 02:15:00,184.31465322057636,0.0
2000-01-10 02:30:00,0.0,0.0
2000-01-10 02:45:00,0.0,0.0
2000-01-10 03:00:00,176.17637526835694,0.0
2000-01-10 03:15:00,0.0,0.0
2000-01-10 03:30:00,0.0,0.0
2000-01-10 03:45:00,0.0,0.0
2000-01-10 04:00:00,0.0,0.0
2000-01-10 04:15:00,0.0,0.0
2000-01-10 04:30:00,84.80802111170522,0.0
2000-01-10 04:45:00,191.89999999999998,0.0
2000-01-10 05:00:00,191.89999999999998,0.0
2000-01-10 05:15:00,191.89999999999998,0.0
2000-01-10 05:30:00,166.09435991192797,0.0
2000-01-10 05:45:00,105.70659048743337,0.0
2000-01-10 06:00:00,0.0,0.0
2000-01-10 06:15:00,0.0,0.0
2000-01-10 06:30:00,0.0,0.0
2000-01-10 06:45:00,0.0,0.0
2000-01-10 07:00:00,0.0,0.0
2000-01-10 07:15:00,0.0,0.0
2000-01-10 07:30:00,0.0,0.0
2000-01-10 07:45:00,0.0,0.0
2000-01-10 08:00:00,0.0,0.0
2000-01-10 08:15:00,0.0,0.0
2000-01-10 08:30:00,0.0,0.0
2000-01-10 08:45:00,0.0,0.0
2000-01-10 09:00:00,0.0,0.0
2000-01-10 09:15:00,0.0,0.0
2000-01-10 09:30:00,0.0,0.0
2000-01-10 09:45:00,0.0,0.0
2000-01-10 10:00:00,0.0,0.0
2000-01-10 10:15:00,0.0,0.0
2000-01-10 10:30:00,0.0,0.0
2000-01-10 10:45:00,0.0,0.0
2000-01-10 11:00:00,0.0,0.0
2000-01-10 11:15:00,0.0,0.0
2000-01-10 11:30:00,0.0,0.0
2000-01-10 11:45:00,0.0,45.08175846989667
2000-01-10 12:00:00,0.0,0.0
2000-01-10 12:15:00,0.0,0.0
2000-01-10 12:30:00,0.0,0.0
2000-01-10 12:45:00,0.0,0.0
2000-01-10 13:00:00,0.0,0.0
2000-01-10 13:15:00,0.0,0.0
2000-01-10 13:30:00,0.0,0.0
2000-01-10 13:45:00,0.0,0.0
2000-01-10 14:00:00,0.0,0.0
2000-01-10 14:15:00,0.0,0.0
2000-01-10 14:30:00,0.0,0.0
2000-01-10 14:45:00,0.0,0.0
2000-01-10 15:00:00,0.0,0.0
2000-01-10 15:15:00,0.0,0.0
2000-01-10 15:30:00,0.0,21.438079711060993
2000-01-10 15:45:00,0.0,90.79895397189705
2000-01-10 16:00:00,0.0,0.0
2000-01-10 16:15:00,86.06714879993626,0.0
2000-01-10 16:30:00,58.19200579376517,0.0
2000-01-10 16:45:00,19.86867147865604,0.0
2000-01-10 17:00:00,0.0,46.323370688281955
2000-01-10 17:15:00,0.0,0.0
2000-01-10 17:30:00,61.51445962419288,0.0
2000-01-10 17:45:00,0.0,22.868050870862533
2000-01-10 18:00:00,0.0,191.89999999999998
2000-01-10 18:15:00,0.0,123.10137117496082
2000-01-10 18:30:00,0.0,191.89999999999998
2000-01-10 18:45:00,0.0,0.0
2000-01-10 19:00:00,0.0,149.69426622164747
2000-01-10 19:15:00,0.0,191.89999999999998
2000-01-10 19:30:00,0.0,115.18782364737575
2000-01-10 19:45:00,0.0,0.0
2000-01-10 20:00:00,0.0,76.02496772113238
2000-01-10 20:15:00,0.0,30.75335805228673
2000-01-10 20:30:00,0.0,73.42216231173427
2000-01-10 20:45:00,0.0,0.0
2000-01-10 21:00:00,0.0,0.0
2000-01-10 21:15:00,0.0,-0.0
2000-01-10 21:30:00,0.0,0.0
2000-01-10 21:45:00,0.0,-0.0
2000-01-10 22:00:00,0.0,0.0
2000-01-10 22:15:00,-0.0,0.0
2000-01-10 22:30:00,0.0,0.0
2000-01-10 22:45:00,0.0,0.0
2000-01-10 23:00:00,0.0,0.0
2000-01-10 23:15:00,0.0,0.0
2000-01-10 23:30:00,0.0,-0.0
2000-01-10 23:45:00,0.0,-0.0
2000-01-11 00:00:00,0.0,0.0
2000-01-11 00:15:00,0.0,0.0
2000-01-11 00:30:00,0.0,0.0
2000-01-11 00:45:00,0.0,0.0
2000-01-11 01:00:00,0.0,0.0
2000-01-11 01:15:00,0.0,0.0
2000-01-11 01:30:00,0.0,0.0
2000-01-11 01:45:00,0.0,0.0
2000-01-11 02:00:00,0.0,0.0
2000-01-11 02:15:00,0.0,0.0
2000-01-11 02:30:00,0.0,0.0
2000-01-11 02:45:00,0.0,0.0
2000-01-11 03:00:00,191.89999999999998,0.0
2000-01-11 03:15:00,5.708063000692236,0.0
2000-01-11 03:30:00,0.0,0.0
2000-01-11 03:45:00,0.0,0.0
2000-01-11 04:00:00,0.0,0.0
2000-01-11 04:15:00,0.0,0.0
2000-01-11 04:30:00,191.89999999999998,0.0
2000-01-11 04:45:00,191.89999999999998,0.0
2000-01-11 05:00:00,191.89999999999998,0.0
2000-01-11 05:15:00,191.89999999999998,0.0
2000-01-11 05:30:00,191.89999999999998,0.0
2000-01-11 05:45:00,135.69193699930793,0.0
2000-01-11 06:00:00,0.0,-0.0
2000-01-11 06:15:00,0.0,0.0
2000-01-11 06:30:00,0.0,0.0
2000-01-11 06:45:00,0.0,0.0
2000-01-11 07:00:00,0.0,0.0
2000-01-11 07:15:00,0.0,0.0
2000-01-11 07:30:00,0.0,0.0
2000-01-11 07:45:00,0.0,0.0
2000-01-11 08:00:00,0.0,0.0
2000-01-11 08:15:00,0.0,0.0
2000-01-11 08:30:00,0.0,0.0
2000-01-11 08:45:00,0.0,0.0
2000-01-11 09:00:00,0.0,0.0
2000-01-11 09:15:00,0.0,0.0
2000-01-11 09:30:00,0.0,0.0
2000-01-11 09:45:00,0.0,0.0
2000-01-11 10:00:00,0.0,0.0
2000-01-11 10:15:00,0.0,0.0
2000-01-11 10:30:00,0.0,0.0
2000-01-11 10:45:00,0.0,0.0
2000-01-11 11:00:00,0.0,0.0
2000-01-11 11:15:00,0.0,0.0
2000-01-11 11:30:00,0.0,0.0
2000-01-11 11:45:00,0.0,0.0
2000-01-11 12:00:00,0.0,0.0
2000-01-11 12:15:00,0.0,0.0
2000-01-11 12:30:00,0.0,0.0
2000-01-11 12:45:00,0.0,0.0
2000-01-11 13:00:00,0.0,0.0
2000-01-11 13:15:00,0.0,0.0
2000-01-11 13:30:00,0.0,0.0
2000-01-11 13:45:00,0.0,0.0
2000-01-11 14:00:00,0.0,0.0
2000-01-11 14:15:00,0.0,0.0
2000-01-11 14:30:00,0.0,0.0
2000-01-11 14:45:00,0.0,0.0
2000-01-11 15:00:00,0.0,0.0
2000-01-11 15:15:00,0.0,0.0
2000-01-11 15:30:00,0.0,0.0
2000-01-11 15:45:00,0.0,0.0
2000-01-11 16:00:00,0.0,0.0
2000-01-11 16:15:00,0.0,0.0
2000-01-11 16:30:00,0.0,0.0
2000-01-11 16:45:00,0.0,0.0
2000-01-11 17:00:00,0.0,0.0
2000-01-11 17:15:00,0.0,0.0
2000-01-11 17:30:00,0.0,0.0
2000-01-11 17:45:00,0.0,-0.0
2000-01-11 18:00:00,0.0,191.89999999999998
2000-01-11 18:15:00,0.0,191.89999999999998
2000-01-11 18:30:00,0.0,191.89999999999998
2000-01-11 18:45:00,0.0,160.7276093178476
2000-01-11 19:00:00,0.0,43.00613145821707
2000-01-11 19:15:00,0.0,19.43969363767161
2000-01-11 19:30:00,0.0,191.89999999999998
2000-01-11 19:45:00,0.0,156.00115448167455
2000-01-11 20:00:00,0.0,0.0
2000-01-11 20:15:00,0.0,0.0
2000-01-11 20:30:00,0.0,0.0
2000-01-11 20:45:00,0.0,0.0
2000-01-11 21:00:00,0.0,0.0
2000-01-11 21:15:00,0.0,0.0
2000-01-11 21:30:00,0.0,0.0
2000-01-11 21:45:00,0.0,0.0
2000-01-11 22:00:00,0.0,19.977411104589123
2000-01-11 22:15:00,0.0,0.0
2000-01-11 22:30:00,0.0,0.0
2000-01-11 22:45:00,0.0,0.0
2000-01-11 23:00:00,0.0,0.0
2000-01-11 23:15:00,0.0,-0.0
2000-01-11 23:30:00,0.0,0.0
2000-01-11 23:45:00,0.0,-0.0
2000-01-12 00:00:00,0.0,0.0
2000-01-12 00:15:00,0.0,0.0
2000-01-12 00:30:00,0.0,0.0
2000-01-12 00:45:00,0.0,0.0
2000-01-12 01:00:00,0.0,0.0
2000-01-12 01:15:00,0.0,0.0
2000-01-12 01:30:00,0.0,0.0
2000-01-12 01:45:00,0.0,0.0
2000-01-12 02:00:00,0.0,0.0
2000-01-12 02:15:00,0.0,0.0
2000-01-12 02:30:00,0.0,0.0
2000-01-12 02:45:00,0.0,0.0
2000-01-12 03:00:00,143.50392834906916,0.0
2000-01-12 03:15:00,139.2683196337366,0.0
2000-01-12 03:30:00,141.53420750149382,0.0
2000-01-12 03:45:00,142.8861950240832,0.0
2000-01-12 04:00:00,10.6949847616968,0.0
2000-01-12 04:15:00,145.97882775768406,0.0
2000-01-12 04:30:00,146.20684547789602,0.0
2000-01-12 04:45:00,68.03309508110249,0.0
2000-01-12 05:00:00,76.26230076591267,0.0
2000-01-12 05:15:00,111.5807066193585,0.0
2000-01-12 05:30:00,117.30823169766015,0.0
2000-01-12 05:45:00,49.5423573303066,0.0
2000-01-12 06:00:00,0.0,-0.0
2000-01-12 06:15:00,0.0,-0.0
2000-01-12 06:30:00,0.0,0.0
2000-01-12 06:45:00,0.0,0.0
2000-01-12 07:00:00,0.0,-0.0
2000-01-12 07:15:00,0.0,0.0
2000-01-12 07:30:00,0.0,0.0
2000-01-12 07:45:00,0.0,0.0
2000-01-12 08:00:00,0.0,0.0
2000-01-12 08:15:00,0.0,0.0
2000-01-12 08:30:00,0.0,0.0
2000-01-12 08:45:00,0.0,0.0
2000-01-12 09:00:00,0.0,0.0
2000-01-12 09:15:00,0.0,0.0
2000-01-12 09:30:00,0.0,0.0
2000-01-12 09:45:00,0.0,0.0
2000-01-12 10:00:00,0.0,0.0
2000-01-12 10:15:00,0.0,0.0
2000-01-12 10:30:00,0.0,0.0
2000-01-12 10:45:00,0.0,0.0
2000-01-12 11:00:00,0.0,0.0
2000-01-12 11:15:00,0.0,0.0
2000-01-12 11:30:00,0.0,0.0
2000-01-12 11:45:00,0.0,0.0
2000-01-12 12:00:00,0.0,0.0
2000-01-12 12:15:00,0.0,0.0
2000-01-12 12:30:00,0.0,0.0
2000-01-12 12:45:00,0.0,0.0
2000-01-12 13:00:00,0.0,0.0
2000-01-12 13:15:00,0.0,0.0
2000-01-12 13:30:00,0.0,0.0
2000-01-12 13:45:00,0.0,0.0
2000-01-12 14:00:00,0.0,0.0
2000-01-12 14:15:00,0.0,0.0
2000-01-12 14:30:00,0.0,0.0
2000-01-12 14:45:00,0.0,0.0
2000-01-12 15:00:00,0.0,0.0
2000-01-12 15:15:00,0.0,0.0
2000-01-12 15:30:00,0.0,0.0
2000-01-12 15:45:00,0.0,0.0
2000-01-12 16:00:00,0.0,0.0
2000-01-12 16:15:00,0.0,0.0
2000-01-12 16:30:00,0.0,0.0
2000-01-12 16:45:00,0.0,0.0
2000-01-12 17:00:00,0.0,0.0
2000-01-12 17:15:00,-0.0,0.0
2000-01-12 17:30:00,-0.0,0.0
2000-01-12 17:45:00,0.0,13.795017195057028
2000-01-12 18:00:00,0.0,60.95754876593989
2000-01-12 18:15:00,0.0,61.691497971165376
2000-01-12 18:30:00,0.0,22.88823071259128
2000-01-12 18:45:00,0.0,191.89999999999998
2000-01-12 19:00:00,0.0,191.89999999999998
2000-01-12 19:15:00,0.0,140.11766130228997
2000-01-12 19:30:00,0.0,191.89999999999998
2000-01-12 19:45:00,0.0,6.424932572722241
2000-01-12 20:00:00,0.0,67.54466113412022
2000-01-12 20:15:00,0.0,62.4522429993344
2000-01-12 20:30:00,0.0,88.2638908415299
2000-01-12 20:45:00,0.0,22.37036471591881
2000-01-12 21:00:00,0.0,23.873474087973904
2000-01-12 21:15:00,0.0,20.672477701356968
2000-01-12 21:30:00,0.0,0.0
2000-01-12 21:45:00,0.0,0.0
2000-01-12 22:00:00,-0.0,0.0
2000-01-12 22:15:00,20.337419218074274,0.0
2000-01-12 22:30:00,18.99728867676461,0.0
2000-01-12 22:45:00,1.4960407653828307,0.0
2000-01-12 23:00:00,0.0,36.84975066585011
2000-01-12 23:15:00,0.0,-0.0
2000-01-12 23:30:00,0.0,0.0
2000-01-12 23:45:00,0.0,-0.0
2000-01-13 00:00:00,0.0,0.0
2000-01-13 00:15:00,0.0,0.0
2000-01-13 00:30:00,0.0,0.0
2000-01-13 00:45:00,-0.0,0.0
2000-01-13 01:00:00,0.0,0.0
2000-01-13 01:15:00,0.0,0.0
2000-01-13 01:30:00,-0.0,0.0
2000-01-13 01:45:00,0.0,0.0
2000-01-13 02:00:00,93.08575015482873,0.0
2000-01-13 02:15:00,17.874510853436828,0.0
2000-01-13 02:30:00,85.08014205404629,0.0
2000-01-13 02:45:00,0.0,0.0
2000-01-13 03:00:00,74.34093667865557,0.0
2000-01-13 03:15:00,0.0,0.0
2000-01-13 03:30:00,84.99692962570043,0.0
2000-01-13 03:45:00,128.79790613915455,0.0
2000-01-13 04:00:00,120.93976643623802,0.0
2000-01-13 04:15:00,115.33445324474972,0.0
2000-01-13 04:30:00,123.1849436502722,0.0
2000-01-13 04:45:00,107.1232828444893,0.0
2000-01-13 05:00:00,99.4443503697238,0.0
2000-01-13 05:15:00,108.71271967159106,0.0
2000-01-13 05:30:00,94.94325371249347,0.0
2000-01-13 05:45:00,38.94105456461989,0.0
2000-01-13 06:00:00,0.0,-0.0
2000-01-13 06:15:00,0.0,-0.0
2000-01-13 06:30:00,0.0,62.43724017125248
2000-01-13 06:45:00,0.0,18.858245652775423
2000-01-13 07:00:00,0.0,51.017882758273686
2000-01-13 07:15:00,0.0,0.0
2000-01-13 07:30:00,0.0,0.0
2000-01-13 07:45:00,0.0,0.0
2000-01-13 08:00:00,0.0,0.0
2000-01-13 08:15:00,0.0,0.0
2000-01-13 08:30:00,0.0,0.0
2000-01-13 08:45:00,0.0,0.0
2000-01-13 09:00:00,0.0,0.0
2000-01-13 09:15:00,0.0,0.0
2000-01-13 09:30:00,0.0,0.0
2000-01-13 09:45:00,0.0,0.0
2000-01-13 10:00:00,0.0,0.0
2000-01-13 10:15:00,0.0,0.0
2000-01-13 10:30:00,0.0,0.0
2000-01-13 10:45:00,0.0,0.0
2000-01-13 11:00:00,0.0,0.0
2000-01-13 11:15:00,0.0,0.0
2000-01-13 11:30:00,0.0,0.0
2000-01-13 11:45:00,0.0,0.0
2000-01-13 12:00:00,0.0,0.0
2000-01-13 12:15:00,0.0,0.0
2000-01-13 12:30:00,0.0,0.0
2000-01-13 12:45:00,0.0,0.0
2000-01-13 13:00:00,0.0,0.0
2000-01-13 13:15:00,0.0,0.0
2000-01-13 13:30:00,0.0,0.0
2000-01-13 13:45:00,0.0,0.0
2000-01-13 14:00:00,0.0,0.0
2000-01-13 14:15:00,0.0,0.0
2000-01-13 14:30:00,41.089664166774014,0.0
2000-01-13 14:45:00,0.0,0.0
2000-01-13 15:00:00,0.0,0.0
2000-01-13 15:15:00,0.0,0.0
2000-01-13 15:30:00,0.0,0.0
2000-01-13 15:45:00,0.0,6.170841695134982
2000-01-13 16:00:00,0.0,0.0
2000-01-13 16:15:00,0.0,0.0
2000-01-13 16:30:00,6.0470694526824635,0.0
2000-01-13 16:45:00,14.357763505303694,0.0
2000-01-13 17:00:00,0.0,0.0
2000-01-13 17:15:00,39.32447460462254,0.0
2000-01-13 17:30:00,52.62613661126716,0.0
2000-01-13 17:45:00,0.0,6.732700050611783
2000-01-13 18:00:00,0.0,191.89999999999998
2000-01-13 18:15:00,0.0,167.2883161055426
2000-01-13 18:30:00,0.0,158.96745106313702
2000-01-13 18:45:00,0.0,165.01309289691972
2000-01-13 19:00:00,0.0,191.89999999999998
2000-01-13 19:15:00,0.0,110.4351899233007
2000-01-13 19:30:00,0.0,112.6756412443653
2000-01-13 19:45:00,0.0,0.0
2000-01-13 20:00:00,0.0,30.252974894058553
2000-01-13 20:15:00,0.0,0.0
2000-01-13 20:30:00,0.0,17.66410333285674
2000-01-13 20:45:00,0.0,0.0
2000-01-13 21:00:00,0.0,0.0
2000-01-13 21:15:00,0.0,13.922530489207475
2000-01-13 21:30:00,0.0,0.0
2000-01-13 21:45:00,0.0,-0.0
2000-01-13 22:00:00,0.0,0.0
2000-01-13 22:15:00,0.0,0.0
2000-01-13 22:30:00,0.0,-0.0
2000-01-13 22:45:00,0.0,0.0
2000-01-13 23:00:00,0.0,0.0
2000-01-13 23:15:00,0.0,0.0
2000-01-13 23:30:00,0.0,-0.0
2000-01-13 23:45:00,0.0,-0.0
2000-01-14 00:00:00,0.0,0.0
2000-01-14 00:15:00,0.0,0.0
2000-01-14 00:30:00,0.0,0.0
2000-01-14 00:45:00,0.0,0.0
2000-01-14 01:00:00,0.0,0.0
2000-01-14 01:15:00,0.0,0.0
2000-01-14 01:30:00,0.0,0.0
2000-01-14 01:45:00,0.0,0.0
2000-01-14 02:00:00,0.0,0.0
2000-01-14 02:15:00,0.0,0.0
2000-01-14 02:30:00,0.0,0.0
2000-01-14 02:45:00,10.977948643357715,0.0
2000-01-14 03:00:00,158.57149321056488,0.0
2000-01-14 03:15:00,0.0,0.0
2000-01-14 03:30:00,142.1473783781102,0.0
2000-01-14 03:45:00,0.0,0.0
2000-01-14 04:00:00,144.141596842769,0.0
2000-01-14 04:15:00,154.55203231860955,0.0
2000-01-14 04:30:00,146.75124033254636,0.0
2000-01-14 04:45:00,151.49147739859745,0.0
2000-01-14 05:00:00,142.1829910997514,0.0
2000-01-14 05:15:00,141.25539490495015,0.0
2000-01-14 05:30:00,98.54820671697661,0.0
2000-01-14 05:45:00,2.1802401537665332,0.0
2000-01-14 06:00:00,0.0,45.01873240252732
2000-01-14 06:15:00,0.0,0.0
2000-01-14 06:30:00,0.0,0.0
2000-01-14 06:45:00,0.0,0.0
2000-01-14 07:00:00,0.0,0.0
2000-01-14 07:15:00,0.0,48.96946716241379
2000-01-14 07:30:00,0.0,0.0
2000-01-14 07:45:00,0.0,0.0
2000-01-14 08:00:00,0.0,0.0
2000-01-14 08:15:00,0.0,0.0
2000-01-14 08:30:00,0.0,0.0
2000-01-14 08:45:00,0.0,0.0
2000-01-14 09:00:00,0.0,0.0
2000-01-14 09:15:00,0.0,0.0
2000-01-14 09:30:00,0.0,0.0
2000-01-14 09:45:00,0.0,0.0
2000-01-14 10:00:00,0.0,0.0
2000-01-14 10:15:00,0.0,0.0
2000-01-14 10:30:00,0.0,0.0
2000-01-14 10:45:00,0.0,0.0
2000-01-14 11:00:00,0.0,0.0
2000-01-14 11:15:00,0.0,0.0
2000-01-14 11:30:00,0.0,0.0
2000-01-14 11:45:00,0.0,0.0
2000-01-14 12:00:00,0.0,0.0
2000-01-14 12:15:00,0.0,0.0
2000-01-14 12:30:00,0.0,0.0
2000-01-14 12:45:00,0.0,0.0
2000-01-14 13:00:00,0.0,0.0
2000-01-14 13:15:00,0.0,0.0
2000-01-14 13:30:00,0.0,0.0
2000-01-14 13:45:00,0.0,0.0
2000-01-14 14:00:00,0.0,0.0
2000-01-14 14:15:00,61.01983446622781,0.0
2000-01-14 14:30:00,0.0,0.0
2000-01-14 14:45:00,0.0,52.93682192542744
2000-01-14 15:00:00,0.0,31.097767591511115
2000-01-14 15:15:00,0.0,50.43796716272408
2000-01-14 15:30:00,0.0,0.0
2000-01-14 15:45:00,0.0,0.0
2000-01-14 16:00:00,63.252758959568666,0.0
2000-01-14 16:15:00,19.14256290064833,0.0
2000-01-14 16:30:00,0.0,37.89450841489585
2000-01-14 16:45:00,0.0,20.795915126916896
2000-01-14 17:00:00,72.74996355430933,0.0
2000-01-14 17:15:00,41.34005900591865,0.0
2000-01-14 17:30:00,46.74803117267851,0.0
2000-01-14 17:45:00,13.919842335570138,0.0
2000-01-14 18:00:00,0.0,191.89999999999998
2000-01-14 18:15:00,0.0,7.617879831317083
2000-01-14 18:30:00,0.0,78.26941819688001
2000-01-14 18:45:00,0.0,191.89999999999998
2000-01-14 19:00:00,0.0,191.89999999999998
2000-01-14 19:15:00,0.0,191.89999999999998
2000-01-14 19:30:00,0.0,57.783320351437
2000-01-14 19:45:00,0.0,69.8652096852436
2000-01-14 20:00:00,0.0,38.832542530632
2000-01-14 20:15:00,0.0,77.21528920800432
2000-01-14 20:30:00,0.0,69.56834019648608
2000-01-14 20:45:00,0.0,0.0
2000-01-14 21:00:00,0.0,-0.0
2000-01-14 21:15:00,0.0,0.0
2000-01-14 21:30:00,0.0,0.0
2000-01-14 21:45:00,0.0,-0.0
2000-01-14 22:00:00,0.0,0.0
2000-01-14 22:15:00,0.0,0.0
2000-01-14 22:30:00,0.0,0.0
2000-01-14 22:45:00,0.0,0.0
2000-01-14 23:00:00,0.0,0.0
2000-01-14 23:15:00,0.0,-0.0
2000-01-14 23:30:00,0.0,0.0
2000-01-14 23:45:00,0.0,-0.0
2000-01-15 00:00:00,0.0,0.0
2000-01-15 00:15:00,0.0,0.0
2000-01-15 00:30:00,0.0,0.0
2000-01-15 00:45:00,0.0,0.0
2000-01-15 01:00:00,0.0,0.0
2000-01-15 01:15:00,0.0,0.0
2000-01-15 01:30:00,0.0,0.0
2000-01-15 01:45:00,0.0,0.0
2000-01-15 02:00:00,0.0,0.0
2000-01-15 02:15:00,-0.0,0.0
2000-01-15 02:30:00,0.0,0.0
2000-01-15 02:45:00,0.0,0.0
2000-01-15 03:00:00,0.0,0.0
2000-01-15 03:15:00,0.0,0.0
2000-01-15 03:30:00,191.89999999999998,0.0
2000-01-15 03:45:00,0.0,0.0
2000-01-15 04:00:00,7.8152017982855995,0.0
2000-01-15 04:15:00,191.89999999999998,0.0
2000-01-15 04:30:00,191.89999999999998,0.0
2000-01-15 04:45:00,182.54060812825946,0.0
2000-01-15 05:00:00,191.49898119865014,0.0
2000-01-15 05:15:00,191.89999999999998,0.0
2000-01-15 05:30:00,143.34520887480488,0.0
2000-01-15 05:45:00,0.0,13.792655868119823
2000-01-15 06:00:00,0.0,0.0
2000-01-15 06:15:00,0.0,0.0
2000-01-15 06:30:00,0.0,0.0
2000-01-15 06:45:00,0.0,0.0
2000-01-15 07:00:00,0.0,0.0
2000-01-15 07:15:00,0.0,0.0
2000-01-15 07:30:00,0.0,0.0
2000-01-15 07:45:00,0.0,0.0
2000-01-15 08:00:00,0.0,0.0
2000-01-15 08:15:00,0.0,0.0
2000-01-15 08:30:00,0.0,0.0
2000-01-15 08:45:00,0.0,0.0
2000-01-15 09:00:00,0.0,0.0
2000-01-15 09:15:00,0.0,0.0
2000-01-15 09:30:00,0.0,0.0
2000-01-15 09:45:00,0.0,0.0
2000-01-15 10:00:00,0.0,0.0
2000-01-15 10:15:00,0.0,0.0
2000-01-15 10:30:00,0.0,0.0
2000-01-15 10:45:00,0.0,0.0
2000-01-15 11:00:00,0.0,0.0
2000-01-15 11:15:00,0.0,0.0
2000-01-15 11:30:00,0.0,0.0
2000-01-15 11:45:00,0.0,0.0
2000-01-15 12:00:00,0.0,0.0
2000-01-15 12:15:00,0.0,0.0
2000-01-15 12:30:00,0.0,0.0
2000-01-15 12:45:00,0.0,0.0
2000-01-15 13:00:00,0.0,0.0
2000-01-15 13:15:00,0.0,0.0
2000-01-15 13:30:00,0.0,0.0
2000-01-15 13:45:00,0.0,0.0
2000-01-15 14:00:00,0.0,0.0
2000-01-15 14:15:00,0.0,0.0
2000-01-15 14:30:00,0.0,0.0
2000-01-15 14:45:00,0.0,0.0
2000-01-15 15:00:00,0.0,0.0
2000-01-15 15:15:00,0.0,0.0
2000-01-15 15:30:00,0.0,0.0
2000-01-15 15:45:00,0.0,0.0
2000-01-15 16:00:00,0.0,0.0
2000-01-15 16:15:00,0.0,0.0
2000-01-15 16:30:00,0.0,0.0
2000-01-15 16:45:00,0.0,0.0
2000-01-15 17:00:00,0.0,0.0
2000-01-15 17:15:00,0.0,0.0
2000-01-15 17:30:00,0.0,0.0
2000-01-15 17:45:00,15.282721183512207,0.0
2000-01-15 18:00:00,0.0,179.43242896713326
2000-01-15 18:15:00,0.0,191.89999999999998
2000-01-15 18:30:00,0.0,0.0
2000-01-15 18:45:00,0.0,29.97796018435247
2000-01-15 19:00:00,0.0,71.97205884234324
2000-01-15 19:15:00,0.0,93.35375306660194
2000-01-15 19:30:00,0.0,87.67858623124135
2000-01-15 19:45:00,0.0,52.309734379380075
2000-01-15 20:00:00,0.0,14.926144800792827
2000-01-15 20:15:00,0.0,58.387389784980314
2000-01-15 20:30:00,0.0,106.46177264253055
2000-01-15 20:45:00,0.0,33.39293765347952
2000-01-15 21:00:00,0.0,66.95667005882785
2000-01-15 21:15:00,0.0,75.21129622653598
2000-01-15 21:30:00,0.0,82.2818118940366
2000-01-15 21:45:00,0.0,22.50945526776394
2000-01-15 22:00:00,24.529448648314414,0.0
2000-01-15 22:15:00,18.552865549702204,0.0
2000-01-15 22:30:00,33.035969367931415,0.0
2000-01-15 22:45:00,0.0,68.6967509182681
2000-01-15 23:00:00,-0.0,0.0
2000-01-15 23:15:00,0.0,0.0
2000-01-15 23:30:00,0.0,0.0
2000-01-15 23:45:00,0.0,-0.0
2000-01-16 00:00:00,0.0,0.0
2000-01-16 00:15:00,-0.0,0.0
2000-01-16 00:30:00,0.0,0.0
2000-01-16 00:45:00,0.0,0.0
2000-01-16 01:00:00,0.0,0.0
2000-01-16 01:15:00,0.0,0.0
2000-01-16 01:30:00,0.0,0.0
2000-01-16 01:45:00,0.0,0.0
2000-01-16 02:00:00,0.0,0.0
2000-01-16 02:15:00,0.0,0.0
2000-01-16 02:30:00,0.0,0.0
2000-01-16 02:45:00,0.0,0.0
2000-01-16 03:00:00,169.34344818476416,0.0
2000-01-16 03:15:00,0.0,0.0
2000-01-16 03:30:00,0.0,0.0
2000-01-16 03:45:00,0.0,0.0
2000-01-16 04:00:00,63.422003408624356,0.0
2000-01-16 04:15:00,191.89999999999998,0.0
2000-01-16 04:30:00,191.89999999999998,0.0
2000-01-16 04:45:00,0.0,0.0
2000-01-16 05:00:00,191.89999999999998,0.0
2000-01-16 05:15:00,180.0168457653654,0.0
2000-01-16 05:30:00,179.56975674424535,0.0
2000-01-16 05:45:00,124.74794589700082,0.0
2000-01-16 06:00:00,0.0,0.0
2000-01-16 06:15:00,0.0,0.0
2000-01-16 06:30:00,0.0,0.0
2000-01-16 06:45:00,0.0,0.0
2000-01-16 07:00:00,0.0,0.0
2000-01-16 07:15:00,0.0,0.0
2000-01-16 07:30:00,0.0,0.0
2000-01-16 07:45:00,0.0,0.0
2000-01-16 08:00:00,0.0,0.0
2000-01-16 08:15:00,0.0,0.0
2000-01-16 08:30:00,0.0,0.0
2000-01-16 08:45:00,0.0,0.0
2000-01-16 09:00:00,0.0,0.0
2000-01-16 09:15:00,0.0,0.0
2000-01-16 09:30:00,0.0,0.0
2000-01-16 09:45:00,0.0,0.0
2000-01-16 10:00:00,0.0,0.0
2000-01-16 10:15:00,0.0,0.0
2000-01-16 10:30:00,0.0,0.0
2000-01-16 10:45:00,0.0,0.0
2000-01-16 11:00:00,0.0,0.0
2000-01-16 11:15:00,0.0,0.0
2000-01-16 11:30:00,0.0,0.0
2000-01-16 11:45:00,0.0,0.0
2000-01-16 12:00:00,0.0,0.0
2000-01-16 12:15:00,0.0,0.0
2000-01-16 12:30:00,0.0,0.0
2000-01-16 12:45:00,0.0,0.0
2000-01-16 13:00:00,0.0,0.0
2000-01-16 13:15:00,0.0,0.0
2000-01-16 13:30:00,0.0,0.0
2000-01-16 13:45:00,0.0,0.0
2000-01-16 14:00:00,0.0,0.0
2000-01-16 14:15:00,0.0,0.0
2000-01-16 14:30:00,0.0,0.0
2000-01-16 14:45:00,0.0,0.0
2000-01-16 15:00:00,0.0,0.0
2000-01-16 15:15:00,0.0,0.0
2000-01-16 15:30:00,0.0,0.0
2000-01-16 15:45:00,0.0,0.0
2000-01-16 16:00:00,0.0,0.0
2000-01-16 16:15:00,0.0,0.0
2000-01-16 16:30:00,0.0,0.0
2000-01-16 16:45:00,0.0,0.0
2000-01-16 17:00:00,0.0,0.0
2000-01-16 17:15:00,0.0,0.0
2000-01-16 17:30:00,0.0,0.0
2000-01-16 17:45:00,-0.0,0.0
2000-01-16 18:00:00,0.0,145.65614916646217
2000-01-16 18:15:00,0.0,191.89999999999998
2000-01-16 18:30:00,0.0,191.89999999999998
2000-01-16 18:45:00,0.0,0.0
2000-01-16 19:00:00,0.0,0.026564540842059614
2000-01-16 19:15:00,0.0,191.89999999999998
2000-01-16 19:30:00,0.0,83.0529855711253
2000-01-16 19:45:00,0.0,0.0
2000-01-16 20:00:00,0.0,82.87410903278021
2000-01-16 20:15:00,0.0,0.0
2000-01-16 20:30:00,0.0,30.150845459843083
2000-01-16 20:45:00,0.0,0.0
2000-01-16 21:00:00,0.0,0.0
2000-01-16 21:15:00,0.0,89.97805901668391
2000-01-16 21:30:00,0.0,71.09293262752703
2000-01-16 21:45:00,0.0,49.33753827954865
2000-01-16 22:00:00,0.0,38.88281630518759
2000-01-16 22:15:00,-0.0,0.0
2000-01-16 22:30:00,47.80344082860519,0.0
2000-01-16 22:45:00,0.0,0.0
2000-01-16 23:00:00,0.0,43.142605347816186
2000-01-16 23:15:00,-0.0,0.0
2000-01-16 23:30:00,0.0,0.0
2000-01-16 23:45:00,0.0,-0.0
2000-01-17 00:00:00,0.0,0.0
2000-01-17 00:15:00,-0.0,0.0
2000-01-17 00:30:00,0.0,0.0
2000-01-17 00:45:00,0.0,0.0
2000-01-17 01:00:00,0.0,0.0
2000-01-17 01:15:00,0.0,0.0
2000-01-17 01:30:00,0.0,0.0
2000-01-17 01:45:00,-0.0,0.0
2000-01-17 02:00:00,0.0,0.0
2000-01-17 02:15:00,0.0,0.0
2000-01-17 02:30:00,-0.0,0.0
2000-01-17 02:45:00,0.0,0.0
2000-01-17 03:00:00,5.822442674748106,0.0
2000-01-17 03:15:00,105.70884639907683,0.0
2000-01-17 03:30:00,115.81540432164084,0.0
2000-01-17 03:45:00,136.55016621180468,0.0
2000-01-17 04:00:00,141.81163369619568,0.0
2000-01-17 04:15:00,129.453882013409,0.0
2000-01-17 04:30:00,131.2164512539431,0.0
2000-01-17 04:45:00,116.58315102162042,0.0
2000-01-17 05:00:00,123.41706149718382,0.0
2000-01-17 05:15:00,113.5902184076191,0.0
2000-01-17 05:30:00,113.54719817774156,0.0
2000-01-17 05:45:00,59.283544325017004,0.0
2000-01-17 06:00:00,0.0,-0.0
2000-01-17 06:15:00,0.0,0.0
2000-01-17 06:30:00,0.0,-0.0
2000-01-17 06:45:00,0.0,0.0
2000-01-17 07:00:00,0.0,0.0
2000-01-17 07:15:00,0.0,0.0
2000-01-17 07:30:00,0.0,-0.0
2000-01-17 07:45:00,0.0,0.0
2000-01-17 08:00:00,0.0,0.0
2000-01-17 08:15:00,0.0,0.0
2000-01-17 08:30:00,0.0,0.0
2000-01-17 08:45:00,0.0,0.0
2000-01-17 09:00:00,0.0,0.0
2000-01-17 09:15:00,0.0,0.0
2000-01-17 09:30:00,0.0,0.0
2000-01-17 09:45:00,0.0,0.0
2000-01-17 10:00:00,0.0,0.0
2000-01-17 10:15:00,0.0,0.0
2000-01-17 10:30:00,0.0,0.0
2000-01-17 10:45:00,0.0,0.0
2000-01-17 11:00:00,0.0,0.0
2000-01-17 11:15:00,0.0,0.0
2000-01-17 11:30:00,0.0,0.0
2000-01-17 11:45:00,0.0,0.0
2000-01-17 12:00:00,0.0,0.0
2000-01-17 12:15:00,0.0,0.0
2000-01-17 12:30:00,0.0,0.0
2000-01-17 12:45:00,0.0,0.0
2000-01-17 13:00:00,0.0,0.0
2000-01-17 13:15:00,0.0,0.0
2000-01-17 13:30:00,0.0,0.0
2000-01-17 13:45:00,0.0,0.0
2000-01-17 14:00:00,0.0,0.0
2000-01-17 14:15:00,0.0,0.0
2000-01-17 14:30:00,0.0,0.0
2000-01-17 14:45:00,0.0,0.0
2000-01-17 15:00:00,0.0,0.0
2000-01-17 15:15:00,0.0,0.0
2000-01-17 15:30:00,0.0,0.0
2000-01-17 15:45:00,0.0,0.0
2000-01-17 16:00:00,0.0,0.0
2000-01-17 16:15:00,0.0,0.0
2000-01-17 16:30:00,0.0,0.0
2000-01-17 16:45:00,0.0,0.0
2000-01-17 17:00:00,0.0,0.0
2000-01-17 17:15:00,0.0,0.0
2000-01-17 17:30:00,0.0,0.0
2000-01-17 17:45:00,-0.0,0.0
2000-01-17 18:00:00,0.0,177.11525673280013
2000-01-17 18:15:00,0.0,168.98957615648308
2000-01-17 18:30:00,0.0,167.8293699617948
2000-01-17 18:45:00,0.0,0.0
2000-01-17 19:00:00,0.0,186.98316620534496
2000-01-17 19:15:00,0.0,191.89999999999998
2000-01-17 19:30:00,0.0,3.7086221107424535
2000-01-17 19:45:00,0.0,0.0
2000-01-17 20:00:00,0.0,0.0
2000-01-17 20:15:00,0.0,29.13423408384865
2000-01-17 20:30:00,0.0,63.126724633444894
2000-01-17 20:45:00,0.0,4.462110394328846
2000-01-17 21:00:00,0.0,40.38620777581326
2000-01-17 21:15:00,0.0,23.5664898255514
2000-01-17 21:30:00,0.0,99.79664583874785
2000-01-17 21:45:00,0.0,9.753596281099533
2000-01-17 22:00:00,57.272626041836915,0.0
2000-01-17 22:15:00,30.86424018829655,0.0
2000-01-17 22:30:00,18.954476305112593,0.0
2000-01-17 22:45:00,0.0,96.64993663805961
2000-01-17 23:00:00,0.0,0.0
2000-01-17 23:15:00,0.0,-0.0
2000-01-17 23:30:00,0.0,0.0
2000-01-17 23:45:00,0.0,-0.0
2000-01-18 00:00:00,-0.0,0.0
2000-01-18 00:15:00,-0.0,0.0
2000-01-18 00:30:00,-0.0,0.0
2000-01-18 00:45:00,0.0,0.0
2000-01-18 01:00:00,0.0,0.0
2000-01-18 01:15:00,-0.0,0.0
2000-01-18 01:30:00,0.0,0.0
2000-01-18 01:45:00,0.0,0.0
2000-01-18 02:00:00,94.56456726625646,0.0
2000-01-18 02:15:00,0.0,0.0
2000-01-18 02:30:00,16.68113022350685,0.0
2000-01-18 02:45:00,0.0,0.0
2000-01-18 03:00:00,0.0,0.0
2000-01-18 03:15:00,0.0,0.0
2000-01-18 03:30:00,132.1507399967944,0.0
2000-01-18 03:45:00,0.0,0.0
2000-01-18 04:00:00,147.32966634019522,0.0
2000-01-18 04:15:00,144.85411434504852,0.0
2000-01-18 04:30:00,134.33574999925355,0.0
2000-01-18 04:45:00,150.31110017957383,0.0
2000-01-18 05:00:00,137.17552289613127,0.0
2000-01-18 05:15:00,133.870996472502,0.0
2000-01-18 05:30:00,125.75705580750324,0.0
2000-01-18 05:45:00,75.76935647323438,0.0
2000-01-18 06:00:00,0.0,-0.0
2000-01-18 06:15:00,0.0,0.0
2000-01-18 06:30:00,0.0,0.0
2000-01-18 06:45:00,0.0,0.0
2000-01-18 07:00:00,0.0,0.0
2000-01-18 07:15:00,0.0,0.0
2000-01-18 07:30:00,0.0,19.12019148711653
2000-01-18 07:45:00,0.0,0.0
2000-01-18 08:00:00,0.0,0.0
2000-01-18 08:15:00,0.0,0.0
2000-01-18 08:30:00,0.0,0.0
2000-01-18 08:45:00,0.0,0.0
2000-01-18 09:00:00,0.0,0.0
2000-01-18 09:15:00,0.0,0.0
2000-01-18 09:30:00,0.0,0.0
2000-01-18 09:45:00,0.0,0.0
2000-01-18 10:00:00,0.0,0.0
2000-01-18 10:15:00,0.0,0.0
2000-01-18 10:30:00,0.0,0.0
2000-01-18 10:45:00,0.0,0.0
2000-01-18 11:00:00,0.0,0.0
2000-01-18 11:15:00,0.0,0.0
2000-01-18 11:30:00,0.0,0.0
2000-01-18 11:45:00,0.0,0.0
2000-01-18 12:00:00,0.0,0.0
2000-01-18 12:15:00,0.0,0.0
2000-01-18 12:30:00,0.0,0.0
2000-01-18 12:45:00,0.0,0.0
2000-01-18 13:00:00,0.0,0.0
2000-01-18 13:15:00,0.0,0.0
2000-01-18 13:30:00,0.0,0.0
2000-01-18 13:45:00,0.0,0.0
2000-01-18 14:00:00,0.0,0.0
2000-01-18 14:15:00,0.0,0.0
2000-01-18 14:30:00,0.0,0.0
2000-01-18 14:45:00,0.0,0.0
2000-01-18 15:00:00,0.0,0.0
2000-01-18 15:15:00,0.0,0.0
2000-01-18 15:30:00,0.0,0.0
2000-01-18 15:45:00,0.0,0.0
2000-01-18 16:00:00,0.0,0.0
2000-01-18 16:15:00,0.0,0.0
2000-01-18 16:30:00,0.0,0.0
2000-01-18 16:45:00,0.0,0.0
2000-01-18 17:00:00,21.185807741957387,0.0
2000-01-18 17:15:00,0.0,0.0
2000-01-18 17:30:00,0.0,0.0
2000-01-18 17:45:00,0.0,-0.0
2000-01-18 18:00:00,0.0,191.89999999999998
2000-01-18 18:15:00,0.0,145.6374808781621
2000-01-18 18:30:00,0.0,138.66571481394703
2000-01-18 18:45:00,0.0,0.0
2000-01-18 19:00:00,0.0,175.0028879687975
2000-01-18 19:15:00,0.0,24.48861634607374
2000-01-18 19:30:00,0.0,16.017377174198884
2000-01-18 19:45:00,0.0,8.272421088046968
2000-01-18 20:00:00,0.0,132.3011148502473
2000-01-18 20:15:00,0.0,4.579259330474514
2000-01-18 20:30:00,0.0,55.77416370299218
2000-01-18 20:45:00,0.0,66.60486646738875
2000-01-18 21:00:00,0.0,9.250771559079027
2000-01-18 21:15:00,0.0,42.910625011778876
2000-01-18 21:30:00,0.0,36.20934265990198
2000-01-18 21:45:00,0.0,49.5566856683248
2000-01-18 22:00:00,0.0,69.58067248058612
2000-01-18 22:15:00,-0.0,0.0
2000-01-18 22:30:00,0.0,0.0
2000-01-18 22:45:00,0.0,0.0
2000-01-18 23:00:00,0.0,0.0
2000-01-18 23:15:00,0.0,0.0
2000-01-18 23:30:00,0.0,-0.0
2000-01-18 23:45:00,0.0,-0.0
2000-01-19 00:00:00,0.0,0.0
2000-01-19 00:15:00,-0.0,0.0
2000-01-19 00:30:00,0.0,0.0
2000-01-19 00:45:00,0.0,0.0
2000-01-19 01:00:00,0.0,0.0
2000-01-19 01:15:00,-0.0,0.0
2000-01-19 01:30:00,0.0,0.0
2000-01-19 01:45:00,0.0,0.0
2000-01-19 02:00:00,63.01345452057569,0.0
2000-01-19 02:15:00,0.0,0.0
2000-01-19 02:30:00,0.0,0.0
2000-01-19 02:45:00,0.0,0.0
2000-01-19 03:00:00,0.0,0.0
2000-01-19 03:15:00,0.0,0.0
2000-01-19 03:30:00,0.0,0.0
2000-01-19 03:45:00,152.8052464942757,0.0
2000-01-19 04:00:00,158.8558714208496,0.0
2000-01-19 04:15:00,144.01497725162727,0.0
2000-01-19 04:30:00,149.4649433987306,0.0
2000-01-19 04:45:00,97.43817621583169,0.0
2000-01-19 05:00:00,137.31848955057956,0.0
2000-01-19 05:15:00,138.06470445669868,0.0
2000-01-19 05:30:00,141.21037328605365,0.0
2000-01-19 05:45:00,110.61376340477764,0.0
2000-01-19 06:00:00,0.0,-0.0
2000-01-19 06:15:00,0.0,-0.0
2000-01-19 06:30:00,0.0,0.0
2000-01-19 06:45:00,0.0,0.0
2000-01-19 07:00:00,0.0,0.0
2000-01-19 07:15:00,0.0,0.0
2000-01-19 07:30:00,0.0,73.63030378765029
2000-01-19 07:45:00,0.0,0.0
2000-01-19 08:00:00,0.0,0.0
2000-01-19 08:15:00,0.0,0.0
2000-01-19 08:30:00,0.0,0.0
2000-01-19 08:45:00,0.0,0.0
2000-01-19 09:00:00,0.0,0.0
2000-01-19 09:15:00,0.0,0.0
2000-01-19 09:30:00,0.0,0.0
2000-01-19 09:45:00,0.0,0.0
2000-01-19 10:00:00,0.0,0.0
2000-01-19 10:15:00,0.0,0.0
2000-01-19 10:30:00,0.0,0.0
2000-01-19 10:45:00,0.0,0.0
2000-01-19 11:00:00,0.0,0.0
2000-01-19 11:15:00,0.0,0.0
2000-01-19 11:30:00,0.0,0.0
2000-01-19 11:45:00,0.0,0.0
2000-01-19 12:00:00,0.0,0.0
2000-01-19 12:15:00,0.0,0.0
2000-01-19 12:30:00,0.0,0.0
2000-01-19 12:45:00,0.0,0.0
2000-01-19 13:00:00,0.0,0.0
2000-01-19 13:15:00,0.0,0.0
2000-01-19 13:30:00,0.0,0.0
2000-01-19 13:45:00,0.0,0.0
2000-01-19 14:00:00,0.0,0.0
2000-01-19 14:15:00,0.0,0.0
2000-01-19 14:30:00,0.0,0.0
2000-01-19 14:45:00,0.0,0.0
2000-01-19 15:00:00,0.0,0.0
2000-01-19 15:15:00,0.0,0.0
2000-01-19 15:30:00,0.0,0.0
2000-01-19 15:45:00,0.0,0.0
2000-01-19 16:00:00,5.198679237518694,0.0
2000-01-19 16:15:00,0.0,0.0
2000-01-19 16:30:00,0.0,0.0
2000-01-19 16:45:00,0.0,0.0
2000-01-19 17:00:00,0.0,0.0
2000-01-19 17:15:00,51.24595814683869,0.0
2000-01-19 17:30:00,0.0,0.0
2000-01-19 17:45:00,25.140186757083313,0.0
2000-01-19 18:00:00,0.0,176.46110707288358
2000-01-19 18:15:00,0.0,191.89999999999998
2000-01-19 18:30:00,0.0,191.89999999999998
2000-01-19 18:45:00,0.0,7.195545155308082
2000-01-19 19:00:00,0.0,3.259691432626596
2000-01-19 19:15:00,0.0,191.89999999999998
2000-01-19 19:30:00,0.0,69.53428802804268
2000-01-19 19:45:00,0.0,53.33403323465291
2000-01-19 20:00:00,0.0,72.58955236660842
2000-01-19 20:15:00,0.0,2.1259036729413197
2000-01-19 20:30:00,0.0,38.09260535945367
2000-01-19 20:45:00,0.0,10.09759751399622
2000-01-19 21:00:00,0.0,35.14540330471419
2000-01-19 21:15:00,0.0,56.06549471892288
2000-01-19 21:30:00,0.0,15.153691797754988
2000-01-19 21:45:00,0.0,0.0
2000-01-19 22:00:00,0.0,51.997086342094406
2000-01-19 22:15:00,0.0,-0.0
2000-01-19 22:30:00,0.0,0.0
2000-01-19 22:45:00,0.0,0.0
2000-01-19 23:00:00,-0.0,0.0
2000-01-19 23:15:00,0.0,0.0
2000-01-19 23:30:00,0.0,0.0
2000-01-19 23:45:00,0.0,-0.0
2000-01-20 00:00:00,0.0,0.0
2000-01-20 00:15:00,0.0,0.0
2000-01-20 00:30:00,0.0,0.0
2000-01-20 00:45:00,0.0,0.0
2000-01-20 01:00:00,0.0,0.0
2000-01-20 01:15:00,0.0,0.0
2000-01-20 01:30:00,0.0,0.0
2000-01-20 01:45:00,0.0,0.0
2000-01-20 02:00:00,0.0,0.0
2000-01-20 02:15:00,0.0,0.0
2000-01-20 02:30:00,0.0,0.0
2000-01-20 02:45:00,0.0,0.0
2000-01-20 03:00:00,0.0,0.0
2000-01-20 03:15:00,54.00276477130514,0.0
2000-01-20 03:30:00,185.06296268225503,0.0
2000-01-20 03:45:00,0.0,0.0
2000-01-20 04:00:00,176.40303084829154,0.0
2000-01-20 04:15:00,176.69752528933572,0.0
2000-01-20 04:30:00,0.0,0.0
2000-01-20 04:45:00,174.311666021152,0.0
2000-01-20 05:00:00,163.8810820458436,0.0
2000-01-20 05:15:00,148.20710456495453,0.0
2000-01-20 05:30:00,136.0245724866785,0.0
2000-01-20 05:45:00,78.2092912901839,0.0
2000-01-20 06:00:00,0.0,-0.0
2000-01-20 06:15:00,0.0,0.0
2000-01-20 06:30:00,0.0,0.0
2000-01-20 06:45:00,0.0,0.0
2000-01-20 07:00:00,0.0,0.0
2000-01-20 07:15:00,0.0,0.0
2000-01-20 07:30:00,0.0,0.0
2000-01-20 07:45:00,0.0,0.0
2000-01-20 08:00:00,0.0,0.0
2000-01-20 08:15:00,0.0,0.0
2000-01-20 08:30:00,0.0,0.0
2000-01-20 08:45:00,0.0,0.0
2000-01-20 09:00:00,0.0,0.0
2000-01-20 09:15:00,0.0,0.0
2000-01-20 09:30:00,0.0,0.0
2000-01-20 09:45:00,0.0,0.0
2000-01-20 10:00:00,0.0,0.0
2000-01-20 10:15:00,0.0,0.0
2000-01-20 10:30:00,0.0,0.0
2000-01-20 10:45:00,0.0,0.0
2000-01-20 11:00:00,0.0,0.0
2000-01-20 11:15:00,0.0,0.0
2000-01-20 11:30:00,0.0,0.0
2000-01-20 11:45:00,0.0,0.0
2000-01-20 12:00:00,0.0,0.0
2000-01-20 12:15:00,0.0,0.0
2000-01-20 12:30:00,0.0,0.0
2000-01-20 12:45:00,0.0,0.0
2000-01-20 13:00:00,0.0,0.0
2000-01-20 13:15:00,0.0,0.0
2000-01-20 13:30:00,0.0,0.0
2000-01-20 13:45:00,0.0,0.0
2000-01-20 14:00:00,0.0,0.0
2000-01-20 14:15:00,0.0,0.0
2000-01-20 14:30:00,0.0,0.0
2000-01-20 14:45:00,0.0,0.0
2000-01-20 15:00:00,0.0,0.0
2000-01-20 15:15:00,0.0,0.0
2000-01-20 15:30:00,0.0,0.0
2000-01-20 15:45:00,0.0,0.0
2000-01-20 16:00:00,0.0,0.0
2000-01-20 16:15:00,0.0,0.0
2000-01-20 16:30:00,0.0,0.0
2000-01-20 16:45:00,0.0,0.0
2000-01-20 17:00:00,0.0,0.0
2000-01-20 17:15:00,0.0,0.0
2000-01-20 17:30:00,0.0,0.0
2000-01-20 17:45:00,-0.0,0.0
2000-01-20 18:00:00,0.0,0.0
2000-01-20 18:15:00,0.0,0.0
2000-01-20 18:30:00,0.0,93.0657017681361
2000-01-20 18:45:00,0.0,76.44361209237142
2000-01-20 19:00:00,0.0,84.31972634919282
2000-01-20 19:15:00,0.0,135.00069545135636
2000-01-20 19:30:00,0.0,99.41960802629967
2000-01-20 19:45:00,0.0,109.13508307083833
2000-01-20 20:00:00,0.0,84.3959753889493
2000-01-20 20:15:00,0.0,135.6748847645075
2000-01-20 20:30:00,0.0,120.59017044990799
2000-01-20 20:45:00,0.0,38.64139389666883
2000-01-20 21:00:00,0.0,80.51769806334778
2000-01-20 21:15:00,0.0,102.54119905742448
2000-01-20 21:30:00,0.0,7.0062516209994214
2000-01-20 21:45:00,0.0,0.0
2000-01-20 22:00:00,0.0,0.0
2000-01-20 22:15:00,0.0,0.0
2000-01-20 22:30:00,0.0,-0.0
2000-01-20 22:45:00,0.0,0.0
2000-01-20 23:00:00,0.0,-0.0
2000-01-20 23:15:00,0.0,0.0
2000-01-20 23:30:00,0.0,-0.0
2000-01-20 23:45:00,0.0,-0.0
2000-01-21 00:00:00,0.0,0.0
2000-01-21 00:15:00,0.0,0.0
2000-01-21 00:30:00,0.0,0.0
2000-01-21 00:45:00,0.0,0.0
2000-01-21 01:00:00,0.0,0.0
2000-01-21 01:15:00,0.0,0.0
2000-01-21 01:30:00,0.0,0.0
2000-01-21 01:45:00,0.0,0.0
2000-01-21 02:00:00,0.0,0.0
2000-01-21 02:15:00,0.0,0.0
2000-01-21 02:30:00,0.0,0.0
2000-01-21 02:45:00,0.0,0.0
2000-01-21 03:00:00,0.0,0.0
2000-01-21 03:15:00,0.0,0.0
2000-01-21 03:30:00,0.0,0.0
2000-01-21 03:45:00,0.0,0.0
2000-01-21 04:00:00,191.89999999999998,0.0
2000-01-21 04:15:00,191.89999999999998,0.0
2000-01-21 04:30:00,0.0,0.0
2000-01-21 04:45:00,191.89999999999998,0.0
2000-01-21 05:00:00,191.89999999999998,0.0
2000-01-21 05:15:00,191.89999999999998,0.0
2000-01-21 05:30:00,191.89999999999998,0.0
2000-01-21 05:45:00,141.39999999999992,0.0
2000-01-21 06:00:00,0.0,-0.0
2000-01-21 06:15:00,0.0,-0.0
2000-01-21 06:30:00,0.0,0.0
2000-01-21 06:45:00,0.0,0.0
2000-01-21 07:00:00,0.0,0.0
2000-01-21 07:15:00,0.0,0.0
2000-01-21 07:30:00,0.0,0.0
2000-01-21 07:45:00,0.0,0.0
2000-01-21 08:00:00,0.0,0.0
2000-01-21 08:15:00,0.0,0.0
2000-01-21 08:30:00,0.0,0.0
2000-01-21 08:45:00,0.0,0.0
2000-01-21 09:00:00,0.0,0.0
2000-01-21 09:15:00,0.0,0.0
2000-01-21 09:30:00,0.0,0.0
2000-01-21 09:45:00,0.0,0.0
2000-01-21 10:00:00,0.0,0.0
2000-01-21 10:15:00,0.0,0.0
2000-01-21 10:30:00,0.0,0.0
2000-01-21 10:45:00,0.0,0.0
2000-01-21 11:00:00,0.0,0.0
2000-01-21 11:15:00,0.0,0.0
2000-01-21 11:30:00,0.0,0.0
2000-01-21 11:45:00,0.0,0.0
2000-01-21 12:00:00,0.0,0.0
2000-01-21 12:15:00,0.0,0.0
2000-01-21 12:30:00,0.0,0.0
2000-01-21 12:45:00,0.0,0.0
2000-01-21 13:00:00,0.0,0.0
2000-01-21 13:15:00,0.0,0.0
2000-01-21 13:30:00,0.0,0.0
2000-01-21 13:45:00,0.0,0.0
2000-01-21 14:00:00,0.0,0.0
2000-01-21 14:15:00,0.0,0.0
2000-01-21 14:30:00,0.0,0.0
2000-01-21 14:45:00,0.0,0.0
2000-01-21 15:00:00,0.0,0.0
2000-01-21 15:15:00,0.0,0.0
2000-01-21 15:30:00,0.0,0.0
2000-01-21 15:45:00,0.0,0.0
2000-01-21 16:00:00,0.0,0.0
2000-01-21 16:15:00,0.0,0.0
2000-01-21 16:30:00,0.0,0.0
2000-01-21 16:45:00,0.0,0.0
2000-01-21 17:00:00,0.0,0.0
2000-01-21 17:15:00,0.0,0.0
2000-01-21 17:30:00,0.0,0.0
2000-01-21 17:45:00,-0.0,0.0
2000-01-21 18:00:00,0.0,191.89999999999998
2000-01-21 18:15:00,0.0,191.89999999999998
2000-01-21 18:30:00,0.0,0.0
2000-01-21 18:45:00,0.0,178.79917800004887
2000-01-21 19:00:00,0.0,145.94518483230624
2000-01-21 19:15:00,0.0,191.89999999999998
2000-01-21 19:30:00,0.0,185.25290546265737
2000-01-21 19:45:00,0.0,0.0
2000-01-21 20:00:00,0.0,0.0
2000-01-21 20:15:00,0.0,0.0
2000-01-21 20:30:00,0.0,0.0
2000-01-21 20:45:00,0.0,0.0
2000-01-21 21:00:00,0.0,0.0
2000-01-21 21:15:00,0.0,75.72761600312396
2000-01-21 21:30:00,0.0,0.0
2000-01-21 21:45:00,0.0,0.0
2000-01-21 22:00:00,0.0,5.32711570186342
2000-01-21 22:15:00,21.301338355026154,0.0
2000-01-21 22:30:00,0.0,19.224457865411104
2000-01-21 22:45:00,0.0,0.0
2000-01-21 23:00:00,0.0,0.0
2000-01-21 23:15:00,0.0,0.0
2000-01-21 23:30:00,0.0,0.0
2000-01-21 23:45:00,0.0,-0.0
2000-01-22 00:00:00,0.0,0.0
2000-01-22 00:15:00,0.0,0.0
2000-01-22 00:30:00,0.0,0.0
2000-01-22 00:45:00,0.0,0.0
2000-01-22 01:00:00,0.0,0.0
2000-01-22 01:15:00,0.0,0.0
2000-01-22 01:30:00,0.0,0.0
2000-01-22 01:45:00,0.0,0.0
2000-01-22 02:00:00,0.0,0.0
2000-01-22 02:15:00,0.0,0.0
2000-01-22 02:30:00,127.78328171310531,0.0
2000-01-22 02:45:00,0.0,0.0
2000-01-22 03:00:00,0.0,0.0
2000-01-22 03:15:00,79.61860664042977,0.0
2000-01-22 03:30:00,0.0,0.0
2000-01-22 03:45:00,0.0,0.0
2000-01-22 04:00:00,156.49204403701688,0.0
2000-01-22 04:15:00,161.64408066947985,0.0
2000-01-22 04:30:00,166.08820819108075,0.0
2000-01-22 04:45:00,137.61640815875816,0.0
2000-01-22 05:00:00,143.4417484604872,0.0
2000-01-22 05:15:00,138.44337647137488,0.0
2000-01-22 05:30:00,113.00421274777541,0.0
2000-01-22 05:45:00,68.66803291049192,0.0
2000-01-22 06:00:00,0.0,-0.0
2000-01-22 06:15:00,0.0,-0.0
2000-01-22 06:30:00,0.0,0.0
2000-01-22 06:45:00,0.0,0.0
2000-01-22 07:00:00,0.0,0.0
2000-01-22 07:15:00,0.0,0.0
2000-01-22 07:30:00,0.0,0.0
2000-01-22 07:45:00,0.0,0.0
2000-01-22 08:00:00,0.0,0.0
2000-01-22 08:15:00,0.0,0.0
2000-01-22 08:30:00,0.0,0.0
2000-01-22 08:45:00,0.0,0.0
2000-01-22 09:00:00,0.0,0.0
2000-01-22 09:15:00,0.0,0.0
2000-01-22 09:30:00,0.0,0.0
2000-01-22 09:45:00,0.0,0.0
2000-01-22 10:00:00,0.0,0.0
2000-01-22 10:15:00,0.0,0.0
2000-01-22 10:30:00,0.0,0.0
2000-01-22 10:45:00,0.0,0.0
2000-01-22 11:00:00,0.0,0.0
2000-01-22 11:15:00,0.0,0.0
2000-01-22 11:30:00,0.0,0.0
2000-01-22 11:45:00,0.0,0.0
2000-01-22 12:00:00,0.0,0.0
2000-01-22 12:15:00,0.0,0.0
2000-01-22 12:30:00,0.0,0.0
2000-01-22 12:45:00,0.0,159.08666122446164
2000-01-22 13:00:00,0.0,99.37087744044433
2000-01-22 13:15:00,35.40709665503205,0.0
2000-01-22 13:30:00,71.72370680777121,0.0
2000-01-22 13:45:00,13.65111430909414,0.0
2000-01-22 14:00:00,23.60428867001181,0.0
2000-01-22 14:15:00,0.0,41.270767262627345
2000-01-22 14:30:00,0.0,82.84440104296047
2000-01-22 14:45:00,0.0,146.88650226062785
2000-01-22 15:00:00,0.0,143.77238638561172
2000-01-22 15:15:00,0.0,24.314649926457065
2000-01-22 15:30:00,33.908267594649345,0.0
2000-01-22 15:45:00,20.404887225253134,0.0
2000-01-22 16:00:00,11.723673254671525,0.0
2000-01-22 16:15:00,7.155274353807783,0.0
2000-01-22 16:30:00,20.07288634359466,0.0
2000-01-22 16:45:00,68.22440992156402,0.0
2000-01-22 17:00:00,113.57037927802017,0.0
2000-01-22 17:15:00,112.79830879200875,0.0
2000-01-22 17:30:00,125.09144602702031,0.0
2000-01-22 17:45:00,115.5686879621718,0.0
2000-01-22 18:00:00,0.0,106.4208735762469
2000-01-22 18:15:00,0.0,0.6425975264399426
2000-01-22 18:30:00,0.0,25.439717926319872
2000-01-22 18:45:00,0.0,32.68056076713211
2000-01-22 19:00:00,0.0,19.770336025306193
2000-01-22 19:15:00,0.0,87.49236145128774
2000-01-22 19:30:00,0.0,105.12628504225026
2000-01-22 19:45:00,0.0,149.08318098051248
2000-01-22 20:00:00,0.0,161.4736797137547
2000-01-22 20:15:00,0.0,103.25494895543036
2000-01-22 20:30:00,0.0,81.74982957131616
2000-01-22 20:45:00,0.0,33.501223164922095
2000-01-22 21:00:00,0.0,54.67331237142909
2000-01-22 21:15:00,0.0,137.14945537288824
2000-01-22 21:30:00,0.0,65.37265352614381
2000-01-22 21:45:00,0.0,2.9209840286199835
2000-01-22 22:00:00,0.0,0.0
2000-01-22 22:15:00,0.0,0.0
2000-01-22 22:30:00,0.0,0.0
2000-01-22 22:45:00,0.0,-0.0
2000-01-22 23:00:00,0.0,-0.0
2000-01-22 23:15:00,0.0,-0.0
2000-01-22 23:30:00,0.0,-0.0
2000-01-22 23:45:00,0.0,-0.0
2000-01-23 00:00:00,0.0,0.0
2000-01-23 00:15:00,0.0,0.0
2000-01-23 00:30:00,0.0,0.0
2000-01-23 00:45:00,-0.0,0.0
2000-01-23 01:00:00,-0.0,0.0
2000-01-23 01:15:00,-0.0,0.0
2000-01-23 01:30:00,0.0,0.0
2000-01-23 01:45:00,0.0,0.0
2000-01-23 02:00:00,-0.0,0.0
2000-01-23 02:15:00,0.0,0.0
2000-01-23 02:30:00,-0.0,0.0
2000-01-23 02:45:00,0.0,0.0
2000-01-23 03:00:00,123.55651270491005,0.0
2000-01-23 03:15:00,110.46452484049234,0.0
2000-01-23 03:30:00,93.62826578467434,0.0
2000-01-23 03:45:00,151.33229071020213,0.0
2000-01-23 04:00:00,0.0,0.0
2000-01-23 04:15:00,105.87368814413077,0.0
2000-01-23 04:30:00,97.66432119208488,0.0
2000-01-23 04:45:00,90.62135313258025,0.0
2000-01-23 05:00:00,137.54231099219473,0.0
2000-01-23 05:15:00,151.63113214989087,0.0
2000-01-23 05:30:00,134.97631314925522,0.0
2000-01-23 05:45:00,95.50928719958452,0.0
2000-01-23 06:00:00,0.0,0.0
2000-01-23 06:15:00,0.0,0.0
2000-01-23 06:30:00,0.0,0.0
2000-01-23 06:45:00,0.0,0.0
2000-01-23 07:00:00,0.0,0.0
2000-01-23 07:15:00,0.0,55.66921626625248
2000-01-23 07:30:00,0.0,2.2760673292596607
2000-01-23 07:45:00,0.0,0.0
2000-01-23 08:00:00,0.0,0.0
2000-01-23 08:15:00,0.0,0.0
2000-01-23 08:30:00,0.0,3.0036545999146256
2000-01-23 08:45:00,0.0,0.0
2000-01-23 09:00:00,0.0,0.0
2000-01-23 09:15:00,0.0,0.0
2000-01-23 09:30:00,0.0,0.0
2000-01-23 09:45:00,0.0,0.0
2000-01-23 10:00:00,0.0,0.0
2000-01-23 10:15:00,0.0,0.0
2000-01-23 10:30:00,0.0,0.0
2000-01-23 10:45:00,0.0,0.0
2000-01-23 11:00:00,0.0,0.0
2000-01-23 11:15:00,0.0,0.0
2000-01-23 11:30:00,0.0,0.0
2000-01-23 11:45:00,0.0,0.0
2000-01-23 12:00:00,0.0,0.0
2000-01-23 12:15:00,0.0,0.0
2000-01-23 12:30:00,0.0,0.0
2000-01-23 12:45:00,0.0,0.0
2000-01-23 13:00:00,0.0,0.0
2000-01-23 13:15:00,0.0,0.0
2000-01-23 13:30:00,0.0,0.0
2000-01-23 13:45:00,0.0,0.0
2000-01-23 14:00:00,0.0,0.0
2000-01-23 14:15:00,0.0,0.0
2000-01-23 14:30:00,0.0,0.0
2000-01-23 14:45:00,0.0,0.0
2000-01-23 15:00:00,0.0,0.0
2000-01-23 15:15:00,0.0,0.0
2000-01-23 15:30:00,0.0,0.0
2000-01-23 15:45:00,0.0,0.0
2000-01-23 16:00:00,0.0,0.0
2000-01-23 16:15:00,0.0,0.0
2000-01-23 16:30:00,0.0,0.0
2000-01-23 16:45:00,0.0,0.0
2000-01-23 17:00:00,0.0,0.0
2000-01-23 17:15:00,0.0,0.0
2000-01-23 17:30:00,67.53344952401868,0.0
2000-01-23 17:45:00,-0.0,0.0
2000-01-23 18:00:00,0.0,191.89999999999998
2000-01-23 18:15:00,0.0,34.74234385026051
2000-01-23 18:30:00,0.0,191.89999999999998
2000-01-23 18:45:00,0.0,104.01087390556813
2000-01-23 19:00:00,0.0,141.44486576406072
2000-01-23 19:15:00,0.0,191.89999999999998
2000-01-23 19:30:00,0.0,73.09205321329898
2000-01-23 19:45:00,0.0,14.123461138950574
2000-01-23 20:00:00,0.0,77.94009440731088
2000-01-23 20:15:00,0.0,37.14790714400635
2000-01-23 20:30:00,0.0,56.95927945257097
2000-01-23 20:45:00,0.0,0.0
2000-01-23 21:00:00,0.0,17.58042929569868
2000-01-23 21:15:00,0.0,34.01069182827419
2000-01-23 21:30:00,0.0,0.0
2000-01-23 21:45:00,0.0,-0.0
2000-01-23 22:00:00,0.0,-0.0
2000-01-23 22:15:00,0.0,0.0
2000-01-23 22:30:00,0.0,-0.0
2000-01-23 22:45:00,0.0,0.0
2000-01-23 23:00:00,0.0,-0.0
2000-01-23 23:15:00,0.0,-0.0
2000-01-23 23:30:00,0.0,0.0
2000-01-23 23:45:00,0.0,-0.0
2000-01-24 00:00:00,0.0,0.0
2000-01-24 00:15:00,0.0,0.0
2000-01-24 00:30:00,0.0,0.0
2000-01-24 00:45:00,0.0,0.0
2000-01-24 01:00:00,0.0,0.0
2000-01-24 01:15:00,0.0,0.0
2000-01-24 01:30:00,0.0,0.0
2000-01-24 01:45:00,0.0,0.0
2000-01-24 02:00:00,0.0,0.0
2000-01-24 02:15:00,0.0,0.0
2000-01-24 02:30:00,-0.0,0.0
2000-01-24 02:45:00,132.53771429778587,0.0
2000-01-24 03:00:00,0.0,0.0
2000-01-24 03:15:00,153.98584151686114,0.0
2000-01-24 03:30:00,100.08838788677383,0.0
2000-01-24 03:45:00,95.73780994470505,0.0
2000-01-24 04:00:00,136.9052424991543,0.0
2000-01-24 04:15:00,134.4072357369895,0.0
2000-01-24 04:30:00,125.77154788901494,0.0
2000-01-24 04:45:00,103.83364823935983,0.0
2000-01-24 05:00:00,116.11796363452177,0.0
2000-01-24 05:15:00,0.0,0.0
2000-01-24 05:30:00,137.87069136909028,0.0
2000-01-24 05:45:00,55.54391698574341,0.0
2000-01-24 06:00:00,0.0,0.0
2000-01-24 06:15:00,0.0,0.0
2000-01-24 06:30:00,0.0,0.0
2000-01-24 06:45:00,0.0,0.0
2000-01-24 07:00:00,0.0,0.0
2000-01-24 07:15:00,0.0,7.800712135042431
2000-01-24 07:30:00,0.0,0.0
2000-01-24 07:45:00,0.0,0.0
2000-01-24 08:00:00,0.0,0.0
2000-01-24 08:15:00,0.0,0.0
2000-01-24 08:30:00,0.0,0.0
2000-01-24 08:45:00,0.0,0.0
2000-01-24 09:00:00,0.0,0.0
2000-01-24 09:15:00,0.0,0.0
2000-01-24 09:30:00,0.0,0.0
2000-01-24 09:45:00,0.0,0.0
2000-01-24 10:00:00,0.0,0.0
2000-01-24 10:15:00,0.0,0.0
2000-01-24 10:30:00,0.0,0.0
2000-01-24 10:45:00,0.0,0.0
2000-01-24 11:00:00,0.0,0.0
2000-01-24 11:15:00,0.0,0.0
2000-01-24 11:30:00,0.0,0.0
2000-01-24 11:45:00,0.0,0.0
2000-01-24 12:00:00,0.0,0.0
2000-01-24 12:15:00,0.0,0.0
2000-01-24 12:30:00,0.0,0.0
2000-01-24 12:45:00,0.0,0.0
2000-01-24 13:00:00,0.0,0.0
2000-01-24 13:15:00,0.0,0.0
2000-01-24 13:30:00,0.0,0.0
2000-01-24 13:45:00,0.0,0.0
2000-01-24 14:00:00,0.0,0.0
2000-01-24 14:15:00,0.0,0.0
2000-01-24 14:30:00,0.0,0.0
2000-01-24 14:45:00,0.0,0.0
2000-01-24 15:00:00,0.0,0.0
2000-01-24 15:15:00,0.0,0.0
2000-01-24 15:30:00,0.0,0.0
2000-01-24 15:45:00,0.0,0.0
2000-01-24 16:00:00,0.0,0.0
2000-01-24 16:15:00,0.0,0.0
2000-01-24 16:30:00,0.0,0.0
2000-01-24 16:45:00,8.643448349077373,0.0
2000-01-24 17:00:00,0.0,0.0
2000-01-24 17:15:00,0.0,0.0
2000-01-24 17:30:00,0.0,0.0
2000-01-24 17:45:00,-0.0,0.0
2000-01-24 18:00:00,0.0,191.89999999999998
2000-01-24 18:15:00,0.0,191.89999999999998
2000-01-24 18:30:00,0.0,5.689506494064318
2000-01-24 18:45:00,0.0,28.34668564517864
2000-01-24 19:00:00,0.0,86.55118321467285
2000-01-24 19:15:00,0.0,73.64398803422421
2000-01-24 19:30:00,0.0,63.70813683648066
2000-01-24 19:45:00,0.0,30.797248165928977
2000-01-24 20:00:00,0.0,0.0
2000-01-24 20:15:00,0.0,108.29684570816897
2000-01-24 20:30:00,0.0,131.98508427726614
2000-01-24 20:45:00,0.0,92.38145041708401
2000-01-24 21:00:00,0.0,67.03019824759429
2000-01-24 21:15:00,0.0,48.089110741868836
2000-01-24 21:30:00,0.0,0.0
2000-01-24 21:45:00,0.0,18.28544896194063
2000-01-24 22:00:00,0.0,28.14711325552753
2000-01-24 22:15:00,-0.0,0.0
2000-01-24 22:30:00,0.0,0.0
2000-01-24 22:45:00,0.0,0.0
2000-01-24 23:00:00,0.0,0.0
2000-01-24 23:15:00,0.0,0.0
2000-01-24 23:30:00,0.0,0.0
2000-01-24 23:45:00,0.0,-0.0
2000-01-25 00:00:00,-0.0,0.0
2000-01-25 00:15:00,0.0,0.0
2000-01-25 00:30:00,0.0,0.0
2000-01-25 00:45:00,0.0,0.0
2000-01-25 01:00:00,0.0,0.0
2000-01-25 01:15:00,-0.0,0.0
2000-01-25 01:30:00,0.0,0.0
2000-01-25 01:45:00,82.98346895252922,0.0
2000-01-25 02:00:00,0.0,0.0
2000-01-25 02:15:00,63.959392956544065,0.0
2000-01-25 02:30:00,78.73274769920411,0.0
2000-01-25 02:45:00,78.30029067011694,0.0
2000-01-25 03:00:00,99.79990797410296,0.0
2000-01-25 03:15:00,101.54698537007607,0.0
2000-01-25 03:30:00,91.85262355385247,0.0
2000-01-25 03:45:00,96.32110946250504,0.0
2000-01-25 04:00:00,90.63721211051096,0.0
2000-01-25 04:15:00,86.26300458627868,0.0
2000-01-25 04:30:00,89.37535855014686,0.0
2000-01-25 04:45:00,65.6752120690436,0.0
2000-01-25 05:00:00,66.31143899195575,0.0
2000-01-25 05:15:00,77.01916977618907,0.0
2000-01-25 05:30:00,59.781531561108864,0.0
2000-01-25 05:45:00,64.24054571583518,0.0
2000-01-25 06:00:00,0.0,-0.0
2000-01-25 06:15:00,0.0,0.0
2000-01-25 06:30:00,0.0,0.0
2000-01-25 06:45:00,0.0,-0.0
2000-01-25 07:00:00,0.0,0.0
2000-01-25 07:15:00,0.0,0.0
2000-01-25 07:30:00,0.0,0.0
2000-01-25 07:45:00,0.0,0.0
2000-01-25 08:00:00,0.0,0.0
2000-01-25 08:15:00,0.0,0.0
2000-01-25 08:30:00,0.0,0.0
2000-01-25 08:45:00,0.0,0.0
2000-01-25 09:00:00,0.0,0.0
2000-01-25 09:15:00,0.0,0.0
2000-01-25 09:30:00,0.0,0.0
2000-01-25 09:45:00,0.0,0.0
2000-01-25 10:00:00,0.0,0.0
2000-01-25 10:15:00,0.0,0.0
2000-01-25 10:30:00,0.0,0.0
2000-01-25 10:45:00,0.0,0.0
2000-01-25 11:00:00,0.0,0.0
2000-01-25 11:15:00,0.0,0.0
2000-01-25 11:30:00,0.0,0.0
2000-01-25 11:45:00,0.0,0.0
2000-01-25 12:00:00,0.0,0.0
2000-01-25 12:15:00,0.0,0.0
2000-01-25 12:30:00,0.0,0.0
2000-01-25 12:45:00,0.0,0.0
2000-01-25 13:00:00,0.0,0.0
2000-01-25 13:15:00,0.0,0.0
2000-01-25 13:30:00,0.0,0.0
2000-01-25 13:45:00,0.0,0.0
2000-01-25 14:00:00,0.0,0.0
2000-01-25 14:15:00,0.0,0.0
2000-01-25 14:30:00,0.0,0.0
2000-01-25 14:45:00,0.0,0.0
2000-01-25 15:00:00,0.0,30.26737974291632
2000-01-25 15:15:00,0.0,0.0
2000-01-25 15:30:00,0.0,0.0
2000-01-25 15:45:00,0.0,0.0
2000-01-25 16:00:00,0.0,0.0
2000-01-25 16:15:00,0.0,0.0
2000-01-25 16:30:00,0.0,0.0
2000-01-25 16:45:00,0.0,0.0
2000-01-25 17:00:00,0.0,0.0
2000-01-25 17:15:00,0.0,0.0
2000-01-25 17:30:00,33.537262873037434,0.0
2000-01-25 17:45:00,0.0,0.0
2000-01-25 18:00:00,0.0,174.72721168043765
2000-01-25 18:15:00,0.0,0.4492584229586214
2000-01-25 18:30:00,0.0,1.7426788281223367
2000-01-25 18:45:00,0.0,39.691721787977286
2000-01-25 19:00:00,0.0,39.09090284142411
2000-01-25 19:15:00,0.0,148.12634140917305
2000-01-25 19:30:00,0.0,191.89999999999998
2000-01-25 19:45:00,0.0,58.672762437376605
2000-01-25 20:00:00,0.0,141.51428602755556
2000-01-25 20:15:00,0.0,94.00945021977924
2000-01-25 20:30:00,0.0,119.1282366806513
2000-01-25 20:45:00,0.0,69.19933349736846
2000-01-25 21:00:00,0.0,43.64707222327428
2000-01-25 21:15:00,0.0,43.96029667289079
2000-01-25 21:30:00,0.0,0.39061337229196624
2000-01-25 21:45:00,0.0,0.0
2000-01-25 22:00:00,0.0,0.5018338987183029
2000-01-25 22:15:00,-0.0,0.0
2000-01-25 22:30:00,7.237888407592221,0.0
2000-01-25 22:45:00,0.0,6.532194287851979
2000-01-25 23:00:00,0.0,0.0
2000-01-25 23:15:00,0.0,0.0
2000-01-25 23:30:00,0.0,0.0
2000-01-25 23:45:00,0.0,-0.0
2000-01-26 00:00:00,0.0,0.0
2000-01-26 00:15:00,0.0,0.0
2000-01-26 00:30:00,0.0,0.0
2000-01-26 00:45:00,0.0,0.0
2000-01-26 01:00:00,0.0,0.0
2000-01-26 01:15:00,0.0,0.0
2000-01-26 01:30:00,0.0,0.0
2000-01-26 01:45:00,0.0,0.0
2000-01-26 02:00:00,0.0,0.0
2000-01-26 02:15:00,0.0,0.0
2000-01-26 02:30:00,0.0,0.0
2000-01-26 02:45:00,151.92111020343228,0.0
2000-01-26 03:00:00,0.0,0.0
2000-01-26 03:15:00,0.0,0.0
2000-01-26 03:30:00,0.0,0.0
2000-01-26 03:45:00,166.64585168290915,0.0
2000-01-26 04:00:00,181.73074996830746,0.0
2000-01-26 04:15:00,0.0,0.0
2000-01-26 04:30:00,127.84127215494523,0.0
2000-01-26 04:45:00,98.45603930515446,0.0
2000-01-26 05:00:00,147.46732822819425,0.0
2000-01-26 05:15:00,166.54487540251253,0.0
2000-01-26 05:30:00,147.66754384084948,0.0
2000-01-26 05:45:00,104.52522921369516,0.0
2000-01-26 06:00:00,0.0,-0.0
2000-01-26 06:15:00,0.0,-0.0
2000-01-26 06:30:00,0.0,0.0
2000-01-26 06:45:00,0.0,0.0
2000-01-26 07:00:00,0.0,0.0
2000-01-26 07:15:00,0.0,-0.0
2000-01-26 07:30:00,0.0,0.0
2000-01-26 07:45:00,0.0,0.0
2000-01-26 08:00:00,0.0,0.0
2000-01-26 08:15:00,0.0,0.0
2000-01-26 08:30:00,0.0,0.0
2000-01-26 08:45:00,0.0,0.0
2000-01-26 09:00:00,0.0,0.0
2000-01-26 09:15:00,0.0,0.0
2000-01-26 09:30:00,0.0,0.0
2000-01-26 09:45:00,0.0,0.0
2000-01-26 10:00:00,0.0,0.0
2000-01-26 10:15:00,0.0,0.0
2000-01-26 10:30:00,0.0,0.0
2000-01-26 10:45:00,0.0,0.0
2000-01-26 11:00:00,0.0,0.0
2000-01-26 11:15:00,0.0,0.0
2000-01-26 11:30:00,0.0,0.0
2000-01-26 11:45:00,0.0,0.0
2000-01-26 12:00:00,0.0,0.0
2000-01-26 12:15:00,0.0,0.0
2000-01-26 12:30:00,0.0,0.0
2000-01-26 12:45:00,0.0,0.0
2000-01-26 13:00:00,0.0,0.0
2000-01-26 13:15:00,0.0,0.0
2000-01-26 13:30:00,0.0,0.0
2000-01-26 13:45:00,0.0,0.0
2000-01-26 14:00:00,0.0,0.0
2000-01-26 14:15:00,0.0,0.0
2000-01-26 14:30:00,0.0,0.0
2000-01-26 14:45:00,0.0,0.0
2000-01-26 15:00:00,0.0,0.0
2000-01-26 15:15:00,0.0,0.0
2000-01-26 15:30:00,0.0,0.0
2000-01-26 15:45:00,0.0,0.0
2000-01-26 16:00:00,0.0,0.0
2000-01-26 16:15:00,0.0,0.0
2000-01-26 16:30:00,-0.0,0.0
2000-01-26 16:45:00,0.0,0.0
2000-01-26 17:00:00,0.0,0.0
2000-01-26 17:15:00,0.0,0.0
2000-01-26 17:30:00,0.0,0.0
2000-01-26 17:45:00,-0.0,0.0
2000-01-26 18:00:00,0.0,-0.0
2000-01-26 18:15:00,0.0,-0.0
2000-01-26 18:30:00,0.0,0.0
2000-01-26 18:45:00,0.0,0.0
2000-01-26 19:00:00,0.0,142.55951875839634
2000-01-26 19:15:00,0.0,31.019527774287297
2000-01-26 19:30:00,0.0,191.89999999999998
2000-01-26 19:45:00,0.0,123.96416462326309
2000-01-26 20:00:00,0.0,90.02335837280683
2000-01-26 20:15:00,0.0,81.21282329222672
2000-01-26 20:30:00,0.0,73.87866757122643
2000-01-26 20:45:00,0.0,50.49522174876918
2000-01-26 21:00:00,0.0,130.40112068525335
2000-01-26 21:15:00,0.0,133.5039331174581
2000-01-26 21:30:00,0.0,35.50283186815713
2000-01-26 21:45:00,0.0,36.41447551448593
2000-01-26 22:00:00,0.0,45.87635667366962
2000-01-26 22:15:00,0.0,-0.0
2000-01-26 22:30:00,-0.0,0.0
2000-01-26 22:45:00,0.0,0.0
2000-01-26 23:00:00,0.0,0.0
2000-01-26 23:15:00,0.0,0.0
2000-01-26 23:30:00,0.0,0.0
2000-01-26 23:45:00,0.0,-0.0
2000-01-27 00:00:00,0.0,0.0
2000-01-27 00:15:00,0.0,0.0
2000-01-27 00:30:00,0.0,0.0
2000-01-27 00:45:00,0.0,0.0
2000-01-27 01:00:00,0.0,0.0
2000-01-27 01:15:00,0.0,0.0
2000-01-27 01:30:00,0.0,0.0
2000-01-27 01:45:00,0.0,0.0
2000-01-27 02:00:00,0.0,0.0
2000-01-27 02:15:00,114.04527848487308,0.0
2000-01-27 02:30:00,123.53616923884633,0.0
2000-01-27 02:45:00,121.8036235475134,0.0
2000-01-27 03:00:00,111.75622263451338,0.0
2000-01-27 03:15:00,90.21120095767904,0.0
2000-01-27 03:30:00,113.00840385722509,0.0
2000-01-27 03:45:00,0.0,0.0
2000-01-27 04:00:00,122.95104930573865,0.0
2000-01-27 04:15:00,104.8898677642486,0.0
2000-01-27 04:30:00,80.7180883109233,0.0
2000-01-27 04:45:00,74.65448958289683,0.0
2000-01-27 05:00:00,98.99980348251873,0.0
2000-01-27 05:15:00,114.48458716428023,0.0
2000-01-27 05:30:00,21.51260692711486,0.0
2000-01-27 05:45:00,0.22860874162822142,0.0
2000-01-27 06:00:00,0.0,0.0
2000-01-27 06:15:00,0.0,0.0
2000-01-27 06:30:00,0.0,0.0
2000-01-27 06:45:00,0.0,0.0
2000-01-27 07:00:00,0.0,0.0
2000-01-27 07:15:00,0.0,14.282102704838223
2000-01-27 07:30:00,0.0,0.0
2000-01-27 07:45:00,0.0,0.0
2000-01-27 08:00:00,0.0,0.0
2000-01-27 08:15:00,0.0,0.0
2000-01-27 08:30:00,0.0,0.0
2000-01-27 08:45:00,0.0,0.0
2000-01-27 09:00:00,0.0,0.0
2000-01-27 09:15:00,0.0,0.0
2000-01-27 09:30:00,0.0,0.0
2000-01-27 09:45:00,0.0,0.0
2000-01-27 10:00:00,0.0,0.0
2000-01-27 10:15:00,0.0,0.0
2000-01-27 10:30:00,0.0,0.0
2000-01-27 10:45:00,0.0,0.0
2000-01-27 11:00:00,0.0,0.0
2000-01-27 11:15:00,0.0,0.0
2000-01-27 11:30:00,0.0,0.0
2000-01-27 11:45:00,0.0,0.0
2000-01-27 12:00:00,0.0,0.0
2000-01-27 12:15:00,0.0,0.0
2000-01-27 12:30:00,0.0,0.0
2000-01-27 12:45:00,0.0,0.0
2000-01-27 13:00:00,0.0,0.0
2000-01-27 13:15:00,0.0,0.0
2000-01-27 13:30:00,0.0,0.0
2000-01-27 13:45:00,0.0,0.0
2000-01-27 14:00:00,0.0,0.0
2000-01-27 14:15:00,0.0,0.0
2000-01-27 14:30:00,0.0,0.0
2000-01-27 14:45:00,0.0,0.0
2000-01-27 15:00:00,0.0,0.0
2000-01-27 15:15:00,0.0,0.0
2000-01-27 15:30:00,0.0,0.0
2000-01-27 15:45:00,0.0,0.0
2000-01-27 16:00:00,15.825044548297276,0.0
2000-01-27 16:15:00,0.0,0.0
2000-01-27 16:30:00,0.0,0.0
2000-01-27 16:45:00,0.0,0.0
2000-01-27 17:00:00,0.0,0.0
2000-01-27 17:15:00,0.0,0.0
2000-01-27 17:30:00,0.0,12.70136951040584
2000-01-27 17:45:00,0.0,21.48246046637405
2000-01-27 18:00:00,0.0,191.89999999999998
2000-01-27 18:15:00,0.0,0.6046741694877085
2000-01-27 18:30:00,0.0,15.453787610124607
2000-01-27 18:45:00,0.0,148.91060413178175
2000-01-27 19:00:00,0.0,21.549967888705197
2000-01-27 19:15:00,0.0,9.239129699457806
2000-01-27 19:30:00,0.0,21.75547600333141
2000-01-27 19:45:00,0.0,30.324626093638756
2000-01-27 20:00:00,0.0,99.7068422634631
2000-01-27 20:15:00,0.0,151.65639790197832
2000-01-27 20:30:00,0.0,51.4905441870402
2000-01-27 20:45:00,0.0,73.85515068409447
2000-01-27 21:00:00,0.0,102.57491695024555
2000-01-27 21:15:00,0.0,92.70761480116664
2000-01-27 21:30:00,0.0,97.96327679314993
2000-01-27 21:45:00,0.0,22.875160845554376
2000-01-27 22:00:00,0.0,-0.0
2000-01-27 22:15:00,0.0,-0.0
2000-01-27 22:30:00,0.0,0.0
2000-01-27 22:45:00,0.0,0.0
2000-01-27 23:00:00,0.0,0.0
2000-01-27 23:15:00,0.0,-0.0
2000-01-27 23:30:00,0.0,-0.0
2000-01-27 23:45:00,0.0,-0.0
2000-01-28 00:00:00,0.0,0.0
2000-01-28 00:15:00,0.0,0.0
2000-01-28 00:30:00,0.0,0.0
2000-01-28 00:45:00,0.0,0.0
2000-01-28 01:00:00,0.0,0.0
2000-01-28 01:15:00,-0.0,0.0
2000-01-28 01:30:00,0.0,0.0
2000-01-28 01:45:00,0.0,0.0
2000-01-28 02:00:00,0.0,0.0
2000-01-28 02:15:00,0.0,0.0
2000-01-28 02:30:00,0.0,0.0
2000-01-28 02:45:00,190.39379486701137,0.0
2000-01-28 03:00:00,0.0,0.0
2000-01-28 03:15:00,0.0,0.0
2000-01-28 03:30:00,135.43685219926604,0.0
2000-01-28 03:45:00,53.54511487187845,0.0
2000-01-28 04:00:00,185.97315913760343,0.0
2000-01-28 04:15:00,0.0,0.0
2000-01-28 04:30:00,149.704136909228,0.0
2000-01-28 04:45:00,129.15623216930538,0.0
2000-01-28 05:00:00,144.39325761354684,0.0
2000-01-28 05:15:00,153.0160116115392,0.0
2000-01-28 05:30:00,151.18144062062134,0.0
2000-01-28 05:45:00,0.0,9.583318121091793
2000-01-28 06:00:00,0.0,0.0
2000-01-28 06:15:00,0.0,0.0
2000-01-28 06:30:00,0.0,0.0
2000-01-28 06:45:00,0.0,0.0
2000-01-28 07:00:00,0.0,0.0
2000-01-28 07:15:00,0.0,0.0
2000-01-28 07:30:00,0.0,0.0
2000-01-28 07:45:00,0.0,0.0
2000-01-28 08:00:00,0.0,0.0
2000-01-28 08:15:00,0.0,0.0
2000-01-28 08:30:00,0.0,0.0
2000-01-28 08:45:00,0.0,0.0
2000-01-28 09:00:00,0.0,0.0
2000-01-28 09:15:00,0.0,0.0
2000-01-28 09:30:00,0.0,0.0
2000-01-28 09:45:00,0.0,0.0
2000-01-28 10:00:00,0.0,0.0
2000-01-28 10:15:00,0.0,0.0
2000-01-28 10:30:00,0.0,0.0
2000-01-28 10:45:00,0.0,0.0
2000-01-28 11:00:00,0.0,0.0
2000-01-28 11:15:00,0.0,0.0
2000-01-28 11:30:00,0.0,0.0
2000-01-28 11:45:00,0.0,0.0
2000-01-28 12:00:00,0.0,0.0
2000-01-28 12:15:00,0.0,0.0
2000-01-28 12:30:00,0.0,0.0
2000-01-28 12:45:00,0.0,0.0
2000-01-28 13:00:00,0.0,0.0
2000-01-28 13:15:00,0.0,0.0
2000-01-28 13:30:00,0.0,0.0
2000-01-28 13:45:00,0.0,0.0
2000-01-28 14:00:00,0.0,0.0
2000-01-28 14:15:00,0.0,0.0
2000-01-28 14:30:00,0.0,0.0
2000-01-28 14:45:00,0.0,0.0
2000-01-28 15:00:00,0.0,0.0
2000-01-28 15:15:00,0.0,0.0
2000-01-28 15:30:00,0.0,0.0
2000-01-28 15:45:00,0.0,0.0
2000-01-28 16:00:00,10.618635037220836,0.0
2000-01-28 16:15:00,0.0,0.0
2000-01-28 16:30:00,0.0,0.0
2000-01-28 16:45:00,0.0,0.0
2000-01-28 17:00:00,0.0,0.0
2000-01-28 17:15:00,0.0,0.0
2000-01-28 17:30:00,0.0,-0.0
2000-01-28 17:45:00,0.0,72.66259561405485
2000-01-28 18:00:00,0.0,191.89999999999998
2000-01-28 18:15:00,0.0,191.89999999999998
2000-01-28 18:30:00,0.0,191.89999999999998
2000-01-28 18:45:00,0.0,52.99553884022092
2000-01-28 19:00:00,0.0,28.205654924168073
2000-01-28 19:15:00,0.0,6.934193090673489
2000-01-28 19:30:00,0.0,146.5241921095631
2000-01-28 19:45:00,0.0,29.469400905975817
2000-01-28 20:00:00,0.0,22.314394838889314
2000-01-28 20:15:00,0.0,191.89999999999998
2000-01-28 20:30:00,0.0,0.0
2000-01-28 20:45:00,0.0,36.15085739202556
2000-01-28 21:00:00,0.0,1.642212009054731
2000-01-28 21:15:00,0.0,0.0
2000-01-28 21:30:00,0.0,1.387222236971553
2000-01-28 21:45:00,0.0,0.8657380384025544
2000-01-28 22:00:00,0.0,0.0
2000-01-28 22:15:00,0.0,0.0
2000-01-28 22:30:00,0.0,0.0
2000-01-28 22:45:00,0.0,0.0
2000-01-28 23:00:00,-0.0,0.0
2000-01-28 23:15:00,0.0,0.0
2000-01-28 23:30:00,0.0,-0.0
2000-01-28 23:45:00,0.0,-0.0
2000-01-29 00:00:00,0.0,0.0
2000-01-29 00:15:00,0.0,0.0
2000-01-29 00:30:00,0.0,0.0
2000-01-29 00:45:00,0.0,0.0
2000-01-29 01:00:00,0.0,0.0
2000-01-29 01:15:00,0.0,0.0
2000-01-29 01:30:00,0.0,0.0
2000-01-29 01:45:00,0.0,0.0
2000-01-29 02:00:00,0.0,0.0
2000-01-29 02:15:00,0.0,0.0
2000-01-29 02:30:00,0.0,0.0
2000-01-29 02:45:00,141.40000000000006,0.0
2000-01-29 03:00:00,0.0,0.0
2000-01-29 03:15:00,0.0,0.0
2000-01-29 03:30:00,0.0,0.0
2000-01-29 03:45:00,0.0,0.0
2000-01-29 04:00:00,0.0,0.0
2000-01-29 04:15:00,0.0,0.0
2000-01-29 04:30:00,191.89999999999998,0.0
2000-01-29 04:45:00,191.89999999999998,0.0
2000-01-29 05:00:00,191.89999999999998,0.0
2000-01-29 05:15:00,191.89999999999998,0.0
2000-01-29 05:30:00,191.89999999999998,0.0
2000-01-29 05:45:00,191.89999999999998,0.0
2000-01-29 06:00:00,0.0,-0.0
2000-01-29 06:15:00,0.0,0.0
2000-01-29 06:30:00,0.0,-0.0
2000-01-29 06:45:00,0.0,0.0
2000-01-29 07:00:00,0.0,0.0
2000-01-29 07:15:00,0.0,0.0
2000-01-29 07:30:00,0.0,0.0
2000-01-29 07:45:00,0.0,0.0
2000-01-29 08:00:00,0.0,0.0
2000-01-29 08:15:00,0.0,0.0
2000-01-29 08:30:00,0.0,0.0
2000-01-29 08:45:00,0.0,0.0
2000-01-29 09:00:00,0.0,0.0
2000-01-29 09:15:00,0.0,0.0
2000-01-29 09:30:00,0.0,0.0
2000-01-29 09:45:00,0.0,0.0
2000-01-29 10:00:00,0.0,0.0
2000-01-29 10:15:00,0.0,0.0
2000-01-29 10:30:00,0.0,0.0
2000-01-29 10:45:00,0.0,0.0
2000-01-29 11:00:00,0.0,0.0
2000-01-29 11:15:00,0.0,0.0
2000-01-29 11:30:00,0.0,0.0
2000-01-29 11:45:00,0.0,0.0
2000-01-29 12:00:00,0.0,0.0
2000-01-29 12:15:00,0.0,0.0
2000-01-29 12:30:00,0.0,0.0
2000-01-29 12:45:00,0.0,0.0
2000-01-29 13:00:00,0.0,0.0
2000-01-29 13:15:00,0.0,0.0
2000-01-29 13:30:00,0.0,0.0
2000-01-29 13:45:00,0.0,0.0
2000-01-29 14:00:00,0.0,0.0
2000-01-29 14:15:00,0.0,0.0
2000-01-29 14:30:00,0.0,0.0
2000-01-29 14:45:00,0.0,0.0
2000-01-29 15:00:00,0.0,0.0
2000-01-29 15:15:00,0.0,0.0
2000-01-29 15:30:00,0.0,0.0
2000-01-29 15:45:00,0.0,0.0
2000-01-29 16:00:00,0.0,0.0
2000-01-29 16:15:00,0.0,0.0
2000-01-29 16:30:00,0.0,0.0
2000-01-29 16:45:00,0.0,0.0
2000-01-29 17:00:00,0.0,0.0
2000-01-29 17:15:00,0.0,0.0
2000-01-29 17:30:00,0.0,0.0
2000-01-29 17:45:00,0.0,0.0
2000-01-29 18:00:00,0.0,4.22997586820577
2000-01-29 18:15:00,0.0,17.351179360136427
2000-01-29 18:30:00,0.0,0.0
2000-01-29 18:45:00,0.0,0.0
2000-01-29 19:00:00,0.0,186.23732584982176
2000-01-29 19:15:00,0.0,136.47635013762198
2000-01-29 19:30:00,0.0,98.46355792088877
2000-01-29 19:45:00,0.0,133.0975164485858
2000-01-29 20:00:00,0.0,73.47285206564277
2000-01-29 20:15:00,0.0,180.99978029308124
2000-01-29 20:30:00,0.0,191.89999999999998
2000-01-29 20:45:00,0.0,57.06572101219325
2000-01-29 21:00:00,0.0,85.36827898368324
2000-01-29 21:15:00,0.0,2.089462060138885
2000-01-29 21:30:00,0.0,0.0
2000-01-29 21:45:00,0.0,0.0
2000-01-29 22:00:00,-0.0,0.0
2000-01-29 22:15:00,14.83910513894228,0.0
2000-01-29 22:30:00,0.0,0.0
2000-01-29 22:45:00,0.0,0.0
2000-01-29 23:00:00,0.0,0.0
2000-01-29 23:15:00,0.0,0.0
2000-01-29 23:30:00,0.0,13.392292387895395
2000-01-29 23:45:00,0.0,-0.0
2000-01-30 00:00:00,0.0,0.0
2000-01-30 00:15:00,0.0,0.0
2000-01-30 00:30:00,0.0,0.0
2000-01-30 00:45:00,0.0,0.0
2000-01-30 01:00:00,0.0,0.0
2000-01-30 01:15:00,0.0,0.0
2000-01-30 01:30:00,0.0,0.0
2000-01-30 01:45:00,0.0,0.0
2000-01-30 02:00:00,0.0,0.0
2000-01-30 02:15:00,0.0,0.0
2000-01-30 02:30:00,0.0,0.0
2000-01-30 02:45:00,0.0,0.0
2000-01-30 03:00:00,160.81592329903899,0.0
2000-01-30 03:15:00,0.0,0.0
2000-01-30 03:30:00,152.26850693728758,0.0
2000-01-30 03:45:00,0.0,0.0
2000-01-30 04:00:00,191.89999999999998,0.0
2000-01-30 04:15:00,181.2449131991601,0.0
2000-01-30 04:30:00,165.2598657360708,0.0
2000-01-30 04:45:00,0.0,0.0
2000-01-30 05:00:00,126.76252580763554,0.0
2000-01-30 05:15:00,176.17185127623065,0.0
2000-01-30 05:30:00,0.0,0.0
2000-01-30 05:45:00,138.37641374457627,0.0
2000-01-30 06:00:00,0.0,-0.0
2000-01-30 06:15:00,0.0,-0.0
2000-01-30 06:30:00,0.0,-0.0
2000-01-30 06:45:00,0.0,0.0
2000-01-30 07:00:00,0.0,0.0
2000-01-30 07:15:00,0.0,0.0
2000-01-30 07:30:00,0.0,0.0
2000-01-30 07:45:00,0.0,0.0
2000-01-30 08:00:00,0.0,0.0
2000-01-30 08:15:00,0.0,0.0
2000-01-30 08:30:00,0.0,0.0
2000-01-30 08:45:00,0.0,0.0
2000-01-30 09:00:00,0.0,0.0
2000-01-30 09:15:00,0.0,0.0
2000-01-30 09:30:00,0.0,0.0
2000-01-30 09:45:00,0.0,0.0
2000-01-30 10:00:00,0.0,0.0
2000-01-30 10:15:00,0.0,0.0
2000-01-30 10:30:00,0.0,0.0
2000-01-30 10:45:00,0.0,0.0
2000-01-30 11:00:00,0.0,0.0
2000-01-30 11:15:00,0.0,0.0
2000-01-30 11:30:00,0.0,0.0
2000-01-30 11:45:00,0.0,0.0
2000-01-30 12:00:00,0.0,0.0
2000-01-30 12:15:00,0.0,0.0
2000-01-30 12:30:00,0.0,0.0
2000-01-30 12:45:00,0.0,0.0
2000-01-30 13:00:00,0.0,0.0
2000-01-30 13:15:00,0.0,0.0
2000-01-30 13:30:00,0.0,0.0
2000-01-30 13:45:00,0.0,0.0
2000-01-30 14:00:00,0.0,0.0
2000-01-30 14:15:00,0.0,0.0
2000-01-30 14:30:00,0.0,0.0
2000-01-30 14:45:00,0.0,0.0
2000-01-30 15:00:00,0.0,0.0
2000-01-30 15:15:00,0.0,0.0
2000-01-30 15:30:00,0.0,0.0
2000-01-30 15:45:00,0.0,0.0
2000-01-30 16:00:00,0.0,0.0
2000-01-30 16:15:00,0.0,0.0
2000-01-30 16:30:00,0.0,0.0
2000-01-30 16:45:00,0.0,0.0
2000-01-30 17:00:00,0.0,0.0
2000-01-30 17:15:00,0.0,0.0
2000-01-30 17:30:00,0.0,0.0
2000-01-30 17:45:00,0.0,0.0
2000-01-30 18:00:00,0.0,22.438630801310378
2000-01-30 18:15:00,0.0,46.322408173466265
2000-01-30 18:30:00,0.0,14.477353228522134
2000-01-30 18:45:00,0.0,72.17373033488195
2000-01-30 19:00:00,0.0,98.94157137220907
2000-01-30 19:15:00,0.0,83.65904434125832
2000-01-30 19:30:00,0.0,23.21188771703362
2000-01-30 19:45:00,0.0,66.76769706854697
2000-01-30 20:00:00,0.0,109.23254267823467
2000-01-30 20:15:00,0.0,90.61422435806384
2000-01-30 20:30:00,0.0,57.4178808163083
2000-01-30 20:45:00,0.0,35.30876194765358
2000-01-30 21:00:00,0.0,21.194042878005348
2000-01-30 21:15:00,0.0,125.56282308403513
2000-01-30 21:30:00,0.0,121.94088204381143
2000-01-30 21:45:00,0.0,108.84036134848475
2000-01-30 22:00:00,0.0,68.64815780817378
2000-01-30 22:15:00,-0.0,0.0
2000-01-30 22:30:00,0.0,0.0
2000-01-30 22:45:00,0.0,0.0
2000-01-30 23:00:00,0.0,0.0
2000-01-30 23:15:00,0.0,0.0
2000-01-30 23:30:00,0.0,0.0
2000-01-30 23:45:00,0.0,-0.0
2000-01-31 00:00:00,0.0,0.0
2000-01-31 00:15:00,0.0,0.0
2000-01-31 00:30:00,0.0,0.0
2000-01-31 00:45:00,0.0,0.0
2000-01-31 01:00:00,0.0,0.0
2000-01-31 01:15:00,0.0,0.0
2000-01-31 01:30:00,0.0,0.0
2000-01-31 01:45:00,0.0,0.0
2000-01-31 02:00:00,0.0,0.0
2000-01-31 02:15:00,0.0,0.0
2000-01-31 02:30:00,101.63442261238701,0.0
2000-01-31 02:45:00,0.0,0.0
2000-01-31 03:00:00,0.0,0.0
2000-01-31 03:15:00,0.0,0.0
2000-01-31 03:30:00,0.0,0.0
2000-01-31 03:45:00,133.63842985249156,0.0
2000-01-31 04:00:00,179.72352199767536,0.0
2000-01-31 04:15:00,178.32541967447943,0.0
2000-01-31 04:30:00,171.40776725824128,0.0
2000-01-31 04:45:00,142.63830672890262,0.0
2000-01-31 05:00:00,165.8747292007207,0.0
2000-01-31 05:15:00,0.0,0.0
2000-01-31 05:30:00,145.84550346517008,0.0
2000-01-31 05:45:00,73.71189920993163,0.0
2000-01-31 06:00:00,0.0,0.0
2000-01-31 06:15:00,0.0,0.0
2000-01-31 06:30:00,0.0,0.0
2000-01-31 06:45:00,0.0,0.0
2000-01-31 07:00:00,0.0,0.0
2000-01-31 07:15:00,0.0,0.0
2000-01-31 07:30:00,0.0,0.0
2000-01-31 07:45:00,0.0,0.0
2000-01-31 08:00:00,0.0,0.0
2000-01-31 08:15:00,0.0,0.0
2000-01-31 08:30:00,0.0,0.0
2000-01-31 08:45:00,0.0,0.0
2000-01-31 09:00:00,0.0,0.0
2000-01-31 09:15:00,0.0,0.0
2000-01-31 09:30:00,0.0,0.0
2000-01-31 09:45:00,0.0,0.0
2000-01-31 10:00:00,0.0,0.0
2000-01-31 10:15:00,0.0,0.0
2000-01-31 10:30:00,0.0,0.0
2000-01-31 10:45:00,0.0,0.0
2000-01-31 11:00:00,0.0,0.0
2000-01-31 11:15:00,0.0,0.0
2000-01-31 11:30:00,0.0,0.0
2000-01-31 11:45:00,0.0,0.0
2000-01-31 12:00:00,0.0,0.0
2000-01-31 12:15:00,0.0,0.0
2000-01-31 12:30:00,0.0,0.0
2000-01-31 12:45:00,0.0,0.0
2000-01-31 13:00:00,0.0,0.0
2000-01-31 13:15:00,0.0,0.0
2000-01-31 13:30:00,0.0,0.0
2000-01-31 13:45:00,0.0,0.0
2000-01-31 14:00:00,0.0,0.0
2000-01-31 14:15:00,0.0,0.0
2000-01-31 14:30:00,0.0,0.0
2000-01-31 14:45:00,0.0,0.0
2000-01-31 15:00:00,0.0,0.0
2000-01-31 15:15:00,0.0,0.0
2000-01-31 15:30:00,-0.0,0.0
2000-01-31 15:45:00,0.0,0.0
2000-01-31 16:00:00,0.0,0.0
2000-01-31 16:15:00,-0.0,0.0
2000-01-31 16:30:00,0.0,0.0
2000-01-31 16:45:00,0.0,0.0
2000-01-31 17:00:00,0.0,0.0
2000-01-31 17:15:00,0.0,0.0
2000-01-31 17:30:00,0.0,0.0
2000-01-31 17:45:00,0.0,60.57422739443754
2000-01-31 18:00:00,0.0,66.15731140827907
2000-01-31 18:15:00,0.0,52.94026833458983
2000-01-31 18:30:00,0.0,15.564217310742038
2000-01-31 18:45:00,0.0,168.77380522072096
2000-01-31 19:00:00,0.0,191.89999999999998
2000-01-31 19:15:00,0.0,191.89999999999998
2000-01-31 19:30:00,0.0,116.40465263575064
2000-01-31 19:45:00,0.0,91.46275211352761
2000-01-31 20:00:00,0.0,35.984412114982746
2000-01-31 20:15:00,0.0,65.638907273228
2000-01-31 20:30:00,0.0,67.26398328538906
2000-01-31 20:45:00,0.0,0.0
2000-01-31 21:00:00,0.0,0.0
2000-01-31 21:15:00,0.0,0.0
2000-01-31 21:30:00,0.0,12.761017649095493
2000-01-31 21:45:00,0.0,29.426445259256838
2000-01-31 22:00:00,0.0,-0.0
2000-01-31 22:15:00,-0.0,0.0
2000-01-31 22:30:00,0.0,0.0
2000-01-31 22:45:00,0.0,0.0
2000-01-31 23:00:00,0.0,0.0
2000-01-31 23:15:00,0.0,0.0
2000-01-31 23:30:00,0.0,-0.0
2000-01-31 23:45:00,0.0,-0.0
2000-02-01 00:00:00,0.0,0.0
2000-02-01 00:15:00,0.0,0.0
2000-02-01 00:30:00,0.0,0.0
2000-02-01 00:45:00,0.0,0.0
2000-02-01 01:00:00,0.0,0.0
2000-02-01 01:15:00,0.0,0.0
2000-02-01 01:30:00,0.0,0.0
2000-02-01 01:45:00,0.0,0.0
2000-02-01 02:00:00,0.0,0.0
2000-02-01 02:15:00,0.0,0.0
2000-02-01 02:30:00,-0.0,0.0
2000-02-01 02:45:00,140.6717869119706,0.0
2000-02-01 03:00:00,0.0,0.0
2000-02-01 03:15:00,0.0,0.0
2000-02-01 03:30:00,94.02372508972924,0.0
2000-02-01 03:45:00,137.34799506774218,0.0
2000-02-01 04:00:00,154.60714134647583,0.0
2000-02-01 04:15:00,154.54164384872038,0.0
2000-02-01 04:30:00,0.0,0.0
2000-02-01 04:45:00,139.3192181163344,0.0
2000-02-01 05:00:00,135.36523064713407,0.0
2000-02-01 05:15:00,141.7992090204719,0.0
2000-02-01 05:30:00,111.15309557104766,0.0
2000-02-01 05:45:00,83.97095438037377,0.0
2000-02-01 06:00:00,0.0,0.0
2000-02-01 06:15:00,0.0,0.0
2000-02-01 06:30:00,0.0,0.0
2000-02-01 06:45:00,0.0,0.0
2000-02-01 07:00:00,0.0,0.0
2000-02-01 07:15:00,0.0,0.0
2000-02-01 07:30:00,0.0,0.0
2000-02-01 07:45:00,0.0,0.0
2000-02-01 08:00:00,0.0,0.0
2000-02-01 08:15:00,0.0,0.0
2000-02-01 08:30:00,0.0,0.0
2000-02-01 08:45:00,0.0,0.0
2000-02-01 09:00:00,0.0,0.0
2000-02-01 09:15:00,0.0,0.0
2000-02-01 09:30:00,0.0,0.0
2000-02-01 09:45:00,0.0,0.0
2000-02-01 10:00:00,0.0,0.0
2000-02-01 10:15:00,0.0,0.0
2000-02-01 10:30:00,0.0,0.0
2000-02-01 10:45:00,0.0,0.0
2000-02-01 11:00:00,0.0,0.0
2000-02-01 11:15:00,0.0,0.0
2000-02-01 11:30:00,0.0,0.0
2000-02-01 11:45:00,0.0,0.0
2000-02-01 12:00:00,0.0,0.0
2000-02-01 12:15:00,0.0,0.0
2000-02-01 12:30:00,0.0,0.0
2000-02-01 12:45:00,0.0,0.0
2000-02-01 13:00:00,0.0,0.0
2000-02-01 13:15:00,0.0,0.0
2000-02-01 13:30:00,0.0,0.0
2000-02-01 13:45:00,0.0,0.0
2000-02-01 14:00:00,0.0,0.0
2000-02-01 14:15:00,0.0,0.0
2000-02-01 14:30:00,0.0,0.0
2000-02-01 14:45:00,0.0,0.0
2000-02-01 15:00:00,0.0,0.0
2000-02-01 15:15:00,0.0,0.0
2000-02-01 15:30:00,0.0,0.0
2000-02-01 15:45:00,0.0,0.0
2000-02-01 16:00:00,0.0,0.0
2000-02-01 16:15:00,-0.0,0.0
2000-02-01 16:30:00,0.0,0.0
2000-02-01 16:45:00,0.0,0.0
2000-02-01 17:00:00,0.0,0.0
2000-02-01 17:15:00,0.0,0.0
2000-02-01 17:30:00,0.0,0.0
2000-02-01 17:45:00,0.0,43.21526570769379
2000-02-01 18:00:00,0.0,95.12835159063098
2000-02-01 18:15:00,0.0,29.25745425697386
2000-02-01 18:30:00,0.0,85.86367006654535
2000-02-01 18:45:00,0.0,27.61529097782045
2000-02-01 19:00:00,0.0,85.68250246816326
2000-02-01 19:15:00,0.0,191.89999999999998
2000-02-01 19:30:00,0.0,107.83733271965895
2000-02-01 19:45:00,0.0,45.30110263811332
2000-02-01 20:00:00,0.0,134.34609408049016
2000-02-01 20:15:00,0.0,35.46338933208358
2000-02-01 20:30:00,0.0,64.52386728120689
2000-02-01 20:45:00,0.0,12.572139859914017
2000-02-01 21:00:00,0.0,68.78130679961305
2000-02-01 21:15:00,0.0,126.36211793021653
2000-02-01 21:30:00,0.0,11.661938793312004
2000-02-01 21:45:00,0.0,1.2401754975637687
2000-02-01 22:00:00,0.0,-0.0
2000-02-01 22:15:00,-0.0,0.0
2000-02-01 22:30:00,0.0,0.0
2000-02-01 22:45:00,0.0,0.0
2000-02-01 23:00:00,0.0,0.0
2000-02-01 23:15:00,0.0,0.0
2000-02-01 23:30:00,0.0,0.0
2000-02-01 23:45:00,0.0,-0.0
2000-02-02 00:00:00,56.99350751169572,0.0
2000-02-02 00:15:00,70.25199207169352,0.0
2000-02-02 00:30:00,6.636030336609338,0.0
2000-02-02 00:45:00,50.37956837855499,0.0
2000-02-02 01:00:00,40.77787793118202,0.0
2000-02-02 01:15:00,40.41124625082183,0.0
2000-02-02 01:30:00,65.76512956775883,0.0
2000-02-02 01:45:00,59.98895355938085,0.0
2000-02-02 02:00:00,51.69326685727215,0.0
2000-02-02 02:15:00,54.22376582630226,0.0
2000-02-02 02:30:00,64.413623242773,0.0
2000-02-02 02:45:00,68.74026664911034,0.0
2000-02-02 03:00:00,65.48982836674382,0.0
2000-02-02 03:15:00,68.49959774028375,0.0
2000-02-02 03:30:00,62.05325156637429,0.0
2000-02-02 03:45:00,71.16845965751337,0.0
2000-02-02 04:00:00,73.0776675951734,0.0
2000-02-02 04:15:00,80.66519945105024,0.0
2000-02-02 04:30:00,74.42121510009957,0.0
2000-02-02 04:45:00,43.28257862095013,0.0
2000-02-02 05:00:00,19.420029358217576,0.0
2000-02-02 05:15:00,2.2731046678448763,0.0
2000-02-02 05:30:00,47.794921302840024,0.0
2000-02-02 05:45:00,54.37891838975394,0.0
2000-02-02 06:00:00,0.0,-0.0
2000-02-02 06:15:00,0.0,0.0
2000-02-02 06:30:00,0.0,-0.0
2000-02-02 06:45:00,0.0,-0.0
2000-02-02 07:00:00,0.0,0.0
2000-02-02 07:15:00,0.0,47.053992999481224
2000-02-02 07:30:00,0.0,76.19433324746178
2000-02-02 07:45:00,0.0,15.364804749850109
2000-02-02 08:00:00,0.0,0.882263705679037
2000-02-02 08:15:00,0.0,23.131336925006465
2000-02-02 08:30:00,0.0,7.623708423163464
2000-02-02 08:45:00,0.0,25.643250454525187
2000-02-02 09:00:00,0.0,0.0
2000-02-02 09:15:00,0.0,0.0
2000-02-02 09:30:00,0.0,0.0
2000-02-02 09:45:00,0.0,0.0
2000-02-02 10:00:00,0.0,0.0
2000-02-02 10:15:00,0.0,0.0
2000-02-02 10:30:00,0.0,0.0
2000-02-02 10:45:00,0.0,0.0
2000-02-02 11:00:00,0.0,0.0
2000-02-02 11:15:00,0.0,0.0
2000-02-02 11:30:00,0.0,0.0
2000-02-02 11:45:00,0.0,0.0
2000-02-02 12:00:00,0.0,0.0
2000-02-02 12:15:00,0.0,0.0
2000-02-02 12:30:00,0.0,0.0
2000-02-02 12:45:00,0.0,0.0
2000-02-02 13:00:00,0.0,0.0
2000-02-02 13:15:00,0.0,0.0
2000-02-02 13:30:00,0.0,0.0
2000-02-02 13:45:00,0.0,0.0
2000-02-02 14:00:00,0.0,0.0
2000-02-02 14:15:00,0.0,0.0
2000-02-02 14:30:00,0.0,0.0
2000-02-02 14:45:00,0.0,0.0
2000-02-02 15:00:00,0.0,0.0
2000-02-02 15:15:00,0.0,0.0
2000-02-02 15:30:00,0.0,0.0
2000-02-02 15:45:00,115.56199522475661,0.0
2000-02-02 16:00:00,101.49472555659221,0.0
2000-02-02 16:15:00,0.0,0.0
2000-02-02 16:30:00,0.0,0.0
2000-02-02 16:45:00,0.0,0.0
2000-02-02 17:00:00,-0.0,0.0
2000-02-02 17:15:00,0.0,0.0
2000-02-02 17:30:00,0.0,0.0
2000-02-02 17:45:00,0.0,0.0
2000-02-02 18:00:00,0.0,137.70516097218535
2000-02-02 18:15:00,0.0,175.80021898342318
2000-02-02 18:30:00,0.0,131.55027158848182
2000-02-02 18:45:00,0.0,103.29570326362264
2000-02-02 19:00:00,0.0,123.33903473098582
2000-02-02 19:15:00,0.0,22.285261571869952
2000-02-02 19:30:00,0.0,111.44831795678772
2000-02-02 19:45:00,0.0,29.064665589060567
2000-02-02 20:00:00,0.0,125.92815404776744
2000-02-02 20:15:00,0.0,40.998275166421095
2000-02-02 20:30:00,0.0,165.33693612939445
2000-02-02 20:45:00,0.0,0.0
2000-02-02 21:00:00,0.0,0.0
2000-02-02 21:15:00,0.0,-0.0
2000-02-02 21:30:00,0.0,-0.0
2000-02-02 21:45:00,0.0,-0.0
2000-02-02 22:00:00,0.0,0.0
2000-02-02 22:15:00,0.0,0.0
2000-02-02 22:30:00,0.0,0.0
2000-02-02 22:45:00,0.0,-0.0
2000-02-02 23:00:00,0.0,-0.0
2000-02-02 23:15:00,0.0,-0.0
2000-02-02 23:30:00,0.0,-0.0
2000-02-02 23:45:00,0.0,-0.0
2000-02-03 00:00:00,0.0,0.0
2000-02-03 00:15:00,0.0,0.0
2000-02-03 00:30:00,0.0,0.0
2000-02-03 00:45:00,0.0,0.0
2000-02-03 01:00:00,0.0,0.0
2000-02-03 01:15:00,0.0,0.0
2000-02-03 01:30:00,0.0,0.0
2000-02-03 01:45:00,0.0,0.0
2000-02-03 02:00:00,0.0,0.0
2000-02-03 02:15:00,0.0,0.0
2000-02-03 02:30:00,0.0,0.0
2000-02-03 02:45:00,-0.0,0.0
2000-02-03 03:00:00,191.89999999999998,0.0
2000-02-03 03:15:00,0.0,0.0
2000-02-03 03:30:00,0.0,0.0
2000-02-03 03:45:00,0.0,0.0
2000-02-03 04:00:00,0.0,0.0
2000-02-03 04:15:00,0.0,0.0
2000-02-03 04:30:00,141.40000000000006,0.0
2000-02-03 04:45:00,191.89999999999998,0.0
2000-02-03 05:00:00,191.89999999999998,0.0
2000-02-03 05:15:00,191.89999999999998,0.0
2000-02-03 05:30:00,191.89999999999998,0.0
2000-02-03 05:45:00,191.89999999999998,0.0
2000-02-03 06:00:00,0.0,-0.0
2000-02-03 06:15:00,0.0,-0.0
2000-02-03 06:30:00,0.0,-0.0
2000-02-03 06:45:00,0.0,0.0
2000-02-03 07:00:00,0.0,0.0
2000-02-03 07:15:00,0.0,0.0
2000-02-03 07:30:00,0.0,0.0
2000-02-03 07:45:00,0.0,0.0
2000-02-03 08:00:00,0.0,0.0
2000-02-03 08:15:00,0.0,0.0
2000-02-03 08:30:00,0.0,0.0
2000-02-03 08:45:00,0.0,0.0
2000-02-03 09:00:00,0.0,0.0
2000-02-03 09:15:00,0.0,0.0
2000-02-03 09:30:00,0.0,0.0
2000-02-03 09:45:00,0.0,0.0
2000-02-03 10:00:00,0.0,0.0
2000-02-03 10:15:00,0.0,0.0
2000-02-03 10:30:00,0.0,0.0
2000-02-03 10:45:00,0.0,0.0
2000-02-03 11:00:00,0.0,0.0
2000-02-03 11:15:00,0.0,0.0
2000-02-03 11:30:00,0.0,0.0
2000-02-03 11:45:00,0.0,0.0
2000-02-03 12:00:00,0.0,0.0
2000-02-03 12:15:00,0.0,0.0
2000-02-03 12:30:00,0.0,0.0
2000-02-03 12:45:00,0.0,0.0
2000-02-03 13:00:00,0.0,0.0
2000-02-03 13:15:00,0.0,0.0
2000-02-03 13:30:00,0.0,0.0
2000-02-03 13:45:00,0.0,0.0
2000-02-03 14:00:00,0.0,0.0
2000-02-03 14:15:00,0.0,0.0
2000-02-03 14:30:00,0.0,0.0
2000-02-03 14:45:00,0.0,0.0
2000-02-03 15:00:00,0.0,0.0
2000-02-03 15:15:00,0.0,0.0
2000-02-03 15:30:00,0.0,0.0
2000-02-03 15:45:00,0.0,0.0
2000-02-03 16:00:00,0.0,0.0
2000-02-03 16:15:00,0.0,0.0
2000-02-03 16:30:00,0.0,0.0
2000-02-03 16:45:00,0.0,0.0
2000-02-03 17:00:00,0.0,0.0
2000-02-03 17:15:00,0.0,0.0
2000-02-03 17:30:00,0.0,0.0
2000-02-03 17:45:00,0.0,79.27851969126624
2000-02-03 18:00:00,0.0,51.59215943531376
2000-02-03 18:15:00,0.0,36.84763161545851
2000-02-03 18:30:00,0.0,47.86384596333818
2000-02-03 18:45:00,0.0,26.35738429377949
2000-02-03 19:00:00,0.0,67.37590082416966
2000-02-03 19:15:00,0.0,156.9224423847425
2000-02-03 19:30:00,0.0,176.0175631332122
2000-02-03 19:45:00,0.0,189.22222907291092
2000-02-03 20:00:00,0.0,158.67177604232353
2000-02-03 20:15:00,0.0,76.06345797976377
2000-02-03 20:30:00,0.0,97.5733982939193
2000-02-03 20:45:00,0.0,2.9656912698013116
2000-02-03 21:00:00,0.0,0.0
2000-02-03 21:15:00,0.0,0.0
2000-02-03 21:30:00,0.0,0.0
2000-02-03 21:45:00,0.0,0.0
2000-02-03 22:00:00,0.0,0.0
2000-02-03 22:15:00,0.0,-0.0
2000-02-03 22:30:00,0.0,0.0
2000-02-03 22:45:00,0.0,0.0
2000-02-03 23:00:00,0.0,-0.0
2000-02-03 23:15:00,0.0,0.0
2000-02-03 23:30:00,0.0,-0.0
2000-02-03 23:45:00,0.0,-0.0
2000-02-04 00:00:00,0.0,0.0
2000-02-04 00:15:00,0.0,0.0
2000-02-04 00:30:00,-0.0,0.0
2000-02-04 00:45:00,0.0,0.0
2000-02-04 01:00:00,0.0,0.0
2000-02-04 01:15:00,0.0,0.0
2000-02-04 01:30:00,0.0,0.0
2000-02-04 01:45:00,0.0,0.0
2000-02-04 02:00:00,0.0,0.0
2000-02-04 02:15:00,0.0,0.0
2000-02-04 02:30:00,0.0,0.0
2000-02-04 02:45:00,0.0,0.0
2000-02-04 03:00:00,128.34559705333152,0.0
2000-02-04 03:15:00,0.0,0.0
2000-02-04 03:30:00,90.46671227737252,0.0
2000-02-04 03:45:00,0.0,0.0
2000-02-04 04:00:00,148.41246022702472,0.0
2000-02-04 04:15:00,143.42147053471592,0.0
2000-02-04 04:30:00,136.6337942350414,0.0
2000-02-04 04:45:00,130.6659190216799,0.0
2000-02-04 05:00:00,135.57454669544802,0.0
2000-02-04 05:15:00,140.79190709381544,0.0
2000-02-04 05:30:00,131.63267692294835,0.0
2000-02-04 05:45:00,106.85491593862199,0.0
2000-02-04 06:00:00,0.0,-0.0
2000-02-04 06:15:00,0.0,-0.0
2000-02-04 06:30:00,0.0,-0.0
2000-02-04 06:45:00,0.0,-0.0
2000-02-04 07:00:00,0.0,0.0
2000-02-04 07:15:00,0.0,0.0
2000-02-04 07:30:00,0.0,0.0
2000-02-04 07:45:00,0.0,0.0
2000-02-04 08:00:00,0.0,0.0
2000-02-04 08:15:00,0.0,0.0
2000-02-04 08:30:00,0.0,0.0
2000-02-04 08:45:00,0.0,0.0
2000-02-04 09:00:00,0.0,0.0
2000-02-04 09:15:00,0.0,0.0
2000-02-04 09:30:00,0.0,0.0
2000-02-04 09:45:00,0.0,0.0
2000-02-04 10:00:00,0.0,0.0
2000-02-04 10:15:00,0.0,0.0
2000-02-04 10:30:00,0.0,0.0
2000-02-04 10:45:00,0.0,0.0
2000-02-04 11:00:00,0.0,0.0
2000-02-04 11:15:00,0.0,0.0
2000-02-04 11:30:00,0.0,0.0
2000-02-04 11:45:00,0.0,0.0
2000-02-04 12:00:00,0.0,0.0
2000-02-04 12:15:00,0.0,0.0
2000-02-04 12:30:00,0.0,0.0
2000-02-04 12:45:00,0.0,0.0
2000-02-04 13:00:00,0.0,0.0
2000-02-04 13:15:00,0.0,0.0
2000-02-04 13:30:00,0.0,0.0
2000-02-04 13:45:00,0.0,0.0
2000-02-04 14:00:00,0.0,0.0
2000-02-04 14:15:00,0.0,0.0
2000-02-04 14:30:00,0.0,0.0
2000-02-04 14:45:00,0.0,0.0
2000-02-04 15:00:00,0.0,0.0
2000-02-04 15:15:00,0.0,0.0
2000-02-04 15:30:00,0.0,0.0
2000-02-04 15:45:00,0.0,0.0
2000-02-04 16:00:00,0.0,0.0
2000-02-04 16:15:00,0.0,0.0
2000-02-04 16:30:00,0.0,0.0
2000-02-04 16:45:00,0.0,0.0
2000-02-04 17:00:00,0.0,0.0
2000-02-04 17:15:00,0.0,0.0
2000-02-04 17:30:00,0.0,0.0
2000-02-04 17:45:00,-0.0,0.0
2000-02-04 18:00:00,0.0,191.89999999999998
2000-02-04 18:15:00,0.0,0.0
2000-02-04 18:30:00,0.0,85.27033056741125
2000-02-04 18:45:00,0.0,0.0
2000-02-04 19:00:00,0.0,0.0
2000-02-04 19:15:00,0.0,80.28113155254209
2000-02-04 19:30:00,0.0,191.89999999999998
2000-02-04 19:45:00,0.0,81.48228289497274
2000-02-04 20:00:00,0.0,85.53772521774312
2000-02-04 20:15:00,0.0,75.08017329591286
2000-02-04 20:30:00,0.0,104.28790659295578
2000-02-04 20:45:00,0.0,43.17872314994227
2000-02-04 21:00:00,0.0,77.999408478183
2000-02-04 21:15:00,0.0,62.327599780182254
2000-02-04 21:30:00,0.0,23.436184385546653
2000-02-04 21:45:00,0.0,33.79845664887887
2000-02-04 22:00:00,0.0,30.27207743572896
2000-02-04 22:15:00,8.388261994982372,0.0
2000-02-04 22:30:00,12.615303283471828,0.0
2000-02-04 22:45:00,0.0,0.0
2000-02-04 23:00:00,0.0,0.0
2000-02-04 23:15:00,0.0,18.955717663804933
2000-02-04 23:30:00,0.0,0.0
2000-02-04 23:45:00,0.0,-0.0
2000-02-05 00:00:00,73.10805662134304,0.0
2000-02-05 00:15:00,52.80776659373846,0.0
2000-02-05 00:30:00,33.89129464218652,0.0
2000-02-05 00:45:00,38.86603967849226,0.0
2000-02-05 01:00:00,31.265720031090154,0.0
2000-02-05 01:15:00,39.04699616243079,0.0
2000-02-05 01:30:00,42.005155152865,0.0
2000-02-05 01:45:00,46.345509826336354,0.0
2000-02-05 02:00:00,36.188491896842265,0.0
2000-02-05 02:15:00,53.55673763050615,0.0
2000-02-05 02:30:00,57.54899397170962,0.0
2000-02-05 02:45:00,61.1289241705349,0.0
2000-02-05 03:00:00,62.665902395652324,0.0
2000-02-05 03:15:00,44.187375890722194,0.0
2000-02-05 03:30:00,47.37381988771256,0.0
2000-02-05 03:45:00,58.16395285793632,0.0
2000-02-05 04:00:00,64.75866537594476,0.0
2000-02-05 04:15:00,55.77365471753981,0.0
2000-02-05 04:30:00,54.84802363858384,0.0
2000-02-05 04:45:00,44.44453897541803,0.0
2000-02-05 05:00:00,56.23878842422377,0.0
2000-02-05 05:15:00,61.25674438255348,0.0
2000-02-05 05:30:00,94.74393381046895,0.0
2000-02-05 05:45:00,82.58491326516969,0.0
2000-02-05 06:00:00,0.0,0.0
2000-02-05 06:15:00,0.0,18.328925023191005
2000-02-05 06:30:00,0.0,61.574443514072925
2000-02-05 06:45:00,0.0,64.36906272953632
2000-02-05 07:00:00,0.0,9.065912797380605
2000-02-05 07:15:00,0.0,31.717110038150054
2000-02-05 07:30:00,0.0,18.63638017996604
2000-02-05 07:45:00,0.0,0.0
2000-02-05 08:00:00,0.0,0.0
2000-02-05 08:15:00,0.0,0.0
2000-02-05 08:30:00,0.0,0.0
2000-02-05 08:45:00,0.0,0.0
2000-02-05 09:00:00,0.0,0.0
2000-02-05 09:15:00,0.0,0.0
2000-02-05 09:30:00,0.0,0.0
2000-02-05 09:45:00,0.0,0.0
2000-02-05 10:00:00,0.0,0.0
2000-02-05 10:15:00,0.0,0.0
2000-02-05 10:30:00,0.0,0.0
2000-02-05 10:45:00,0.0,0.0
2000-02-05 11:00:00,0.0,0.0
2000-02-05 11:15:00,0.0,0.0
2000-02-05 11:30:00,0.0,0.0
2000-02-05 11:45:00,0.0,0.0
2000-02-05 12:00:00,0.0,0.0
2000-02-05 12:15:00,0.0,0.0
2000-02-05 12:30:00,0.0,0.0
2000-02-05 12:45:00,0.0,0.0
2000-02-05 13:00:00,0.0,0.0
2000-02-05 13:15:00,0.0,0.0
2000-02-05 13:30:00,0.0,0.0
2000-02-05 13:45:00,0.0,0.0
2000-02-05 14:00:00,0.0,0.0
2000-02-05 14:15:00,0.0,0.0
2000-02-05 14:30:00,0.0,0.0
2000-02-05 14:45:00,0.0,0.0
2000-02-05 15:00:00,0.0,0.0
2000-02-05 15:15:00,0.0,0.0
2000-02-05 15:30:00,0.0,0.0
2000-02-05 15:45:00,0.0,0.0
2000-02-05 16:00:00,0.0,0.0
2000-02-05 16:15:00,160.87512349932672,0.0
2000-02-05 16:30:00,0.0,0.0
2000-02-05 16:45:00,0.0,0.0
2000-02-05 17:00:00,64.82219980515741,0.0
2000-02-05 17:15:00,0.0,0.0
2000-02-05 17:30:00,0.0,0.0
2000-02-05 17:45:00,0.0,0.0
2000-02-05 18:00:00,0.0,176.04977656955697
2000-02-05 18:15:00,0.0,191.89999999999998
2000-02-05 18:30:00,0.0,191.89999999999998
2000-02-05 18:45:00,0.0,187.9712547540949
2000-02-05 19:00:00,0.0,132.3650362895314
2000-02-05 19:15:00,0.0,52.40693624641801
2000-02-05 19:30:00,0.0,42.258996140398665
2000-02-05 19:45:00,0.0,0.0
2000-02-05 20:00:00,0.0,191.89999999999998
2000-02-05 20:15:00,0.0,-0.0
2000-02-05 20:30:00,0.0,-0.0
2000-02-05 20:45:00,0.0,0.0
2000-02-05 21:00:00,0.0,-0.0
2000-02-05 21:15:00,0.0,0.0
2000-02-05 21:30:00,0.0,-0.0
2000-02-05 21:45:00,0.0,-0.0
2000-02-05 22:00:00,0.0,0.0
2000-02-05 22:15:00,0.0,0.0
2000-02-05 22:30:00,0.0,0.0
2000-02-05 22:45:00,0.0,0.0
2000-02-05 23:00:00,0.0,0.0
2000-02-05 23:15:00,0.0,-0.0
2000-02-05 23:30:00,0.0,-0.0
2000-02-05 23:45:00,0.0,-0.0
2000-02-06 00:00:00,0.0,0.0
2000-02-06 00:15:00,0.0,0.0
2000-02-06 00:30:00,0.0,0.0
2000-02-06 00:45:00,0.0,0.0
2000-02-06 01:00:00,0.0,0.0
2000-02-06 01:15:00,0.0,0.0
2000-02-06 01:30:00,0.0,0.0
2000-02-06 01:45:00,0.0,0.0
2000-02-06 02:00:00,0.0,0.0
2000-02-06 02:15:00,0.0,0.0
2000-02-06 02:30:00,-0.0,0.0
2000-02-06 02:45:00,0.0,0.0
2000-02-06 03:00:00,0.0,0.0
2000-02-06 03:15:00,0.0,0.0
2000-02-06 03:30:00,0.0,0.0
2000-02-06 03:45:00,147.11343965698222,0.0
2000-02-06 04:00:00,157.01911733068567,0.0
2000-02-06 04:15:00,179.69667810519132,0.0
2000-02-06 04:30:00,183.42401907124963,0.0
2000-02-06 04:45:00,0.0,0.0
2000-02-06 05:00:00,178.34898616708944,0.0
2000-02-06 05:15:00,186.11108043160868,0.0
2000-02-06 05:30:00,186.9570365612546,0.0
2000-02-06 05:45:00,74.12964267593827,0.0
2000-02-06 06:00:00,0.0,0.0
2000-02-06 06:15:00,0.0,0.0
2000-02-06 06:30:00,0.0,0.0
2000-02-06 06:45:00,0.0,0.0
2000-02-06 07:00:00,0.0,0.0
2000-02-06 07:15:00,0.0,0.0
2000-02-06 07:30:00,0.0,0.0
2000-02-06 07:45:00,0.0,0.0
2000-02-06 08:00:00,0.0,0.0
2000-02-06 08:15:00,0.0,0.0
2000-02-06 08:30:00,0.0,0.0
2000-02-06 08:45:00,0.0,0.0
2000-02-06 09:00:00,0.0,0.0
2000-02-06 09:15:00,0.0,0.0
2000-02-06 09:30:00,0.0,0.0
2000-02-06 09:45:00,0.0,0.0
2000-02-06 10:00:00,0.0,0.0
2000-02-06 10:15:00,0.0,0.0
2000-02-06 10:30:00,0.0,0.0
2000-02-06 10:45:00,0.0,0.0
2000-02-06 11:00:00,0.0,0.0
2000-02-06 11:15:00,0.0,0.0
2000-02-06 11:30:00,0.0,0.0
2000-02-06 11:45:00,0.0,0.0
2000-02-06 12:00:00,0.0,0.0
2000-02-06 12:15:00,0.0,0.0
2000-02-06 12:30:00,0.0,0.0
2000-02-06 12:45:00,0.0,0.0
2000-02-06 13:00:00,0.0,0.0
2000-02-06 13:15:00,0.0,0.0
2000-02-06 13:30:00,0.0,0.0
2000-02-06 13:45:00,0.0,0.0
2000-02-06 14:00:00,0.0,0.0
2000-02-06 14:15:00,0.0,0.0
2000-02-06 14:30:00,0.0,0.0
2000-02-06 14:45:00,0.0,0.0
2000-02-06 15:00:00,0.0,0.0
2000-02-06 15:15:00,0.0,0.0
2000-02-06 15:30:00,0.0,0.0
2000-02-06 15:45:00,0.0,0.0
2000-02-06 16:00:00,0.0,0.0
2000-02-06 16:15:00,0.0,0.0
2000-02-06 16:30:00,0.0,0.0
2000-02-06 16:45:00,0.0,0.0
2000-02-06 17:00:00,0.0,0.0
2000-02-06 17:15:00,0.0,0.0
2000-02-06 17:30:00,0.0,0.0
2000-02-06 17:45:00,-0.0,0.0
2000-02-06 18:00:00,0.0,191.89999999999998
2000-02-06 18:15:00,0.0,172.62758861734306
2000-02-06 18:30:00,0.0,169.94688973492885
2000-02-06 18:45:00,0.0,191.89999999999998
2000-02-06 19:00:00,0.0,0.0
2000-02-06 19:15:00,0.0,156.75687139652612
2000-02-06 19:30:00,0.0,0.0
2000-02-06 19:45:00,0.0,0.5858685684019633
2000-02-06 20:00:00,0.0,27.595259939072832
2000-02-06 20:15:00,0.0,46.99712147833213
2000-02-06 20:30:00,0.0,60.85731013880002
2000-02-06 20:45:00,0.0,11.626734969647316
2000-02-06 21:00:00,0.0,79.92784073376089
2000-02-06 21:15:00,0.0,53.65242216361548
2000-02-06 21:30:00,0.0,0.0
2000-02-06 21:45:00,0.0,0.0
2000-02-06 22:00:00,0.0,2.37809225957119
2000-02-06 22:15:00,-0.0,0.0
2000-02-06 22:30:00,0.0,0.0
2000-02-06 22:45:00,0.0,0.0
2000-02-06 23:00:00,0.0,0.0
2000-02-06 23:15:00,0.0,0.0
2000-02-06 23:30:00,0.0,0.0
2000-02-06 23:45:00,0.0,-0.0
2000-02-07 00:00:00,0.0,0.0
2000-02-07 00:15:00,0.0,0.0
2000-02-07 00:30:00,0.0,0.0
2000-02-07 00:45:00,0.0,0.0
2000-02-07 01:00:00,0.0,0.0
2000-02-07 01:15:00,0.0,0.0
2000-02-07 01:30:00,0.0,0.0
2000-02-07 01:45:00,0.0,0.0
2000-02-07 02:00:00,0.0,0.0
2000-02-07 02:15:00,0.0,0.0
2000-02-07 02:30:00,0.0,0.0
2000-02-07 02:45:00,0.0,0.0
2000-02-07 03:00:00,0.0,0.0
2000-02-07 03:15:00,-0.0,0.0
2000-02-07 03:30:00,191.89999999999998,0.0
2000-02-07 03:45:00,0.0,0.0
2000-02-07 04:00:00,191.89999999999998,0.0
2000-02-07 04:15:00,0.0,0.0
2000-02-07 04:30:00,191.89999999999998,0.0
2000-02-07 04:45:00,191.89999999999998,0.0
2000-02-07 05:00:00,191.89999999999998,0.0
2000-02-07 05:15:00,191.89999999999998,0.0
2000-02-07 05:30:00,141.39999999999992,0.0
2000-02-07 05:45:00,-0.0,0.0
2000-02-07 06:00:00,0.0,-0.0
2000-02-07 06:15:00,0.0,-0.0
2000-02-07 06:30:00,0.0,-0.0
2000-02-07 06:45:00,0.0,0.0
2000-02-07 07:00:00,0.0,0.0
2000-02-07 07:15:00,0.0,0.0
2000-02-07 07:30:00,0.0,0.0
2000-02-07 07:45:00,0.0,0.0
2000-02-07 08:00:00,0.0,0.0
2000-02-07 08:15:00,0.0,0.0
2000-02-07 08:30:00,0.0,0.0
2000-02-07 08:45:00,0.0,0.0
2000-02-07 09:00:00,0.0,0.0
2000-02-07 09:15:00,0.0,0.0
2000-02-07 09:30:00,0.0,0.0
2000-02-07 09:45:00,0.0,0.0
2000-02-07 10:00:00,0.0,0.0
2000-02-07 10:15:00,0.0,0.0
2000-02-07 10:30:00,0.0,0.0
2000-02-07 10:45:00,0.0,0.0
2000-02-07 11:00:00,0.0,0.0
2000-02-07 11:15:00,0.0,0.0
2000-02-07 11:30:00,0.0,0.0
2000-02-07 11:45:00,0.0,0.0
2000-02-07 12:00:00,0.0,0.0
2000-02-07 12:15:00,0.0,0.0
2000-02-07 12:30:00,0.0,0.0
2000-02-07 12:45:00,0.0,0.0
2000-02-07 13:00:00,0.0,0.0
2000-02-07 13:15:00,0.0,0.0
2000-02-07 13:30:00,0.0,0.0
2000-02-07 13:45:00,0.0,0.0
2000-02-07 14:00:00,0.0,0.0
2000-02-07 14:15:00,0.0,0.0
2000-02-07 14:30:00,0.0,0.0
2000-02-07 14:45:00,0.0,0.0
2000-02-07 15:00:00,0.0,0.0
2000-02-07 15:15:00,0.0,0.0
2000-02-07 15:30:00,0.0,0.0
2000-02-07 15:45:00,0.0,0.0
2000-02-07 16:00:00,0.0,0.0
2000-02-07 16:15:00,0.0,0.0
2000-02-07 16:30:00,-0.0,0.0
2000-02-07 16:45:00,0.0,4.625410777731702
2000-02-07 17:00:00,5.125108894993613,0.0
2000-02-07 17:15:00,0.0,0.0
2000-02-07 17:30:00,0.0,0.0
2000-02-07 17:45:00,0.0,12.728327077041172
2000-02-07 18:00:00,0.0,12.420462890745206
2000-02-07 18:15:00,0.0,0.0
2000-02-07 18:30:00,0.0,191.89999999999998
2000-02-07 18:45:00,0.0,191.89999999999998
2000-02-07 19:00:00,0.0,191.89999999999998
2000-02-07 19:15:00,0.0,122.68160091617949
2000-02-07 19:30:00,0.0,83.92787062650837
2000-02-07 19:45:00,0.0,0.0
2000-02-07 20:00:00,0.0,18.57786001250605
2000-02-07 20:15:00,0.0,41.80940731593557
2000-02-07 20:30:00,0.0,116.02356858599614
2000-02-07 20:45:00,0.0,61.68776047515905
2000-02-07 21:00:00,0.0,87.97452094351183
2000-02-07 21:15:00,0.0,33.220621156417394
2000-02-07 21:30:00,0.0,0.0
2000-02-07 21:45:00,0.0,0.0
2000-02-07 22:00:00,-0.0,0.0
2000-02-07 22:15:00,0.0,0.0
2000-02-07 22:30:00,0.0,0.0
2000-02-07 22:45:00,0.0,-0.0
2000-02-07 23:00:00,0.0,0.0
2000-02-07 23:15:00,0.0,0.0
2000-02-07 23:30:00,0.0,0.0
2000-02-07 23:45:00,0.0,0.0
2000-02-08 00:00:00,0.0,0.0
2000-02-08 00:15:00,0.0,0.0
2000-02-08 00:30:00,0.0,0.0
2000-02-08 00:45:00,0.0,0.0
2000-02-08 01:00:00,0.0,0.0
2000-02-08 01:15:00,0.0,0.0
2000-02-08 01:30:00,0.0,0.0
2000-02-08 01:45:00,0.0,0.0
2000-02-08 02:00:00,113.41950010824277,0.0
2000-02-08 02:15:00,191.89999999999998,0.0
2000-02-08 02:30:00,185.97050919922998,0.0
2000-02-08 02:45:00,0.0,0.0
2000-02-08 03:00:00,0.0,0.0
2000-02-08 03:15:00,0.0,0.0
2000-02-08 03:30:00,0.0,0.0
2000-02-08 03:45:00,0.0,0.0
2000-02-08 04:00:00,0.0,0.0
2000-02-08 04:15:00,0.0,0.0
2000-02-08 04:30:00,0.0,0.0
2000-02-08 04:45:00,140.59523732152928,0.0
2000-02-08 05:00:00,191.89999999999998,0.0
2000-02-08 05:15:00,191.89999999999998,0.0
2000-02-08 05:30:00,185.41627599251552,0.0
2000-02-08 05:45:00,91.6984773784825,0.0
2000-02-08 06:00:00,0.0,-0.0
2000-02-08 06:15:00,0.0,0.0
2000-02-08 06:30:00,0.0,0.0
2000-02-08 06:45:00,0.0,0.0
2000-02-08 07:00:00,0.0,0.0
2000-02-08 07:15:00,0.0,0.0
2000-02-08 07:30:00,0.0,0.0
2000-02-08 07:45:00,0.0,0.0
2000-02-08 08:00:00,0.0,0.0
2000-02-08 08:15:00,0.0,0.0
2000-02-08 08:30:00,0.0,0.0
2000-02-08 08:45:00,0.0,0.0
2000-02-08 09:00:00,0.0,0.0
2000-02-08 09:15:00,0.0,0.0
2000-02-08 09:30:00,0.0,0.0
2000-02-08 09:45:00,0.0,0.0
2000-02-08 10:00:00,0.0,0.0
2000-02-08 10:15:00,0.0,0.0
2000-02-08 10:30:00,0.0,0.0
2000-02-08 10:45:00,0.0,0.0
2000-02-08 11:00:00,0.0,0.0
2000-02-08 11:15:00,0.0,0.0
2000-02-08 11:30:00,0.0,0.0
2000-02-08 11:45:00,0.0,0.0
2000-02-08 12:00:00,0.0,0.0
2000-02-08 12:15:00,0.0,0.0
2000-02-08 12:30:00,0.0,0.0
2000-02-08 12:45:00,0.0,0.0
2000-02-08 13:00:00,0.0,0.0
2000-02-08 13:15:00,0.0,0.0
2000-02-08 13:30:00,0.0,0.0
2000-02-08 13:45:00,0.0,0.0
2000-02-08 14:00:00,0.0,0.0
2000-02-08 14:15:00,0.0,0.0
2000-02-08 14:30:00,0.0,0.0
2000-02-08 14:45:00,0.0,0.0
2000-02-08 15:00:00,0.0,0.0
2000-02-08 15:15:00,0.0,0.0
2000-02-08 15:30:00,0.0,0.0
2000-02-08 15:45:00,0.0,0.0
2000-02-08 16:00:00,0.0,0.0
2000-02-08 16:15:00,0.0,0.0
2000-02-08 16:30:00,0.0,0.0
2000-02-08 16:45:00,-0.0,0.0
2000-02-08 17:00:00,0.0,0.0
2000-02-08 17:15:00,0.0,0.0
2000-02-08 17:30:00,0.0,0.0
2000-02-08 17:45:00,0.0,0.0
2000-02-08 18:00:00,0.0,0.0
2000-02-08 18:15:00,0.0,0.0
2000-02-08 18:30:00,0.0,95.3773645971171
2000-02-08 18:45:00,0.0,76.57359079218017
2000-02-08 19:00:00,0.0,61.701207649851426
2000-02-08 19:15:00,0.0,117.76916073447666
2000-02-08 19:30:00,0.0,48.32769955208846
2000-02-08 19:45:00,0.0,64.07614124962373
2000-02-08 20:00:00,0.0,136.32571331444365
2000-02-08 20:15:00,0.0,163.87751530121028
2000-02-08 20:30:00,0.0,118.68241072723043
2000-02-08 20:45:00,0.0,83.69868453631074
2000-02-08 21:00:00,0.0,92.23884355473211
2000-02-08 21:15:00,0.0,62.94351583201518
2000-02-08 21:30:00,0.0,44.357307954912585
2000-02-08 21:45:00,0.0,0.802844203807183
2000-02-08 22:00:00,-0.0,0.0
2000-02-08 22:15:00,0.0,0.0
2000-02-08 22:30:00,0.0,0.0
2000-02-08 22:45:00,0.0,0.0
2000-02-08 23:00:00,0.0,0.0
2000-02-08 23:15:00,0.0,0.0
2000-02-08 23:30:00,0.0,-0.0
2000-02-08 23:45:00,0.0,-0.0
2000-02-09 00:00:00,0.0,0.0
2000-02-09 00:15:00,0.0,0.0
2000-02-09 00:30:00,0.0,0.0
2000-02-09 00:45:00,0.0,0.0
2000-02-09 01:00:00,0.0,0.0
2000-02-09 01:15:00,0.0,0.0
2000-02-09 01:30:00,0.0,0.0
2000-02-09 01:45:00,0.0,0.0
2000-02-09 02:00:00,0.0,0.0
2000-02-09 02:15:00,0.0,0.0
2000-02-09 02:30:00,0.0,0.0
2000-02-09 02:45:00,0.0,0.0
2000-02-09 03:00:00,141.40000000000006,0.0
2000-02-09 03:15:00,0.0,0.0
2000-02-09 03:30:00,191.89999999999998,0.0
2000-02-09 03:45:00,0.0,0.0
2000-02-09 04:00:00,191.89999999999998,0.0
2000-02-09 04:15:00,0.0,0.0
2000-02-09 04:30:00,0.0,0.0
2000-02-09 04:45:00,191.89999999999998,0.0
2000-02-09 05:00:00,191.89999999999998,0.0
2000-02-09 05:15:00,0.0,0.0
2000-02-09 05:30:00,191.89999999999998,0.0
2000-02-09 05:45:00,191.89999999999998,0.0
2000-02-09 06:00:00,0.0,-0.0
2000-02-09 06:15:00,0.0,0.0
2000-02-09 06:30:00,0.0,0.0
2000-02-09 06:45:00,0.0,0.0
2000-02-09 07:00:00,0.0,0.0
2000-02-09 07:15:00,0.0,0.0
2000-02-09 07:30:00,0.0,0.0
2000-02-09 07:45:00,0.0,0.0
2000-02-09 08:00:00,0.0,0.0
2000-02-09 08:15:00,0.0,0.0
2000-02-09 08:30:00,0.0,0.0
2000-02-09 08:45:00,0.0,0.0
2000-02-09 09:00:00,0.0,0.0
2000-02-09 09:15:00,0.0,0.0
2000-02-09 09:30:00,0.0,0.0
2000-02-09 09:45:00,0.0,0.0
2000-02-09 10:00:00,0.0,0.0
2000-02-09 10:15:00,0.0,0.0
2000-02-09 10:30:00,0.0,0.0
2000-02-09 10:45:00,0.0,0.0
2000-02-09 11:00:00,0.0,0.0
2000-02-09 11:15:00,0.0,0.0
2000-02-09 11:30:00,0.0,0.0
2000-02-09 11:45:00,0.0,0.0
2000-02-09 12:00:00,0.0,0.0
2000-02-09 12:15:00,0.0,0.0
2000-02-09 12:30:00,0.0,0.0
2000-02-09 12:45:00,0.0,0.0
2000-02-09 13:00:00,0.0,0.0
2000-02-09 13:15:00,0.0,0.0
2000-02-09 13:30:00,0.0,0.0
2000-02-09 13:45:00,0.0,0.0
2000-02-09 14:00:00,0.0,0.0
2000-02-09 14:15:00,0.0,0.0
2000-02-09 14:30:00,0.0,0.0
2000-02-09 14:45:00,0.0,0.0
2000-02-09 15:00:00,0.0,0.0
2000-02-09 15:15:00,0.0,0.0
2000-02-09 15:30:00,0.0,0.0
2000-02-09 15:45:00,0.0,0.0
2000-02-09 16:00:00,0.0,0.0
2000-02-09 16:15:00,-0.0,0.0
2000-02-09 16:30:00,0.0,0.0
2000-02-09 16:45:00,0.0,0.0
2000-02-09 17:00:00,0.0,0.0
2000-02-09 17:15:00,0.0,25.25320881084334
2000-02-09 17:30:00,27.98139480425855,0.0
2000-02-09 17:45:00,0.0,22.05560201887664
2000-02-09 18:00:00,0.0,133.13986353273702
2000-02-09 18:15:00,0.0,191.89999999999998
2000-02-09 18:30:00,0.0,58.53080307420237
2000-02-09 18:45:00,0.0,187.0220323685674
2000-02-09 19:00:00,0.0,9.594173523383233
2000-02-09 19:15:00,0.0,191.89999999999998
2000-02-09 19:30:00,0.0,191.89999999999998
2000-02-09 19:45:00,0.0,62.92243466081811
2000-02-09 20:00:00,0.0,53.08805560590116
2000-02-09 20:15:00,0.0,0.0
2000-02-09 20:30:00,0.0,0.0
2000-02-09 20:45:00,0.0,20.631111301615817
2000-02-09 21:00:00,0.0,44.067923913898255
2000-02-09 21:15:00,0.0,0.0
2000-02-09 21:30:00,0.0,-0.0
2000-02-09 21:45:00,0.0,-0.0
2000-02-09 22:00:00,-0.0,0.0
2000-02-09 22:15:00,0.0,0.0
2000-02-09 22:30:00,0.0,0.0
2000-02-09 22:45:00,0.0,0.0
2000-02-09 23:00:00,0.0,0.0
2000-02-09 23:15:00,0.0,0.0
2000-02-09 23:30:00,0.0,0.0
2000-02-09 23:45:00,0.0,-0.0
2000-02-10 00:00:00,0.0,0.0
2000-02-10 00:15:00,0.0,0.0
2000-02-10 00:30:00,0.0,0.0
2000-02-10 00:45:00,0.0,0.0
2000-02-10 01:00:00,0.0,0.0
2000-02-10 01:15:00,0.0,0.0
2000-02-10 01:30:00,0.0,0.0
2000-02-10 01:45:00,0.0,0.0
2000-02-10 02:00:00,0.0,0.0
2000-02-10 02:15:00,0.0,0.0
2000-02-10 02:30:00,0.0,0.0
2000-02-10 02:45:00,0.0,0.0
2000-02-10 03:00:00,0.0,0.0
2000-02-10 03:15:00,0.0,0.0
2000-02-10 03:30:00,0.0,0.0
2000-02-10 03:45:00,191.89999999999998,0.0
2000-02-10 04:00:00,191.89999999999998,0.0
2000-02-10 04:15:00,0.0,0.0
2000-02-10 04:30:00,191.89999999999998,0.0
2000-02-10 04:45:00,180.76753977631336,0.0
2000-02-10 05:00:00,0.0,0.0
2000-02-10 05:15:00,156.302221163084,0.0
2000-02-10 05:30:00,191.89999999999998,0.0
2000-02-10 05:45:00,188.13023906060278,0.0
2000-02-10 06:00:00,0.0,-0.0
2000-02-10 06:15:00,0.0,0.0
2000-02-10 06:30:00,0.0,-0.0
2000-02-10 06:45:00,0.0,-0.0
2000-02-10 07:00:00,0.0,0.0
2000-02-10 07:15:00,0.0,0.0
2000-02-10 07:30:00,0.0,0.0
2000-02-10 07:45:00,0.0,0.0
2000-02-10 08:00:00,0.0,0.0
2000-02-10 08:15:00,0.0,0.0
2000-02-10 08:30:00,0.0,0.0
2000-02-10 08:45:00,0.0,0.0
2000-02-10 09:00:00,0.0,0.0
2000-02-10 09:15:00,0.0,0.0
2000-02-10 09:30:00,0.0,0.0
2000-02-10 09:45:00,0.0,0.0
2000-02-10 10:00:00,0.0,0.0
2000-02-10 10:15:00,0.0,0.0
2000-02-10 10:30:00,0.0,0.0
2000-02-10 10:45:00,0.0,0.0
2000-02-10 11:00:00,0.0,0.0
2000-02-10 11:15:00,0.0,0.0
2000-02-10 11:30:00,0.0,0.0
2000-02-10 11:45:00,0.0,0.0
2000-02-10 12:00:00,0.0,0.0
2000-02-10 12:15:00,0.0,0.0
2000-02-10 12:30:00,0.0,0.0
2000-02-10 12:45:00,0.0,0.0
2000-02-10 13:00:00,0.0,0.0
2000-02-10 13:15:00,0.0,0.0
2000-02-10 13:30:00,0.0,0.0
2000-02-10 13:45:00,0.0,0.0
2000-02-10 14:00:00,0.0,0.0
2000-02-10 14:15:00,0.0,0.0
2000-02-10 14:30:00,0.0,0.0
2000-02-10 14:45:00,0.0,0.0
2000-02-10 15:00:00,0.0,0.0
2000-02-10 15:15:00,0.0,0.0
2000-02-10 15:30:00,0.0,0.0
2000-02-10 15:45:00,0.0,0.0
2000-02-10 16:00:00,0.0,0.0
2000-02-10 16:15:00,-0.0,0.0
2000-02-10 16:30:00,0.0,0.0
2000-02-10 16:45:00,0.0,0.0
2000-02-10 17:00:00,0.0,0.0
2000-02-10 17:15:00,0.0,0.0
2000-02-10 17:30:00,0.0,0.0
2000-02-10 17:45:00,0.0,0.0
2000-02-10 18:00:00,0.0,191.89999999999998
2000-02-10 18:15:00,0.0,191.89999999999998
2000-02-10 18:30:00,0.0,191.89999999999998
2000-02-10 18:45:00,0.0,191.89999999999998
2000-02-10 19:00:00,0.0,0.0
2000-02-10 19:15:00,0.0,0.0
2000-02-10 19:30:00,0.0,28.780550199179572
2000-02-10 19:45:00,0.0,26.83404677286012
2000-02-10 20:00:00,0.0,0.0
2000-02-10 20:15:00,0.0,191.89999999999998
2000-02-10 20:30:00,0.0,0.7579996195990475
2000-02-10 20:45:00,0.0,0.0
2000-02-10 21:00:00,0.0,107.45142015406111
2000-02-10 21:15:00,0.0,43.4279832543001
2000-02-10 21:30:00,0.0,0.0
2000-02-10 21:45:00,0.0,0.0
2000-02-10 22:00:00,24.311886238502286,0.0
2000-02-10 22:15:00,0.0,13.422014891809965
2000-02-10 22:30:00,0.0,8.519462438438381
2000-02-10 22:45:00,-0.0,0.0
2000-02-10 23:00:00,0.0,0.0
2000-02-10 23:15:00,0.0,0.0
2000-02-10 23:30:00,0.0,-0.0
2000-02-10 23:45:00,0.0,-0.0
2000-02-11 00:00:00,0.0,0.0
2000-02-11 00:15:00,0.0,0.0
2000-02-11 00:30:00,0.0,0.0
2000-02-11 00:45:00,0.0,0.0
2000-02-11 01:00:00,0.0,0.0
2000-02-11 01:15:00,0.0,0.0
2000-02-11 01:30:00,0.0,0.0
2000-02-11 01:45:00,0.0,0.0
2000-02-11 02:00:00,0.0,0.0
2000-02-11 02:15:00,0.0,0.0
2000-02-11 02:30:00,0.0,0.0
2000-02-11 02:45:00,0.0,0.0
2000-02-11 03:00:00,0.0,0.0
2000-02-11 03:15:00,0.0,0.0
2000-02-11 03:30:00,0.0,0.0
2000-02-11 03:45:00,191.89999999999998,0.0
2000-02-11 04:00:00,191.89999999999998,0.0
2000-02-11 04:15:00,191.89999999999998,0.0
2000-02-11 04:30:00,0.0,0.0
2000-02-11 04:45:00,191.89999999999998,0.0
2000-02-11 05:00:00,0.0,0.0
2000-02-11 05:15:00,191.89999999999998,0.0
2000-02-11 05:30:00,141.39999999999992,0.0
2000-02-11 05:45:00,191.89999999999998,0.0
2000-02-11 06:00:00,0.0,-0.0
2000-02-11 06:15:00,0.0,0.0
2000-02-11 06:30:00,0.0,0.0
2000-02-11 06:45:00,0.0,0.0
2000-02-11 07:00:00,0.0,0.0
2000-02-11 07:15:00,0.0,3.8305762722318946
2000-02-11 07:30:00,0.0,0.0
2000-02-11 07:45:00,0.0,0.0
2000-02-11 08:00:00,0.0,0.0
2000-02-11 08:15:00,0.0,0.0
2000-02-11 08:30:00,0.0,0.0
2000-02-11 08:45:00,0.0,0.0
2000-02-11 09:00:00,0.0,0.0
2000-02-11 09:15:00,0.0,0.0
2000-02-11 09:30:00,0.0,0.0
2000-02-11 09:45:00,0.0,0.0
2000-02-11 10:00:00,0.0,0.0
2000-02-11 10:15:00,0.0,0.0
2000-02-11 10:30:00,0.0,0.0
2000-02-11 10:45:00,0.0,0.0
2000-02-11 11:00:00,0.0,0.0
2000-02-11 11:15:00,0.0,0.0
2000-02-11 11:30:00,0.0,0.0
2000-02-11 11:45:00,0.0,0.0
2000-02-11 12:00:00,0.0,0.0
2000-02-11 12:15:00,0.0,0.0
2000-02-11 12:30:00,0.0,0.0
2000-02-11 12:45:00,0.0,0.0
2000-02-11 13:00:00,0.0,0.0
2000-02-11 13:15:00,0.0,0.0
2000-02-11 13:30:00,0.0,0.0
2000-02-11 13:45:00,0.0,0.0
2000-02-11 14:00:00,0.0,0.0
2000-02-11 14:15:00,0.0,0.0
2000-02-11 14:30:00,0.0,0.0
2000-02-11 14:45:00,0.0,0.0
2000-02-11 15:00:00,0.0,0.0
2000-02-11 15:15:00,0.0,0.0
2000-02-11 15:30:00,0.0,0.0
2000-02-11 15:45:00,0.0,0.0
2000-02-11 16:00:00,0.0,0.0
2000-02-11 16:15:00,0.0,0.0
2000-02-11 16:30:00,0.0,0.0
2000-02-11 16:45:00,0.0,0.0
2000-02-11 17:00:00,0.0,0.0
2000-02-11 17:15:00,0.0,0.0
2000-02-11 17:30:00,4.24440584180813,0.0
2000-02-11 17:45:00,0.0,0.0
2000-02-11 18:00:00,0.0,191.89999999999998
2000-02-11 18:15:00,0.0,189.192402807686
2000-02-11 18:30:00,0.0,0.0
2000-02-11 18:45:00,0.0,38.2026490582761
2000-02-11 19:00:00,0.0,191.89999999999998
2000-02-11 19:15:00,0.0,0.0
2000-02-11 19:30:00,0.0,0.0
2000-02-11 19:45:00,0.0,0.0
2000-02-11 20:00:00,0.0,102.08789414800754
2000-02-11 20:15:00,0.0,68.00189198767004
2000-02-11 20:30:00,0.0,38.31491052540076
2000-02-11 20:45:00,0.0,0.0
2000-02-11 21:00:00,0.0,97.34481803801663
2000-02-11 21:15:00,0.0,139.84702222751218
2000-02-11 21:30:00,0.0,68.6295677673105
2000-02-11 21:45:00,0.0,31.603201098082366
2000-02-11 22:00:00,0.0,9.727642342037939
2000-02-11 22:15:00,-0.0,0.0
2000-02-11 22:30:00,-0.0,0.0
2000-02-11 22:45:00,0.0,0.0
2000-02-11 23:00:00,0.0,0.0
2000-02-11 23:15:00,0.0,0.0
2000-02-11 23:30:00,0.0,0.0
2000-02-11 23:45:00,0.0,-0.0
2000-02-12 00:00:00,0.0,0.0
2000-02-12 00:15:00,-0.0,0.0
2000-02-12 00:30:00,0.0,0.0
2000-02-12 00:45:00,83.3512731513169,0.0
2000-02-12 01:00:00,0.0,0.0
2000-02-12 01:15:00,0.0,0.0
2000-02-12 01:30:00,0.0,0.0
2000-02-12 01:45:00,0.0,0.0
2000-02-12 02:00:00,0.0,0.0
2000-02-12 02:15:00,0.0,0.0
2000-02-12 02:30:00,0.0,0.0
2000-02-12 02:45:00,0.0,0.0
2000-02-12 03:00:00,0.0,0.0
2000-02-12 03:15:00,120.4221222624161,0.0
2000-02-12 03:30:00,124.21618109028063,0.0
2000-02-12 03:45:00,136.10726940978333,0.0
2000-02-12 04:00:00,148.20966835275038,0.0
2000-02-12 04:15:00,116.65732028911667,0.0
2000-02-12 04:30:00,124.73679424242351,0.0
2000-02-12 04:45:00,114.54299692686689,0.0
2000-02-12 05:00:00,139.23243370965753,0.0
2000-02-12 05:15:00,125.28799496470035,0.0
2000-02-12 05:30:00,57.7851239937778,0.0
2000-02-12 05:45:00,2.2508216069099376,0.0
2000-02-12 06:00:00,0.0,0.0
2000-02-12 06:15:00,0.0,0.0
2000-02-12 06:30:00,0.0,8.176006290000146
2000-02-12 06:45:00,0.0,0.0
2000-02-12 07:00:00,0.0,0.0
2000-02-12 07:15:00,0.0,21.768956861197978
2000-02-12 07:30:00,0.0,0.0
2000-02-12 07:45:00,0.0,0.0
2000-02-12 08:00:00,0.0,0.0
2000-02-12 08:15:00,0.0,0.0
2000-02-12 08:30:00,0.0,0.0
2000-02-12 08:45:00,0.0,0.0
2000-02-12 09:00:00,0.0,0.0
2000-02-12 09:15:00,0.0,0.0
2000-02-12 09:30:00,0.0,0.0
2000-02-12 09:45:00,0.0,0.0
2000-02-12 10:00:00,0.0,0.0
2000-02-12 10:15:00,0.0,0.0
2000-02-12 10:30:00,0.0,0.0
2000-02-12 10:45:00,0.0,0.0
2000-02-12 11:00:00,0.0,0.0
2000-02-12 11:15:00,0.0,0.0
2000-02-12 11:30:00,0.0,0.0
2000-02-12 11:45:00,0.0,0.0
2000-02-12 12:00:00,0.0,0.0
2000-02-12 12:15:00,0.0,0.0
2000-02-12 12:30:00,0.0,0.0
2000-02-12 12:45:00,0.0,0.0
2000-02-12 13:00:00,0.0,0.0
2000-02-12 13:15:00,0.0,0.0
2000-02-12 13:30:00,0.0,0.0
2000-02-12 13:45:00,0.0,0.0
2000-02-12 14:00:00,0.0,0.0
2000-02-12 14:15:00,0.0,0.0
2000-02-12 14:30:00,0.0,0.0
2000-02-12 14:45:00,0.0,0.0
2000-02-12 15:00:00,0.0,0.0
2000-02-12 15:15:00,0.0,0.0
2000-02-12 15:30:00,0.0,0.0
2000-02-12 15:45:00,0.0,0.0
2000-02-12 16:00:00,0.0,0.0
2000-02-12 16:15:00,0.0,0.0
2000-02-12 16:30:00,22.47625946981279,0.0
2000-02-12 16:45:00,10.703755102152076,0.0
2000-02-12 17:00:00,0.0,0.0
2000-02-12 17:15:00,0.0,0.0
2000-02-12 17:30:00,0.0,-0.0
2000-02-12 17:45:00,0.0,58.018732128998124
2000-02-12 18:00:00,0.0,191.89999999999998
2000-02-12 18:15:00,0.0,191.0205179037426
2000-02-12 18:30:00,0.0,159.83886587046948
2000-02-12 18:45:00,0.0,153.23671830425678
2000-02-12 19:00:00,0.0,160.941531641064
2000-02-12 19:15:00,0.0,137.74750725614615
2000-02-12 19:30:00,0.0,0.0
2000-02-12 19:45:00,0.0,0.0
2000-02-12 20:00:00,0.0,0.0
2000-02-12 20:15:00,0.0,0.0
2000-02-12 20:30:00,0.0,0.0
2000-02-12 20:45:00,0.0,0.0
2000-02-12 21:00:00,0.0,114.04812689532274
2000-02-12 21:15:00,0.0,0.0
2000-02-12 21:30:00,0.0,0.0
2000-02-12 21:45:00,0.0,-0.0
2000-02-12 22:00:00,11.028175009691097,0.0
2000-02-12 22:15:00,5.893106201302682,0.0
2000-02-12 22:30:00,0.0,15.271456292921897
2000-02-12 22:45:00,0.0,0.0
2000-02-12 23:00:00,0.0,0.0
2000-02-12 23:15:00,0.0,-0.0
2000-02-12 23:30:00,0.0,0.0
2000-02-12 23:45:00,0.0,-0.0
2000-02-13 00:00:00,0.0,0.0
2000-02-13 00:15:00,0.0,0.0
2000-02-13 00:30:00,0.0,0.0
2000-02-13 00:45:00,0.0,0.0
2000-02-13 01:00:00,0.0,0.0
2000-02-13 01:15:00,0.0,0.0
2000-02-13 01:30:00,0.0,0.0
2000-02-13 01:45:00,0.0,0.0
2000-02-13 02:00:00,0.0,0.0
2000-02-13 02:15:00,0.0,0.0
2000-02-13 02:30:00,0.0,0.0
2000-02-13 02:45:00,0.0,0.0
2000-02-13 03:00:00,0.0,0.0
2000-02-13 03:15:00,163.736796779209,0.0
2000-02-13 03:30:00,157.59375774092666,0.0
2000-02-13 03:45:00,34.19254835950561,0.0
2000-02-13 04:00:00,179.0372900676531,0.0
2000-02-13 04:15:00,179.81137967833777,0.0
2000-02-13 04:30:00,0.0,0.0
2000-02-13 04:45:00,130.97938197168116,0.0
2000-02-13 05:00:00,119.71112590231601,0.0
2000-02-13 05:15:00,135.73054167808317,0.0
2000-02-13 05:30:00,123.29828362877566,0.0
2000-02-13 05:45:00,68.70889419351184,0.0
2000-02-13 06:00:00,0.0,-0.0
2000-02-13 06:15:00,0.0,0.0
2000-02-13 06:30:00,0.0,0.0
2000-02-13 06:45:00,0.0,0.0
2000-02-13 07:00:00,0.0,0.0
2000-02-13 07:15:00,0.0,0.0
2000-02-13 07:30:00,0.0,0.0
2000-02-13 07:45:00,0.0,0.0
2000-02-13 08:00:00,0.0,0.0
2000-02-13 08:15:00,0.0,0.0
2000-02-13 08:30:00,0.0,0.0
2000-02-13 08:45:00,0.0,0.0
2000-02-13 09:00:00,0.0,0.0
2000-02-13 09:15:00,0.0,0.0
2000-02-13 09:30:00,0.0,0.0
2000-02-13 09:45:00,0.0,0.0
2000-02-13 10:00:00,0.0,0.0
2000-02-13 10:15:00,0.0,0.0
2000-02-13 10:30:00,0.0,0.0
2000-02-13 10:45:00,0.0,0.0
2000-02-13 11:00:00,0.0,0.0
2000-02-13 11:15:00,0.0,0.0
2000-02-13 11:30:00,0.0,0.0
2000-02-13 11:45:00,0.0,0.0
2000-02-13 12:00:00,0.0,0.0
2000-02-13 12:15:00,0.0,0.0
2000-02-13 12:30:00,0.0,0.0
2000-02-13 12:45:00,0.0,0.0
2000-02-13 13:00:00,0.0,0.0
2000-02-13 13:15:00,0.0,0.0
2000-02-13 13:30:00,0.0,0.0
2000-02-13 13:45:00,0.0,0.0
2000-02-13 14:00:00,0.0,0.0
2000-02-13 14:15:00,0.0,0.0
2000-02-13 14:30:00,0.0,0.0
2000-02-13 14:45:00,0.0,0.0
2000-02-13 15:00:00,0.0,0.0
2000-02-13 15:15:00,0.0,0.0
2000-02-13 15:30:00,0.0,0.0
2000-02-13 15:45:00,0.0,0.0
2000-02-13 16:00:00,0.0,0.0
2000-02-13 16:15:00,0.0,0.0
2000-02-13 16:30:00,0.0,0.0
2000-02-13 16:45:00,-0.0,0.0
2000-02-13 17:00:00,0.0,0.0
2000-02-13 17:15:00,0.0,0.0
2000-02-13 17:30:00,0.0,0.0
2000-02-13 17:45:00,0.0,0.0
2000-02-13 18:00:00,0.0,0.0
2000-02-13 18:15:00,0.0,86.33905967118686
2000-02-13 18:30:00,0.0,0.0
2000-02-13 18:45:00,0.0,0.0
2000-02-13 19:00:00,0.0,0.0
2000-02-13 19:15:00,0.0,191.89999999999998
2000-02-13 19:30:00,0.0,67.62537754745065
2000-02-13 19:45:00,0.0,100.84908209128523
2000-02-13 20:00:00,0.0,87.21350943955505
2000-02-13 20:15:00,0.0,61.136542682031035
2000-02-13 20:30:00,0.0,82.50146402362859
2000-02-13 20:45:00,0.0,50.31195427346253
2000-02-13 21:00:00,0.0,131.16937132439446
2000-02-13 21:15:00,0.0,136.7779013279833
2000-02-13 21:30:00,0.0,131.3718851041534
2000-02-13 21:45:00,0.0,39.55585251486886
2000-02-13 22:00:00,11.127994025405053,0.0
2000-02-13 22:15:00,0.0,10.043014607928063
2000-02-13 22:30:00,-0.0,0.0
2000-02-13 22:45:00,0.0,0.0
2000-02-13 23:00:00,0.0,0.0
2000-02-13 23:15:00,0.0,0.0
2000-02-13 23:30:00,0.0,0.0
2000-02-13 23:45:00,0.0,-0.0
2000-02-14 00:00:00,0.0,0.0
2000-02-14 00:15:00,0.0,0.0
2000-02-14 00:30:00,0.0,0.0
2000-02-14 00:45:00,0.0,0.0
2000-02-14 01:00:00,0.0,0.0
2000-02-14 01:15:00,0.0,0.0
2000-02-14 01:30:00,0.0,0.0
2000-02-14 01:45:00,0.0,0.0
2000-02-14 02:00:00,0.0,0.0
2000-02-14 02:15:00,0.0,0.0
2000-02-14 02:30:00,0.0,0.0
2000-02-14 02:45:00,0.0,0.0
2000-02-14 03:00:00,0.0,0.0
2000-02-14 03:15:00,0.0,0.0
2000-02-14 03:30:00,141.40000000000006,0.0
2000-02-14 03:45:00,0.0,0.0
2000-02-14 04:00:00,191.89999999999998,0.0
2000-02-14 04:15:00,191.89999999999998,0.0
2000-02-14 04:30:00,0.0,0.0
2000-02-14 04:45:00,191.89999999999998,0.0
2000-02-14 05:00:00,0.0,0.0
2000-02-14 05:15:00,191.89999999999998,0.0
2000-02-14 05:30:00,191.89999999999998,0.0
2000-02-14 05:45:00,191.89999999999998,0.0
2000-02-14 06:00:00,0.0,-0.0
2000-02-14 06:15:00,0.0,0.0
2000-02-14 06:30:00,0.0,0.0
2000-02-14 06:45:00,0.0,0.0
2000-02-14 07:00:00,0.0,0.0
2000-02-14 07:15:00,0.0,0.0
2000-02-14 07:30:00,0.0,0.0
2000-02-14 07:45:00,0.0,0.0
2000-02-14 08:00:00,0.0,0.0
2000-02-14 08:15:00,0.0,0.0
2000-02-14 08:30:00,0.0,0.0
2000-02-14 08:45:00,0.0,0.0
2000-02-14 09:00:00,0.0,0.0
2000-02-14 09:15:00,0.0,0.0
2000-02-14 09:30:00,0.0,0.0
2000-02-14 09:45:00,0.0,0.0
2000-02-14 10:00:00,0.0,0.0
2000-02-14 10:15:00,0.0,0.0
2000-02-14 10:30:00,0.0,0.0
2000-02-14 10:45:00,0.0,0.0
2000-02-14 11:00:00,0.0,0.0
2000-02-14 11:15:00,0.0,0.0
2000-02-14 11:30:00,0.0,0.0
2000-02-14 11:45:00,0.0,0.0
2000-02-14 12:00:00,0.0,0.0
2000-02-14 12:15:00,0.0,0.0
2000-02-14 12:30:00,0.0,0.0
2000-02-14 12:45:00,0.0,0.0
2000-02-14 13:00:00,0.0,0.0
2000-02-14 13:15:00,0.0,0.0
2000-02-14 13:30:00,0.0,0.0
2000-02-14 13:45:00,0.0,0.0
2000-02-14 14:00:00,0.0,0.0
2000-02-14 14:15:00,0.0,0.0
2000-02-14 14:30:00,0.0,0.0
2000-02-14 14:45:00,0.0,0.0
2000-02-14 15:00:00,0.0,0.0
2000-02-14 15:15:00,0.0,0.0
2000-02-14 15:30:00,0.0,0.0
2000-02-14 15:45:00,0.0,0.0
2000-02-14 16:00:00,0.0,0.0
2000-02-14 16:15:00,0.0,0.0
2000-02-14 16:30:00,0.0,0.0
2000-02-14 16:45:00,0.0,0.0
2000-02-14 17:00:00,0.0,0.0
2000-02-14 17:15:00,0.0,0.0
2000-02-14 17:30:00,0.0,0.0
2000-02-14 17:45:00,0.0,-0.0
2000-02-14 18:00:00,0.0,12.708062595381818
2000-02-14 18:15:00,0.0,84.61995481842021
2000-02-14 18:30:00,0.0,0.0
2000-02-14 18:45:00,0.0,57.39961020157119
2000-02-14 19:00:00,0.0,169.02431238712762
2000-02-14 19:15:00,0.0,169.5937974242799
2000-02-14 19:30:00,0.0,62.68396908337036
2000-02-14 19:45:00,0.0,0.0
2000-02-14 20:00:00,0.0,87.40771970855343
2000-02-14 20:15:00,0.0,174.6477070913533
2000-02-14 20:30:00,0.0,177.38580761192287
2000-02-14 20:45:00,0.0,72.87939766523169
2000-02-14 21:00:00,0.0,13.563602830330069
2000-02-14 21:15:00,0.0,1.7384262030827813
2000-02-14 21:30:00,0.0,35.51603439085119
2000-02-14 21:45:00,0.0,41.71420253160869
2000-02-14 22:00:00,0.0,5.869395456915015
2000-02-14 22:15:00,-0.0,0.0
2000-02-14 22:30:00,0.0,0.0
2000-02-14 22:45:00,0.0,0.0
2000-02-14 23:00:00,0.0,0.0
2000-02-14 23:15:00,0.0,0.0
2000-02-14 23:30:00,0.0,-0.0
2000-02-14 23:45:00,0.0,-0.0
2000-02-15 00:00:00,0.0,0.0
2000-02-15 00:15:00,0.0,0.0
2000-02-15 00:30:00,0.0,0.0
2000-02-15 00:45:00,0.0,0.0
2000-02-15 01:00:00,0.0,0.0
2000-02-15 01:15:00,0.0,0.0
2000-02-15 01:30:00,0.0,0.0
2000-02-15 01:45:00,0.0,0.0
2000-02-15 02:00:00,0.0,0.0
2000-02-15 02:15:00,0.0,0.0
2000-02-15 02:30:00,0.0,0.0
2000-02-15 02:45:00,0.0,0.0
2000-02-15 03:00:00,0.0,0.0
2000-02-15 03:15:00,191.89999999999998,0.0
2000-02-15 03:30:00,0.0,0.0
2000-02-15 03:45:00,191.89999999999998,0.0
2000-02-15 04:00:00,191.89999999999998,0.0
2000-02-15 04:15:00,0.0,0.0
2000-02-15 04:30:00,0.0,0.0
2000-02-15 04:45:00,0.0,0.0
2000-02-15 05:00:00,141.40000000000006,0.0
2000-02-15 05:15:00,191.89999999999998,0.0
2000-02-15 05:30:00,191.89999999999998,0.0
2000-02-15 05:45:00,191.89999999999998,0.0
2000-02-15 06:00:00,0.0,-0.0
2000-02-15 06:15:00,0.0,0.0
2000-02-15 06:30:00,0.0,0.0
2000-02-15 06:45:00,0.0,0.0
2000-02-15 07:00:00,0.0,0.0
2000-02-15 07:15:00,0.0,0.0
2000-02-15 07:30:00,0.0,0.0
2000-02-15 07:45:00,0.0,0.0
2000-02-15 08:00:00,0.0,0.0
2000-02-15 08:15:00,0.0,0.0
2000-02-15 08:30:00,0.0,0.0
2000-02-15 08:45:00,0.0,0.0
2000-02-15 09:00:00,0.0,0.0
2000-02-15 09:15:00,0.0,0.0
2000-02-15 09:30:00,0.0,0.0
2000-02-15 09:45:00,0.0,0.0
2000-02-15 10:00:00,0.0,0.0
2000-02-15 10:15:00,0.0,0.0
2000-02-15 10:30:00,0.0,0.0
2000-02-15 10:45:00,0.0,0.0
2000-02-15 11:00:00,0.0,0.0
2000-02-15 11:15:00,0.0,0.0
2000-02-15 11:30:00,0.0,0.0
2000-02-15 11:45:00,0.0,0.0
2000-02-15 12:00:00,0.0,0.0
2000-02-15 12:15:00,0.0,0.0
2000-02-15 12:30:00,0.0,0.0
2000-02-15 12:45:00,0.0,0.0
2000-02-15 13:00:00,0.0,0.0
2000-02-15 13:15:00,0.0,0.0
2000-02-15 13:30:00,0.0,0.0
2000-02-15 13:45:00,0.0,0.0
2000-02-15 14:00:00,0.0,0.0
2000-02-15 14:15:00,0.0,0.0
2000-02-15 14:30:00,0.0,0.0
2000-02-15 14:45:00,0.0,0.0
2000-02-15 15:00:00,0.0,0.0
2000-02-15 15:15:00,0.0,0.0
2000-02-15 15:30:00,0.0,0.0
2000-02-15 15:45:00,0.0,0.0
2000-02-15 16:00:00,0.0,0.0
2000-02-15 16:15:00,0.0,0.0
2000-02-15 16:30:00,0.0,0.0
2000-02-15 16:45:00,0.0,0.0
2000-02-15 17:00:00,0.0,0.0
2000-02-15 17:15:00,-0.0,0.0
2000-02-15 17:30:00,-0.0,0.0
2000-02-15 17:45:00,0.0,0.0
2000-02-15 18:00:00,0.0,191.89999999999998
2000-02-15 18:15:00,0.0,14.71750888140258
2000-02-15 18:30:00,0.0,46.4920775773727
2000-02-15 18:45:00,0.0,191.89999999999998
2000-02-15 19:00:00,0.0,31.29607569796775
2000-02-15 19:15:00,0.0,191.89999999999998
2000-02-15 19:30:00,0.0,26.26780750636192
2000-02-15 19:45:00,0.0,191.89999999999998
2000-02-15 20:00:00,0.0,30.24343407279082
2000-02-15 20:15:00,0.0,3.463446850826813
2000-02-15 20:30:00,0.0,97.42596272206475
2000-02-15 20:45:00,0.0,28.859575094427896
2000-02-15 21:00:00,0.0,40.197732191804846
2000-02-15 21:15:00,0.0,15.791660127450939
2000-02-15 21:30:00,0.0,21.273382581288672
2000-02-15 21:45:00,0.0,33.34763605458261
2000-02-15 22:00:00,0.0,9.775700641657636
2000-02-15 22:15:00,-0.0,0.0
2000-02-15 22:30:00,0.0,0.0
2000-02-15 22:45:00,0.0,0.0
2000-02-15 23:00:00,0.0,-0.0
2000-02-15 23:15:00,0.0,0.0
2000-02-15 23:30:00,0.0,-0.0
2000-02-15 23:45:00,0.0,-0.0
2000-02-16 00:00:00,0.0,0.0
2000-02-16 00:15:00,0.0,0.0
2000-02-16 00:30:00,0.0,0.0
2000-02-16 00:45:00,0.0,0.0
2000-02-16 01:00:00,0.0,0.0
2000-02-16 01:15:00,0.0,0.0
2000-02-16 01:30:00,0.0,0.0
2000-02-16 01:45:00,0.0,0.0
2000-02-16 02:00:00,0.0,0.0
2000-02-16 02:15:00,0.0,0.0
2000-02-16 02:30:00,39.19081517265062,0.0
2000-02-16 02:45:00,0.0,0.0
2000-02-16 03:00:00,0.0,0.0
2000-02-16 03:15:00,0.0,0.0
2000-02-16 03:30:00,0.0,0.0
2000-02-16 03:45:00,191.89999999999998,0.0
2000-02-16 04:00:00,191.89999999999998,0.0
2000-02-16 04:15:00,191.89999999999998,0.0
2000-02-16 04:30:00,0.0,0.0
2000-02-16 04:45:00,123.31348595252285,0.0
2000-02-16 05:00:00,0.0,0.0
2000-02-16 05:15:00,183.9101532991259,0.0
2000-02-16 05:30:00,188.59565764009625,0.0
2000-02-16 05:45:00,182.0898879356044,0.0
2000-02-16 06:00:00,0.0,-0.0
2000-02-16 06:15:00,0.0,-0.0
2000-02-16 06:30:00,0.0,0.0
2000-02-16 06:45:00,0.0,0.0
2000-02-16 07:00:00,0.0,0.0
2000-02-16 07:15:00,0.0,0.0
2000-02-16 07:30:00,0.0,0.0
2000-02-16 07:45:00,0.0,0.0
2000-02-16 08:00:00,0.0,0.0
2000-02-16 08:15:00,0.0,0.0
2000-02-16 08:30:00,0.0,0.0
2000-02-16 08:45:00,0.0,0.0
2000-02-16 09:00:00,0.0,0.0
2000-02-16 09:15:00,0.0,0.0
2000-02-16 09:30:00,0.0,0.0
2000-02-16 09:45:00,0.0,0.0
2000-02-16 10:00:00,0.0,0.0
2000-02-16 10:15:00,0.0,0.0
2000-02-16 10:30:00,0.0,0.0
2000-02-16 10:45:00,0.0,0.0
2000-02-16 11:00:00,0.0,0.0
2000-02-16 11:15:00,0.0,0.0
2000-02-16 11:30:00,0.0,0.0
2000-02-16 11:45:00,0.0,0.0
2000-02-16 12:00:00,0.0,0.0
2000-02-16 12:15:00,0.0,0.0
2000-02-16 12:30:00,0.0,0.0
2000-02-16 12:45:00,0.0,0.0
2000-02-16 13:00:00,0.0,0.0
2000-02-16 13:15:00,0.0,0.0
2000-02-16 13:30:00,0.0,0.0
2000-02-16 13:45:00,0.0,0.0
2000-02-16 14:00:00,0.0,0.0
2000-02-16 14:15:00,0.0,0.0
2000-02-16 14:30:00,0.0,0.0
2000-02-16 14:45:00,0.0,0.0
2000-02-16 15:00:00,0.0,0.0
2000-02-16 15:15:00,0.0,0.0
2000-02-16 15:30:00,0.0,0.0
2000-02-16 15:45:00,0.0,0.0
2000-02-16 16:00:00,0.0,0.0
2000-02-16 16:15:00,0.0,0.0
2000-02-16 16:30:00,0.0,0.0
2000-02-16 16:45:00,0.0,0.0
2000-02-16 17:00:00,0.0,0.0
2000-02-16 17:15:00,0.0,0.0
2000-02-16 17:30:00,0.0,0.0
2000-02-16 17:45:00,0.0,-0.0
2000-02-16 18:00:00,0.0,191.89999999999998
2000-02-16 18:15:00,0.0,65.5384665291458
2000-02-16 18:30:00,0.0,12.23809116817705
2000-02-16 18:45:00,0.0,23.5493269091711
2000-02-16 19:00:00,0.0,191.89999999999998
2000-02-16 19:15:00,0.0,191.89999999999998
2000-02-16 19:30:00,0.0,48.12213402620068
2000-02-16 19:45:00,0.0,75.73197246472711
2000-02-16 20:00:00,0.0,105.14149756587602
2000-02-16 20:15:00,0.0,81.32588131438666
2000-02-16 20:30:00,0.0,50.09352732701814
2000-02-16 20:45:00,0.0,39.52580501857716
2000-02-16 21:00:00,0.0,57.46726020695263
2000-02-16 21:15:00,0.0,2.8704571702077146
2000-02-16 21:30:00,0.0,0.0
2000-02-16 21:45:00,0.0,19.675579538397017
2000-02-16 22:00:00,0.0,9.772000761162815
2000-02-16 22:15:00,-0.0,0.0
2000-02-16 22:30:00,0.0,0.0
2000-02-16 22:45:00,0.0,0.0
2000-02-16 23:00:00,0.0,0.0
2000-02-16 23:15:00,0.0,0.0
2000-02-16 23:30:00,0.0,0.0
2000-02-16 23:45:00,0.0,-0.0
2000-02-17 00:00:00,0.0,0.0
2000-02-17 00:15:00,0.0,0.0
2000-02-17 00:30:00,0.0,0.0
2000-02-17 00:45:00,0.0,0.0
2000-02-17 01:00:00,0.0,0.0
2000-02-17 01:15:00,0.0,0.0
2000-02-17 01:30:00,0.0,0.0
2000-02-17 01:45:00,0.0,0.0
2000-02-17 02:00:00,0.0,0.0
2000-02-17 02:15:00,0.0,0.0
2000-02-17 02:30:00,0.0,0.0
2000-02-17 02:45:00,0.0,0.0
2000-02-17 03:00:00,174.87436537939038,0.0
2000-02-17 03:15:00,0.0,0.0
2000-02-17 03:30:00,0.0,0.0
2000-02-17 03:45:00,0.0,0.0
2000-02-17 04:00:00,191.89999999999998,0.0
2000-02-17 04:15:00,0.0,0.0
2000-02-17 04:30:00,0.0,0.0
2000-02-17 04:45:00,191.89999999999998,0.0
2000-02-17 05:00:00,178.17120520100582,0.0
2000-02-17 05:15:00,180.69588704760633,0.0
2000-02-17 05:30:00,191.89999999999998,0.0
2000-02-17 05:45:00,183.35854237199726,0.0
2000-02-17 06:00:00,0.0,-0.0
2000-02-17 06:15:00,0.0,-0.0
2000-02-17 06:30:00,0.0,0.0
2000-02-17 06:45:00,0.0,-0.0
2000-02-17 07:00:00,0.0,0.0
2000-02-17 07:15:00,0.0,0.0
2000-02-17 07:30:00,0.0,0.0
2000-02-17 07:45:00,0.0,0.0
2000-02-17 08:00:00,0.0,0.0
2000-02-17 08:15:00,0.0,0.0
2000-02-17 08:30:00,0.0,0.0
2000-02-17 08:45:00,0.0,0.0
2000-02-17 09:00:00,0.0,0.0
2000-02-17 09:15:00,0.0,0.0
2000-02-17 09:30:00,0.0,0.0
2000-02-17 09:45:00,0.0,0.0
2000-02-17 10:00:00,0.0,0.0
2000-02-17 10:15:00,0.0,0.0
2000-02-17 10:30:00,0.0,0.0
2000-02-17 10:45:00,0.0,0.0
2000-02-17 11:00:00,0.0,0.0
2000-02-17 11:15:00,0.0,0.0
2000-02-17 11:30:00,0.0,0.0
2000-02-17 11:45:00,0.0,0.0
2000-02-17 12:00:00,0.0,0.0
2000-02-17 12:15:00,0.0,0.0
2000-02-17 12:30:00,0.0,0.0
2000-02-17 12:45:00,0.0,0.0
2000-02-17 13:00:00,0.0,0.0
2000-02-17 13:15:00,0.0,0.0
2000-02-17 13:30:00,0.0,0.0
2000-02-17 13:45:00,0.0,0.0
2000-02-17 14:00:00,0.0,0.0
2000-02-17 14:15:00,0.0,0.0
2000-02-17 14:30:00,0.0,0.0
2000-02-17 14:45:00,0.0,0.0
2000-02-17 15:00:00,0.0,0.0
2000-02-17 15:15:00,0.0,0.0
2000-02-17 15:30:00,0.0,0.0
2000-02-17 15:45:00,0.0,0.0
2000-02-17 16:00:00,0.0,0.0
2000-02-17 16:15:00,0.0,0.0
2000-02-17 16:30:00,0.0,0.0
2000-02-17 16:45:00,0.0,0.0
2000-02-17 17:00:00,0.0,0.0
2000-02-17 17:15:00,0.0,0.0
2000-02-17 17:30:00,0.0,0.0
2000-02-17 17:45:00,-0.0,0.0
2000-02-17 18:00:00,0.0,0.0
2000-02-17 18:15:00,0.0,0.0
2000-02-17 18:30:00,0.0,108.04880925988235
2000-02-17 18:45:00,0.0,141.46428563970647
2000-02-17 19:00:00,0.0,107.42578216163315
2000-02-17 19:15:00,0.0,155.2829383094952
2000-02-17 19:30:00,0.0,77.0783804034545
2000-02-17 19:45:00,0.0,73.39221291881353
2000-02-17 20:00:00,0.0,122.01880156894578
2000-02-17 20:15:00,0.0,153.66146376415782
2000-02-17 20:30:00,0.0,136.5710301018031
2000-02-17 20:45:00,0.0,72.69255909008615
2000-02-17 21:00:00,0.0,19.1157367820212
2000-02-17 21:15:00,0.0,-0.0
2000-02-17 21:30:00,0.0,-0.0
2000-02-17 21:45:00,0.0,-0.0
2000-02-17 22:00:00,0.0,0.0
2000-02-17 22:15:00,0.0,0.0
2000-02-17 22:30:00,0.0,0.0
2000-02-17 22:45:00,0.0,0.0
2000-02-17 23:00:00,0.0,0.0
2000-02-17 23:15:00,0.0,-0.0
2000-02-17 23:30:00,0.0,-0.0
2000-02-17 23:45:00,0.0,-0.0
2000-02-18 00:00:00,0.0,0.0
2000-02-18 00:15:00,0.0,0.0
2000-02-18 00:30:00,0.0,0.0
2000-02-18 00:45:00,-0.0,0.0
2000-02-18 01:00:00,0.0,0.0
2000-02-18 01:15:00,0.0,0.0
2000-02-18 01:30:00,0.0,0.0
2000-02-18 01:45:00,0.0,0.0
2000-02-18 02:00:00,0.0,0.0
2000-02-18 02:15:00,0.0,0.0
2000-02-18 02:30:00,0.0,0.0
2000-02-18 02:45:00,147.7445479219642,0.0
2000-02-18 03:00:00,150.8675638251685,0.0
2000-02-18 03:15:00,144.89305443224612,0.0
2000-02-18 03:30:00,153.0202667129691,0.0
2000-02-18 03:45:00,0.0,0.0
2000-02-18 04:00:00,164.63102814116598,0.0
2000-02-18 04:15:00,115.68514442448478,0.0
2000-02-18 04:30:00,93.36416364042408,0.0
2000-02-18 04:45:00,0.0,0.0
2000-02-18 05:00:00,140.4157737595956,0.0
2000-02-18 05:15:00,0.0,0.0
2000-02-18 05:30:00,107.98612545918965,0.0
2000-02-18 05:45:00,74.19233168279192,0.0
2000-02-18 06:00:00,0.0,-0.0
2000-02-18 06:15:00,0.0,0.0
2000-02-18 06:30:00,0.0,-0.0
2000-02-18 06:45:00,0.0,-0.0
2000-02-18 07:00:00,0.0,0.0
2000-02-18 07:15:00,0.0,0.0
2000-02-18 07:30:00,0.0,0.0
2000-02-18 07:45:00,0.0,0.0
2000-02-18 08:00:00,0.0,0.0
2000-02-18 08:15:00,0.0,0.0
2000-02-18 08:30:00,0.0,0.0
2000-02-18 08:45:00,0.0,0.0
2000-02-18 09:00:00,0.0,0.0
2000-02-18 09:15:00,0.0,0.0
2000-02-18 09:30:00,0.0,0.0
2000-02-18 09:45:00,0.0,0.0
2000-02-18 10:00:00,0.0,0.0
2000-02-18 10:15:00,0.0,0.0
2000-02-18 10:30:00,0.0,0.0
2000-02-18 10:45:00,0.0,0.0
2000-02-18 11:00:00,0.0,0.0
2000-02-18 11:15:00,0.0,0.0
2000-02-18 11:30:00,0.0,0.0
2000-02-18 11:45:00,0.0,0.0
2000-02-18 12:00:00,0.0,0.0
2000-02-18 12:15:00,0.0,0.0
2000-02-18 12:30:00,0.0,0.0
2000-02-18 12:45:00,0.0,0.0
2000-02-18 13:00:00,0.0,0.0
2000-02-18 13:15:00,0.0,0.0
2000-02-18 13:30:00,0.0,0.0
2000-02-18 13:45:00,0.0,0.0
2000-02-18 14:00:00,0.0,0.0
2000-02-18 14:15:00,0.0,0.0
2000-02-18 14:30:00,0.0,0.0
2000-02-18 14:45:00,0.0,0.0
2000-02-18 15:00:00,0.0,0.0
2000-02-18 15:15:00,0.0,0.0
2000-02-18 15:30:00,0.0,0.0
2000-02-18 15:45:00,0.0,0.0
2000-02-18 16:00:00,0.0,0.0
2000-02-18 16:15:00,0.0,0.0
2000-02-18 16:30:00,0.0,0.0
2000-02-18 16:45:00,0.0,0.0
2000-02-18 17:00:00,0.0,0.0
2000-02-18 17:15:00,0.0,0.0
2000-02-18 17:30:00,0.0,0.0
2000-02-18 17:45:00,-0.0,0.0
2000-02-18 18:00:00,0.0,191.89999999999998
2000-02-18 18:15:00,0.0,191.89999999999998
2000-02-18 18:30:00,0.0,158.3367351243151
2000-02-18 18:45:00,0.0,184.63246692139575
2000-02-18 19:00:00,0.0,123.40942715299973
2000-02-18 19:15:00,0.0,191.89999999999998
2000-02-18 19:30:00,0.0,0.0
2000-02-18 19:45:00,0.0,0.0
2000-02-18 20:00:00,0.0,0.0
2000-02-18 20:15:00,0.0,0.0
2000-02-18 20:30:00,0.0,0.0
2000-02-18 20:45:00,0.0,0.0
2000-02-18 21:00:00,0.0,6.6292426889112335
2000-02-18 21:15:00,0.0,37.69956134279769
2000-02-18 21:30:00,0.0,22.136823688226173
2000-02-18 21:45:00,0.0,34.370234250501255
2000-02-18 22:00:00,0.0,23.837508830852926
2000-02-18 22:15:00,4.164653441001416,0.0
2000-02-18 22:30:00,0.0,3.7585997305037786
2000-02-18 22:45:00,-0.0,0.0
2000-02-18 23:00:00,0.0,0.0
2000-02-18 23:15:00,0.0,0.0
2000-02-18 23:30:00,0.0,0.0
2000-02-18 23:45:00,0.0,-0.0
2000-02-19 00:00:00,0.0,0.0
2000-02-19 00:15:00,0.0,0.0
2000-02-19 00:30:00,0.0,0.0
2000-02-19 00:45:00,0.0,0.0
2000-02-19 01:00:00,0.0,0.0
2000-02-19 01:15:00,0.0,0.0
2000-02-19 01:30:00,0.0,0.0
2000-02-19 01:45:00,0.0,0.0
2000-02-19 02:00:00,0.0,0.0
2000-02-19 02:15:00,0.0,0.0
2000-02-19 02:30:00,0.0,0.0
2000-02-19 02:45:00,0.0,0.0
2000-02-19 03:00:00,171.43198938663073,0.0
2000-02-19 03:15:00,187.60600733617528,0.0
2000-02-19 03:30:00,0.0,0.0
2000-02-19 03:45:00,0.0,0.0
2000-02-19 04:00:00,0.0,0.0
2000-02-19 04:15:00,0.0,0.0
2000-02-19 04:30:00,178.6781695506632,0.0
2000-02-19 04:45:00,163.68357800481238,0.0
2000-02-19 05:00:00,167.71143887964763,0.0
2000-02-19 05:15:00,189.78610556764045,0.0
2000-02-19 05:30:00,171.10245277423172,0.0
2000-02-19 05:45:00,62.80025850019868,0.0
2000-02-19 06:00:00,0.0,-0.0
2000-02-19 06:15:00,0.0,-0.0
2000-02-19 06:30:00,0.0,0.0
2000-02-19 06:45:00,0.0,0.0
2000-02-19 07:00:00,0.0,0.0
2000-02-19 07:15:00,0.0,46.27640125982563
2000-02-19 07:30:00,0.0,0.0
2000-02-19 07:45:00,0.0,0.0
2000-02-19 08:00:00,0.0,0.0
2000-02-19 08:15:00,0.0,0.0
2000-02-19 08:30:00,0.0,0.0
2000-02-19 08:45:00,0.0,0.0
2000-02-19 09:00:00,0.0,0.0
2000-02-19 09:15:00,0.0,0.0
2000-02-19 09:30:00,0.0,0.0
2000-02-19 09:45:00,0.0,0.0
2000-02-19 10:00:00,0.0,0.0
2000-02-19 10:15:00,0.0,0.0
2000-02-19 10:30:00,0.0,0.0
2000-02-19 10:45:00,0.0,0.0
2000-02-19 11:00:00,0.0,0.0
2000-02-19 11:15:00,0.0,0.0
2000-02-19 11:30:00,0.0,0.0
2000-02-19 11:45:00,0.0,0.0
2000-02-19 12:00:00,0.0,0.0
2000-02-19 12:15:00,0.0,0.0
2000-02-19 12:30:00,0.0,0.0
2000-02-19 12:45:00,0.0,0.0
2000-02-19 13:00:00,0.0,0.0
2000-02-19 13:15:00,0.0,0.0
2000-02-19 13:30:00,0.0,0.0
2000-02-19 13:45:00,0.0,0.0
2000-02-19 14:00:00,0.0,0.0
2000-02-19 14:15:00,0.0,0.0
2000-02-19 14:30:00,0.0,0.0
2000-02-19 14:45:00,0.0,0.0
2000-02-19 15:00:00,0.0,0.0
2000-02-19 15:15:00,0.0,0.0
2000-02-19 15:30:00,0.0,0.0
2000-02-19 15:45:00,0.0,0.0
2000-02-19 16:00:00,0.0,0.0
2000-02-19 16:15:00,0.0,0.0
2000-02-19 16:30:00,0.0,0.0
2000-02-19 16:45:00,0.0,0.0
2000-02-19 17:00:00,0.0,0.0
2000-02-19 17:15:00,0.0,0.0
2000-02-19 17:30:00,51.27579086961281,0.0
2000-02-19 17:45:00,0.0,0.0
2000-02-19 18:00:00,0.0,191.89999999999998
2000-02-19 18:15:00,0.0,191.89999999999998
2000-02-19 18:30:00,0.0,0.0
2000-02-19 18:45:00,0.0,0.0
2000-02-19 19:00:00,0.0,162.18757822725817
2000-02-19 19:15:00,0.0,1.0011178396089804
2000-02-19 19:30:00,0.0,166.39851318033533
2000-02-19 19:45:00,0.0,13.94014341997297
2000-02-19 20:00:00,0.0,191.89999999999998
2000-02-19 20:15:00,0.0,0.0
2000-02-19 20:30:00,0.0,41.56848317747077
2000-02-19 20:45:00,0.0,43.99954546337355
2000-02-19 21:00:00,0.0,74.40488573722556
2000-02-19 21:15:00,0.0,69.39358234884455
2000-02-19 21:30:00,0.0,18.15815060591021
2000-02-19 21:45:00,0.0,0.0
2000-02-19 22:00:00,5.2630938774553995,0.0
2000-02-19 22:15:00,0.0,4.157375441400092
2000-02-19 22:30:00,0.0,0.5925667830033774
2000-02-19 22:45:00,0.0,0.0
2000-02-19 23:00:00,0.0,0.0
2000-02-19 23:15:00,0.0,-0.0
2000-02-19 23:30:00,0.0,0.0
2000-02-19 23:45:00,0.0,-0.0
2000-02-20 00:00:00,0.0,0.0
2000-02-20 00:15:00,0.0,0.0
2000-02-20 00:30:00,0.0,0.0
2000-02-20 00:45:00,0.0,0.0
2000-02-20 01:00:00,0.0,0.0
2000-02-20 01:15:00,0.0,0.0
2000-02-20 01:30:00,0.0,0.0
2000-02-20 01:45:00,0.0,0.0
2000-02-20 02:00:00,0.0,0.0
2000-02-20 02:15:00,0.0,0.0
2000-02-20 02:30:00,0.0,0.0
2000-02-20 02:45:00,125.55621792342879,0.0
2000-02-20 03:00:00,158.64037862437056,0.0
2000-02-20 03:15:00,153.19264348571454,0.0
2000-02-20 03:30:00,150.6912294457211,0.0
2000-02-20 03:45:00,0.0,0.0
2000-02-20 04:00:00,113.75754966521558,0.0
2000-02-20 04:15:00,0.0,0.0
2000-02-20 04:30:00,150.8970102690704,0.0
2000-02-20 04:45:00,123.07927414009714,0.0
2000-02-20 05:00:00,0.0,0.0
2000-02-20 05:15:00,101.96821966085697,0.0
2000-02-20 05:30:00,127.4135453169275,0.0
2000-02-20 05:45:00,87.60393146859735,0.0
2000-02-20 06:00:00,0.0,-0.0
2000-02-20 06:15:00,0.0,0.0
2000-02-20 06:30:00,0.0,0.0
2000-02-20 06:45:00,0.0,7.130689042659469
2000-02-20 07:00:00,0.0,0.0
2000-02-20 07:15:00,0.0,0.0
2000-02-20 07:30:00,0.0,0.0
2000-02-20 07:45:00,0.0,0.0
2000-02-20 08:00:00,0.0,0.0
2000-02-20 08:15:00,0.0,0.0
2000-02-20 08:30:00,0.0,0.0
2000-02-20 08:45:00,0.0,0.0
2000-02-20 09:00:00,0.0,0.0
2000-02-20 09:15:00,0.0,0.0
2000-02-20 09:30:00,0.0,0.0
2000-02-20 09:45:00,0.0,0.0
2000-02-20 10:00:00,0.0,0.0
2000-02-20 10:15:00,0.0,0.0
2000-02-20 10:30:00,0.0,0.0
2000-02-20 10:45:00,0.0,0.0
2000-02-20 11:00:00,0.0,0.0
2000-02-20 11:15:00,0.0,0.0
2000-02-20 11:30:00,0.0,0.0
2000-02-20 11:45:00,0.0,0.0
2000-02-20 12:00:00,0.0,0.0
2000-02-20 12:15:00,0.0,0.0
2000-02-20 12:30:00,0.0,0.0
2000-02-20 12:45:00,0.0,0.0
2000-02-20 13:00:00,0.0,0.0
2000-02-20 13:15:00,0.0,0.0
2000-02-20 13:30:00,0.0,0.0
2000-02-20 13:45:00,0.0,0.0
2000-02-20 14:00:00,0.0,0.0
2000-02-20 14:15:00,0.0,0.0
2000-02-20 14:30:00,0.0,0.0
2000-02-20 14:45:00,0.0,0.0
2000-02-20 15:00:00,0.0,0.0
2000-02-20 15:15:00,0.0,0.0
2000-02-20 15:30:00,0.0,0.0
2000-02-20 15:45:00,0.0,0.0
2000-02-20 16:00:00,0.0,0.0
2000-02-20 16:15:00,0.0,0.0
2000-02-20 16:30:00,7.90104049048152,0.0
2000-02-20 16:45:00,0.0,0.0
2000-02-20 17:00:00,0.0,0.0
2000-02-20 17:15:00,0.0,0.0
2000-02-20 17:30:00,0.0,0.0
2000-02-20 17:45:00,0.0,20.356810295327477
2000-02-20 18:00:00,0.0,40.18435703983917
2000-02-20 18:15:00,0.0,174.82430051671736
2000-02-20 18:30:00,0.0,0.0
2000-02-20 18:45:00,0.0,191.89999999999998
2000-02-20 19:00:00,0.0,12.497358923021864
2000-02-20 19:15:00,0.0,0.0
2000-02-20 19:30:00,0.0,51.25650731264494
2000-02-20 19:45:00,0.0,11.426307992409988
2000-02-20 20:00:00,0.0,60.45757712342794
2000-02-20 20:15:00,0.0,91.2339888825918
2000-02-20 20:30:00,0.0,153.96078536338638
2000-02-20 20:45:00,0.0,189.24049427403816
2000-02-20 21:00:00,0.0,103.51494522342023
2000-02-20 21:15:00,0.0,45.27212464948218
2000-02-20 21:30:00,0.0,20.62644240369255
2000-02-20 21:45:00,0.0,0.0
2000-02-20 22:00:00,4.997345533519727,0.0
2000-02-20 22:15:00,0.0,4.5101043440015545
2000-02-20 22:30:00,0.0,0.0
2000-02-20 22:45:00,0.0,0.0
2000-02-20 23:00:00,0.0,-0.0
2000-02-20 23:15:00,0.0,0.0
2000-02-20 23:30:00,0.0,0.0
2000-02-20 23:45:00,0.0,-0.0
2000-02-21 00:00:00,117.84336841336315,0.0
2000-02-21 00:15:00,98.93363378187607,0.0
2000-02-21 00:30:00,85.6198560936013,0.0
2000-02-21 00:45:00,88.1332710601786,0.0
2000-02-21 01:00:00,87.22818103666191,0.0
2000-02-21 01:15:00,70.46922998497973,0.0
2000-02-21 01:30:00,45.104530731987495,0.0
2000-02-21 01:45:00,53.62240788467105,0.0
2000-02-21 02:00:00,44.11415592254227,0.0
2000-02-21 02:15:00,33.34119809842059,0.0
2000-02-21 02:30:00,38.410664902690286,0.0
2000-02-21 02:45:00,36.21976198634388,0.0
2000-02-21 03:00:00,23.166320169312286,0.0
2000-02-21 03:15:00,58.58677771891075,0.0
2000-02-21 03:30:00,39.791059967375986,0.0
2000-02-21 03:45:00,45.71071062717817,0.0
2000-02-21 04:00:00,52.73978273234508,0.0
2000-02-21 04:15:00,37.22666709959728,0.0
2000-02-21 04:30:00,46.46503115080415,0.0
2000-02-21 04:45:00,31.21397099000987,0.0
2000-02-21 05:00:00,25.881596005095616,0.0
2000-02-21 05:15:00,31.39647609344695,0.0
2000-02-21 05:30:00,57.29533865030629,0.0
2000-02-21 05:45:00,44.28600889830119,0.0
2000-02-21 06:00:00,0.0,-0.0
2000-02-21 06:15:00,0.0,0.0
2000-02-21 06:30:00,0.0,0.0
2000-02-21 06:45:00,0.0,0.0
2000-02-21 07:00:00,0.0,0.0
2000-02-21 07:15:00,0.0,0.0
2000-02-21 07:30:00,0.0,0.0
2000-02-21 07:45:00,0.0,0.0
2000-02-21 08:00:00,0.0,0.0
2000-02-21 08:15:00,0.0,0.0
2000-02-21 08:30:00,0.0,0.0
2000-02-21 08:45:00,0.0,0.0
2000-02-21 09:00:00,0.0,0.0
2000-02-21 09:15:00,0.0,0.0
2000-02-21 09:30:00,0.0,0.0
2000-02-21 09:45:00,0.0,0.0
2000-02-21 10:00:00,0.0,0.0
2000-02-21 10:15:00,0.0,0.0
2000-02-21 10:30:00,0.0,0.0
2000-02-21 10:45:00,0.0,0.0
2000-02-21 11:00:00,0.0,0.0
2000-02-21 11:15:00,0.0,0.0
2000-02-21 11:30:00,0.0,0.0
2000-02-21 11:45:00,0.0,0.0
2000-02-21 12:00:00,0.0,0.0
2000-02-21 12:15:00,0.0,0.0
2000-02-21 12:30:00,0.0,0.0
2000-02-21 12:45:00,0.0,0.0
2000-02-21 13:00:00,0.0,0.0
2000-02-21 13:15:00,0.0,0.0
2000-02-21 13:30:00,0.0,0.0
2000-02-21 13:45:00,0.0,0.0
2000-02-21 14:00:00,0.0,0.0
2000-02-21 14:15:00,0.0,0.0
2000-02-21 14:30:00,0.0,0.0
2000-02-21 14:45:00,0.0,0.0
2000-02-21 15:00:00,0.0,0.0
2000-02-21 15:15:00,0.0,0.0
2000-02-21 15:30:00,0.0,0.0
2000-02-21 15:45:00,0.0,0.0
2000-02-21 16:00:00,0.0,0.0
2000-02-21 16:15:00,0.0,0.0
2000-02-21 16:30:00,0.0,0.0
2000-02-21 16:45:00,0.0,0.0
2000-02-21 17:00:00,0.0,0.0
2000-02-21 17:15:00,0.0,17.599861028071174
2000-02-21 17:30:00,19.50123105603454,0.0
2000-02-21 17:45:00,0.0,32.547707406910774
2000-02-21 18:00:00,0.0,144.60350903195283
2000-02-21 18:15:00,0.0,191.89999999999998
2000-02-21 18:30:00,0.0,191.89999999999998
2000-02-21 18:45:00,0.0,0.3324558359715297
2000-02-21 19:00:00,0.0,47.938670410057
2000-02-21 19:15:00,0.0,62.67268883243304
2000-02-21 19:30:00,0.0,49.10725141160782
2000-02-21 19:45:00,0.0,65.34351695293424
2000-02-21 20:00:00,0.0,47.46972467354112
2000-02-21 20:15:00,0.0,57.04279282249274
2000-02-21 20:30:00,0.0,125.7177410335409
2000-02-21 20:45:00,0.0,89.92994373183069
2000-02-21 21:00:00,0.0,35.173986293370035
2000-02-21 21:15:00,0.0,0.0
2000-02-21 21:30:00,0.0,0.0
2000-02-21 21:45:00,0.0,25.072011563357535
2000-02-21 22:00:00,-0.0,0.0
2000-02-21 22:15:00,0.0,0.0
2000-02-21 22:30:00,0.0,0.0
2000-02-21 22:45:00,0.0,-0.0
2000-02-21 23:00:00,0.0,-0.0
2000-02-21 23:15:00,0.0,0.0
2000-02-21 23:30:00,0.0,0.0
2000-02-21 23:45:00,0.0,-0.0
2000-02-22 00:00:00,0.0,0.0
2000-02-22 00:15:00,0.0,0.0
2000-02-22 00:30:00,0.0,0.0
2000-02-22 00:45:00,0.0,0.0
2000-02-22 01:00:00,0.0,0.0
2000-02-22 01:15:00,0.0,0.0
2000-02-22 01:30:00,0.0,0.0
2000-02-22 01:45:00,0.0,0.0
2000-02-22 02:00:00,0.0,0.0
2000-02-22 02:15:00,0.0,0.0
2000-02-22 02:30:00,0.0,0.0
2000-02-22 02:45:00,0.0,0.0
2000-02-22 03:00:00,0.0,0.0
2000-02-22 03:15:00,28.23674723964156,0.0
2000-02-22 03:30:00,0.0,0.0
2000-02-22 03:45:00,148.2718177309114,0.0
2000-02-22 04:00:00,150.42097252306206,0.0
2000-02-22 04:15:00,191.89999999999998,0.0
2000-02-22 04:30:00,186.39794966294585,0.0
2000-02-22 04:45:00,126.81417431186873,0.0
2000-02-22 05:00:00,161.07293915875405,0.0
2000-02-22 05:15:00,0.0,0.0
2000-02-22 05:30:00,168.13396255233914,0.0
2000-02-22 05:45:00,131.5514368204772,0.0
2000-02-22 06:00:00,0.0,-0.0
2000-02-22 06:15:00,0.0,-0.0
2000-02-22 06:30:00,0.0,0.0
2000-02-22 06:45:00,0.0,0.0
2000-02-22 07:00:00,0.0,0.0
2000-02-22 07:15:00,0.0,0.0
2000-02-22 07:30:00,0.0,0.0
2000-02-22 07:45:00,0.0,0.0
2000-02-22 08:00:00,0.0,0.0
2000-02-22 08:15:00,0.0,0.0
2000-02-22 08:30:00,0.0,0.0
2000-02-22 08:45:00,0.0,0.0
2000-02-22 09:00:00,0.0,0.0
2000-02-22 09:15:00,0.0,0.0
2000-02-22 09:30:00,0.0,0.0
2000-02-22 09:45:00,0.0,0.0
2000-02-22 10:00:00,0.0,0.0
2000-02-22 10:15:00,0.0,0.0
2000-02-22 10:30:00,0.0,0.0
2000-02-22 10:45:00,0.0,0.0
2000-02-22 11:00:00,0.0,0.0
2000-02-22 11:15:00,0.0,0.0
2000-02-22 11:30:00,0.0,0.0
2000-02-22 11:45:00,0.0,0.0
2000-02-22 12:00:00,0.0,0.0
2000-02-22 12:15:00,0.0,0.0
2000-02-22 12:30:00,0.0,0.0
2000-02-22 12:45:00,0.0,0.0
2000-02-22 13:00:00,0.0,0.0
2000-02-22 13:15:00,0.0,0.0
2000-02-22 13:30:00,0.0,0.0
2000-02-22 13:45:00,0.0,0.0
2000-02-22 14:00:00,0.0,0.0
2000-02-22 14:15:00,0.0,0.0
2000-02-22 14:30:00,0.0,0.0
2000-02-22 14:45:00,0.0,0.0
2000-02-22 15:00:00,0.0,0.0
2000-02-22 15:15:00,0.0,0.0
2000-02-22 15:30:00,0.0,0.0
2000-02-22 15:45:00,0.0,0.0
2000-02-22 16:00:00,0.0,0.0
2000-02-22 16:15:00,0.0,0.0
2000-02-22 16:30:00,0.0,0.0
2000-02-22 16:45:00,0.0,0.0
2000-02-22 17:00:00,0.0,0.0
2000-02-22 17:15:00,0.0,0.0
2000-02-22 17:30:00,-0.0,0.0
2000-02-22 17:45:00,0.0,0.738209041324609
2000-02-22 18:00:00,0.0,6.3069683263101695
2000-02-22 18:15:00,0.0,14.58006002837638
2000-02-22 18:30:00,0.0,105.30230442360416
2000-02-22 18:45:00,0.0,191.89999999999998
2000-02-22 19:00:00,0.0,191.89999999999998
2000-02-22 19:15:00,0.0,0.0
2000-02-22 19:30:00,0.0,61.39973398091999
2000-02-22 19:45:00,0.0,67.12164979439027
2000-02-22 20:00:00,0.0,92.06595806383288
2000-02-22 20:15:00,0.0,82.47594383202235
2000-02-22 20:30:00,0.0,48.531395799715796
2000-02-22 20:45:00,0.0,58.73118259469547
2000-02-22 21:00:00,0.0,119.23501483542927
2000-02-22 21:15:00,0.0,123.32365878140999
2000-02-22 21:30:00,0.0,3.1399204979687454
2000-02-22 21:45:00,0.0,0.0
2000-02-22 22:00:00,0.0,0.0
2000-02-22 22:15:00,-0.0,0.0
2000-02-22 22:30:00,0.0,0.0
2000-02-22 22:45:00,0.0,0.0
2000-02-22 23:00:00,0.0,0.0
2000-02-22 23:15:00,0.0,0.0
2000-02-22 23:30:00,0.0,-0.0
2000-02-22 23:45:00,0.0,-0.0
2000-02-23 00:00:00,0.0,0.0
2000-02-23 00:15:00,0.0,0.0
2000-02-23 00:30:00,0.0,0.0
2000-02-23 00:45:00,0.0,0.0
2000-02-23 01:00:00,0.0,0.0
2000-02-23 01:15:00,0.0,0.0
2000-02-23 01:30:00,0.0,0.0
2000-02-23 01:45:00,0.0,0.0
2000-02-23 02:00:00,0.0,0.0
2000-02-23 02:15:00,0.0,0.0
2000-02-23 02:30:00,0.0,0.0
2000-02-23 02:45:00,0.0,0.0
2000-02-23 03:00:00,18.1931639786795,0.0
2000-02-23 03:15:00,0.0,0.0
2000-02-23 03:30:00,0.0,0.0
2000-02-23 03:45:00,0.0,0.0
2000-02-23 04:00:00,0.0,0.0
2000-02-23 04:15:00,164.02020481859643,0.0
2000-02-23 04:30:00,180.41529348268318,0.0
2000-02-23 04:45:00,176.8631155722424,0.0
2000-02-23 05:00:00,184.73842623324367,0.0
2000-02-23 05:15:00,184.76979591455466,0.0
2000-02-23 05:30:00,191.89999999999998,0.0
2000-02-23 05:45:00,191.89999999999998,0.0
2000-02-23 06:00:00,0.0,-0.0
2000-02-23 06:15:00,0.0,0.0
2000-02-23 06:30:00,0.0,0.0
2000-02-23 06:45:00,0.0,0.0
2000-02-23 07:00:00,0.0,0.0
2000-02-23 07:15:00,0.0,0.0
2000-02-23 07:30:00,0.0,0.0
2000-02-23 07:45:00,0.0,0.0
2000-02-23 08:00:00,0.0,0.0
2000-02-23 08:15:00,0.0,0.0
2000-02-23 08:30:00,0.0,0.0
2000-02-23 08:45:00,0.0,0.0
2000-02-23 09:00:00,0.0,0.0
2000-02-23 09:15:00,0.0,0.0
2000-02-23 09:30:00,0.0,0.0
2000-02-23 09:45:00,0.0,0.0
2000-02-23 10:00:00,0.0,0.0
2000-02-23 10:15:00,0.0,0.0
2000-02-23 10:30:00,0.0,0.0
2000-02-23 10:45:00,0.0,0.0
2000-02-23 11:00:00,0.0,0.0
2000-02-23 11:15:00,0.0,0.0
2000-02-23 11:30:00,0.0,0.0
2000-02-23 11:45:00,0.0,0.0
2000-02-23 12:00:00,0.0,0.0
2000-02-23 12:15:00,0.0,0.0
2000-02-23 12:30:00,0.0,0.0
2000-02-23 12:45:00,0.0,0.0
2000-02-23 13:00:00,0.0,0.0
2000-02-23 13:15:00,0.0,0.0
2000-02-23 13:30:00,0.0,0.0
2000-02-23 13:45:00,0.0,0.0
2000-02-23 14:00:00,0.0,0.0
2000-02-23 14:15:00,0.0,0.0
2000-02-23 14:30:00,0.0,83.32933929477454
2000-02-23 14:45:00,0.0,89.9369311598291
2000-02-23 15:00:00,0.0,39.27546182963948
2000-02-23 15:15:00,16.439205210827712,0.0
2000-02-23 15:30:00,27.643148455236542,0.0
2000-02-23 15:45:00,40.467756197114625,0.0
2000-02-23 16:00:00,0.0,49.77554315199569
2000-02-23 16:15:00,0.0,2.180449548775755
2000-02-23 16:30:00,63.916572652355,0.0
2000-02-23 16:45:00,63.61947596971703,0.0
2000-02-23 17:00:00,19.02619520238602,0.0
2000-02-23 17:15:00,8.394670523347315,0.0
2000-02-23 17:30:00,27.552513564568585,0.0
2000-02-23 17:45:00,26.012733675987192,0.0
2000-02-23 18:00:00,0.0,191.89999999999998
2000-02-23 18:15:00,0.0,191.89999999999998
2000-02-23 18:30:00,0.0,191.89999999999998
2000-02-23 18:45:00,0.0,191.89999999999998
2000-02-23 19:00:00,0.0,191.89999999999998
2000-02-23 19:15:00,0.0,0.0
2000-02-23 19:30:00,0.0,0.0
2000-02-23 19:45:00,0.0,0.0
2000-02-23 20:00:00,0.0,38.42374413181216
2000-02-23 20:15:00,0.0,51.25914936032524
2000-02-23 20:30:00,0.0,74.63285001544196
2000-02-23 20:45:00,0.0,19.59765704654245
2000-02-23 21:00:00,0.0,0.0
2000-02-23 21:15:00,0.0,23.33859944587806
2000-02-23 21:30:00,0.0,0.0
2000-02-23 21:45:00,0.0,0.0
2000-02-23 22:00:00,-0.0,0.0
2000-02-23 22:15:00,-0.0,0.0
2000-02-23 22:30:00,0.0,0.0
2000-02-23 22:45:00,0.0,-0.0
2000-02-23 23:00:00,0.0,0.0
2000-02-23 23:15:00,0.0,0.0
2000-02-23 23:30:00,0.0,-0.0
2000-02-23 23:45:00,0.0,-0.0
2000-02-24 00:00:00,0.0,0.0
2000-02-24 00:15:00,0.0,0.0
2000-02-24 00:30:00,0.0,0.0
2000-02-24 00:45:00,0.0,0.0
2000-02-24 01:00:00,0.0,0.0
2000-02-24 01:15:00,0.0,0.0
2000-02-24 01:30:00,0.0,0.0
2000-02-24 01:45:00,0.0,0.0
2000-02-24 02:00:00,0.0,0.0
2000-02-24 02:15:00,0.0,0.0
2000-02-24 02:30:00,0.0,0.0
2000-02-24 02:45:00,0.0,0.0
2000-02-24 03:00:00,146.43952202573894,0.0
2000-02-24 03:15:00,146.49429791548712,0.0
2000-02-24 03:30:00,0.0,0.0
2000-02-24 03:45:00,0.0,0.0
2000-02-24 04:00:00,179.22189909865094,0.0
2000-02-24 04:15:00,0.0,0.0
2000-02-24 04:30:00,153.73014275788665,0.0
2000-02-24 04:45:00,152.4145986472751,0.0
2000-02-24 05:00:00,153.84912266198444,0.0
2000-02-24 05:15:00,165.85434753328207,0.0
2000-02-24 05:30:00,96.53867290450899,0.0
2000-02-24 05:45:00,98.25739645518553,0.0
2000-02-24 06:00:00,0.0,-0.0
2000-02-24 06:15:00,0.0,-0.0
2000-02-24 06:30:00,0.0,0.0
2000-02-24 06:45:00,0.0,0.0
2000-02-24 07:00:00,0.0,0.0
2000-02-24 07:15:00,0.0,0.0
2000-02-24 07:30:00,0.0,0.0
2000-02-24 07:45:00,0.0,0.0
2000-02-24 08:00:00,0.0,0.0
2000-02-24 08:15:00,0.0,0.0
2000-02-24 08:30:00,0.0,0.0
2000-02-24 08:45:00,0.0,0.0
2000-02-24 09:00:00,0.0,0.0
2000-02-24 09:15:00,0.0,0.0
2000-02-24 09:30:00,0.0,0.0
2000-02-24 09:45:00,0.0,0.0
2000-02-24 10:00:00,0.0,0.0
2000-02-24 10:15:00,0.0,0.0
2000-02-24 10:30:00,0.0,0.0
2000-02-24 10:45:00,0.0,0.0
2000-02-24 11:00:00,0.0,0.0
2000-02-24 11:15:00,0.0,0.0
2000-02-24 11:30:00,0.0,0.0
2000-02-24 11:45:00,0.0,0.0
2000-02-24 12:00:00,0.0,0.0
2000-02-24 12:15:00,0.0,0.0
2000-02-24 12:30:00,0.0,0.0
2000-02-24 12:45:00,0.0,0.0
2000-02-24 13:00:00,0.0,0.0
2000-02-24 13:15:00,0.0,0.0
2000-02-24 13:30:00,0.0,0.0
2000-02-24 13:45:00,0.0,0.0
2000-02-24 14:00:00,0.0,0.0
2000-02-24 14:15:00,0.0,0.0
2000-02-24 14:30:00,0.0,0.0
2000-02-24 14:45:00,0.0,0.0
2000-02-24 15:00:00,0.0,0.0
2000-02-24 15:15:00,0.0,0.0
2000-02-24 15:30:00,0.0,0.0
2000-02-24 15:45:00,0.0,0.0
2000-02-24 16:00:00,0.0,0.0
2000-02-24 16:15:00,0.0,0.0
2000-02-24 16:30:00,0.0,0.0
2000-02-24 16:45:00,0.0,0.0
2000-02-24 17:00:00,0.0,0.0
2000-02-24 17:15:00,0.0,0.0
2000-02-24 17:30:00,0.0,0.0
2000-02-24 17:45:00,0.0,0.0
2000-02-24 18:00:00,0.0,25.95233073184003
2000-02-24 18:15:00,0.0,191.89999999999998
2000-02-24 18:30:00,0.0,19.824669887571986
2000-02-24 18:45:00,0.0,14.709724457443315
2000-02-24 19:00:00,0.0,0.0
2000-02-24 19:15:00,0.0,97.43901454468039
2000-02-24 19:30:00,0.0,0.0
2000-02-24 19:45:00,0.0,0.0
2000-02-24 20:00:00,0.0,94.83072999989673
2000-02-24 20:15:00,0.0,77.03742804810008
2000-02-24 20:30:00,0.0,191.89999999999998
2000-02-24 20:45:00,0.0,149.25211336034312
2000-02-24 21:00:00,0.0,170.1239670963344
2000-02-24 21:15:00,0.0,133.78202187378992
2000-02-24 21:30:00,0.0,0.0
2000-02-24 21:45:00,0.0,-0.0
2000-02-24 22:00:00,0.0,0.0
2000-02-24 22:15:00,0.0,0.0
2000-02-24 22:30:00,0.0,-0.0
2000-02-24 22:45:00,0.0,0.0
2000-02-24 23:00:00,0.0,0.0
2000-02-24 23:15:00,0.0,-0.0
2000-02-24 23:30:00,0.0,0.0
2000-02-24 23:45:00,0.0,-0.0
2000-02-25 00:00:00,0.0,0.0
2000-02-25 00:15:00,0.0,0.0
2000-02-25 00:30:00,0.0,0.0
2000-02-25 00:45:00,0.0,0.0
2000-02-25 01:00:00,0.0,0.0
2000-02-25 01:15:00,0.0,0.0
2000-02-25 01:30:00,0.0,0.0
2000-02-25 01:45:00,0.0,0.0
2000-02-25 02:00:00,0.0,0.0
2000-02-25 02:15:00,0.0,0.0
2000-02-25 02:30:00,0.0,0.0
2000-02-25 02:45:00,0.0,0.0
2000-02-25 03:00:00,0.0,0.0
2000-02-25 03:15:00,180.31638893861447,0.0
2000-02-25 03:30:00,0.0,0.0
2000-02-25 03:45:00,0.0,0.0
2000-02-25 04:00:00,0.0,0.0
2000-02-25 04:15:00,0.0,0.0
2000-02-25 04:30:00,191.89999999999998,0.0
2000-02-25 04:45:00,191.89999999999998,0.0
2000-02-25 05:00:00,191.89999999999998,0.0
2000-02-25 05:15:00,191.89999999999998,0.0
2000-02-25 05:30:00,191.89999999999998,0.0
2000-02-25 05:45:00,152.9836110613855,0.0
2000-02-25 06:00:00,0.0,-0.0
2000-02-25 06:15:00,0.0,0.0
2000-02-25 06:30:00,0.0,0.0
2000-02-25 06:45:00,0.0,-0.0
2000-02-25 07:00:00,0.0,0.0
2000-02-25 07:15:00,0.0,0.0
2000-02-25 07:30:00,0.0,0.0
2000-02-25 07:45:00,0.0,0.0
2000-02-25 08:00:00,0.0,0.0
2000-02-25 08:15:00,0.0,0.0
2000-02-25 08:30:00,0.0,0.0
2000-02-25 08:45:00,0.0,0.0
2000-02-25 09:00:00,0.0,0.0
2000-02-25 09:15:00,0.0,0.0
2000-02-25 09:30:00,0.0,0.0
2000-02-25 09:45:00,0.0,0.0
2000-02-25 10:00:00,0.0,0.0
2000-02-25 10:15:00,0.0,0.0
2000-02-25 10:30:00,0.0,0.0
2000-02-25 10:45:00,0.0,0.0
2000-02-25 11:00:00,0.0,0.0
2000-02-25 11:15:00,0.0,0.0
2000-02-25 11:30:00,0.0,0.0
2000-02-25 11:45:00,0.0,0.0
2000-02-25 12:00:00,0.0,0.0
2000-02-25 12:15:00,0.0,0.0
2000-02-25 12:30:00,0.0,0.0
2000-02-25 12:45:00,0.0,0.0
2000-02-25 13:00:00,0.0,0.0
2000-02-25 13:15:00,0.0,0.0
2000-02-25 13:30:00,0.0,0.0
2000-02-25 13:45:00,0.0,0.0
2000-02-25 14:00:00,0.0,0.0
2000-02-25 14:15:00,0.0,0.0
2000-02-25 14:30:00,0.0,0.0
2000-02-25 14:45:00,0.0,0.0
2000-02-25 15:00:00,0.0,0.0
2000-02-25 15:15:00,0.0,0.0
2000-02-25 15:30:00,0.0,0.0
2000-02-25 15:45:00,0.0,0.0
2000-02-25 16:00:00,0.0,0.0
2000-02-25 16:15:00,0.0,0.0
2000-02-25 16:30:00,0.0,0.0
2000-02-25 16:45:00,0.0,0.0
2000-02-25 17:00:00,0.0,0.0
2000-02-25 17:15:00,0.0,0.0
2000-02-25 17:30:00,0.0,0.0
2000-02-25 17:45:00,0.0,0.0
2000-02-25 18:00:00,0.0,191.89999999999998
2000-02-25 18:15:00,0.0,191.89999999999998
2000-02-25 18:30:00,0.0,191.89999999999998
2000-02-25 18:45:00,0.0,191.89999999999998
2000-02-25 19:00:00,0.0,191.89999999999998
2000-02-25 19:15:00,0.0,1.2194297415056212
2000-02-25 19:30:00,0.0,0.0
2000-02-25 19:45:00,0.0,0.0
2000-02-25 20:00:00,0.0,0.0
2000-02-25 20:15:00,0.0,0.0
2000-02-25 20:30:00,0.0,148.0869636187318
2000-02-25 20:45:00,0.0,0.0
2000-02-25 21:00:00,0.0,0.0
2000-02-25 21:15:00,0.0,0.0
2000-02-25 21:30:00,0.0,16.621539868876084
2000-02-25 21:45:00,0.0,22.354589630471935
2000-02-25 22:00:00,0.0,18.969477140414426
2000-02-25 22:15:00,-0.0,0.0
2000-02-25 22:30:00,-0.0,0.0
2000-02-25 22:45:00,-0.0,0.0
2000-02-25 23:00:00,-0.0,0.0
2000-02-25 23:15:00,0.0,0.0
2000-02-25 23:30:00,0.0,0.0
2000-02-25 23:45:00,0.0,-0.0
2000-02-26 00:00:00,0.0,0.0
2000-02-26 00:15:00,0.0,0.0
2000-02-26 00:30:00,0.0,0.0
2000-02-26 00:45:00,0.0,0.0
2000-02-26 01:00:00,0.0,0.0
2000-02-26 01:15:00,0.0,0.0
2000-02-26 01:30:00,0.0,0.0
2000-02-26 01:45:00,0.0,0.0
2000-02-26 02:00:00,0.0,0.0
2000-02-26 02:15:00,-0.0,0.0
2000-02-26 02:30:00,0.0,0.0
2000-02-26 02:45:00,0.0,0.0
2000-02-26 03:00:00,0.0,0.0
2000-02-26 03:15:00,0.0,0.0
2000-02-26 03:30:00,96.32589636537878,0.0
2000-02-26 03:45:00,0.0,0.0
2000-02-26 04:00:00,170.45316246409865,0.0
2000-02-26 04:15:00,153.1375131749156,0.0
2000-02-26 04:30:00,145.07934667187402,0.0
2000-02-26 04:45:00,134.5306889334988,0.0
2000-02-26 05:00:00,144.42877918452118,0.0
2000-02-26 05:15:00,150.55593786054752,0.0
2000-02-26 05:30:00,162.1131421717792,0.0
2000-02-26 05:45:00,136.17553317338613,0.0
2000-02-26 06:00:00,0.0,-0.0
2000-02-26 06:15:00,0.0,-0.0
2000-02-26 06:30:00,0.0,0.0
2000-02-26 06:45:00,0.0,0.0
2000-02-26 07:00:00,0.0,0.0
2000-02-26 07:15:00,0.0,0.0
2000-02-26 07:30:00,0.0,0.0
2000-02-26 07:45:00,0.0,0.0
2000-02-26 08:00:00,0.0,0.0
2000-02-26 08:15:00,0.0,0.0
2000-02-26 08:30:00,0.0,0.0
2000-02-26 08:45:00,0.0,0.0
2000-02-26 09:00:00,0.0,0.0
2000-02-26 09:15:00,0.0,0.0
2000-02-26 09:30:00,0.0,0.0
2000-02-26 09:45:00,0.0,0.0
2000-02-26 10:00:00,0.0,0.0
2000-02-26 10:15:00,0.0,0.0
2000-02-26 10:30:00,0.0,0.0
2000-02-26 10:45:00,0.0,0.0
2000-02-26 11:00:00,0.0,0.0
2000-02-26 11:15:00,0.0,0.0
2000-02-26 11:30:00,0.0,0.0
2000-02-26 11:45:00,0.0,0.0
2000-02-26 12:00:00,0.0,0.0
2000-02-26 12:15:00,0.0,0.0
2000-02-26 12:30:00,0.0,0.0
2000-02-26 12:45:00,0.0,0.0
2000-02-26 13:00:00,0.0,0.0
2000-02-26 13:15:00,0.0,0.0
2000-02-26 13:30:00,0.0,0.0
2000-02-26 13:45:00,0.0,0.0
2000-02-26 14:00:00,0.0,0.0
2000-02-26 14:15:00,0.0,0.0
2000-02-26 14:30:00,0.0,0.0
2000-02-26 14:45:00,0.0,0.0
2000-02-26 15:00:00,0.0,0.0
2000-02-26 15:15:00,0.0,0.0
2000-02-26 15:30:00,0.0,0.0
2000-02-26 15:45:00,0.0,0.0
2000-02-26 16:00:00,0.0,0.0
2000-02-26 16:15:00,0.0,0.0
2000-02-26 16:30:00,0.0,0.0
2000-02-26 16:45:00,0.0,0.0
2000-02-26 17:00:00,0.0,0.0
2000-02-26 17:15:00,0.0,0.0
2000-02-26 17:30:00,0.0,0.0
2000-02-26 17:45:00,0.0,0.0
2000-02-26 18:00:00,0.0,-0.0
2000-02-26 18:15:00,0.0,0.0
2000-02-26 18:30:00,0.0,82.27600960475009
2000-02-26 18:45:00,0.0,124.06956268672802
2000-02-26 19:00:00,0.0,73.5913524467621
2000-02-26 19:15:00,0.0,125.16915606571317
2000-02-26 19:30:00,0.0,81.22448084962386
2000-02-26 19:45:00,0.0,75.97079595235286
2000-02-26 20:00:00,0.0,75.14541795078483
2000-02-26 20:15:00,0.0,187.63112387359612
2000-02-26 20:30:00,0.0,86.35737114876301
2000-02-26 20:45:00,0.0,73.04849925260473
2000-02-26 21:00:00,0.0,29.821173094797672
2000-02-26 21:15:00,0.0,27.962671401643746
2000-02-26 21:30:00,0.0,81.1416727010878
2000-02-26 21:45:00,0.0,15.374588281926862
2000-02-26 22:00:00,0.0,27.96812468886472
2000-02-26 22:15:00,0.0,0.0
2000-02-26 22:30:00,-0.0,0.0
2000-02-26 22:45:00,0.0,0.0
2000-02-26 23:00:00,0.0,0.0
2000-02-26 23:15:00,0.0,0.0
2000-02-26 23:30:00,0.0,0.0
2000-02-26 23:45:00,0.0,-0.0
2000-02-27 00:00:00,0.0,0.0
2000-02-27 00:15:00,0.0,0.0
2000-02-27 00:30:00,0.0,0.0
2000-02-27 00:45:00,0.0,0.0
2000-02-27 01:00:00,0.0,0.0
2000-02-27 01:15:00,0.0,0.0
2000-02-27 01:30:00,0.0,0.0
2000-02-27 01:45:00,0.0,0.0
2000-02-27 02:00:00,0.0,0.0
2000-02-27 02:15:00,0.0,0.0
2000-02-27 02:30:00,0.0,0.0
2000-02-27 02:45:00,0.0,0.0
2000-02-27 03:00:00,107.36468523538018,0.0
2000-02-27 03:15:00,109.20526866272544,0.0
2000-02-27 03:30:00,69.53777083864207,0.0
2000-02-27 03:45:00,116.30956769081573,0.0
2000-02-27 04:00:00,134.06970064002178,0.0
2000-02-27 04:15:00,106.26125431149605,0.0
2000-02-27 04:30:00,106.60390901897163,0.0
2000-02-27 04:45:00,109.54520011654662,0.0
2000-02-27 05:00:00,111.18136921549596,0.0
2000-02-27 05:15:00,107.77600362807256,0.0
2000-02-27 05:30:00,118.09369179386212,0.0
2000-02-27 05:45:00,96.85157884796973,0.0
2000-02-27 06:00:00,0.0,-0.0
2000-02-27 06:15:00,0.0,-0.0
2000-02-27 06:30:00,0.0,0.0
2000-02-27 06:45:00,0.0,0.0
2000-02-27 07:00:00,0.0,-0.0
2000-02-27 07:15:00,0.0,0.0
2000-02-27 07:30:00,0.0,0.0
2000-02-27 07:45:00,0.0,0.0
2000-02-27 08:00:00,0.0,0.0
2000-02-27 08:15:00,0.0,0.0
2000-02-27 08:30:00,0.0,0.0
2000-02-27 08:45:00,0.0,0.0
2000-02-27 09:00:00,0.0,0.0
2000-02-27 09:15:00,0.0,0.0
2000-02-27 09:30:00,0.0,0.0
2000-02-27 09:45:00,0.0,0.0
2000-02-27 10:00:00,0.0,0.0
2000-02-27 10:15:00,0.0,0.0
2000-02-27 10:30:00,0.0,0.0
2000-02-27 10:45:00,0.0,0.0
2000-02-27 11:00:00,0.0,0.0
2000-02-27 11:15:00,0.0,0.0
2000-02-27 11:30:00,0.0,0.0
2000-02-27 11:45:00,0.0,0.0
2000-02-27 12:00:00,0.0,0.0
2000-02-27 12:15:00,0.0,0.0
2000-02-27 12:30:00,0.0,0.0
2000-02-27 12:45:00,0.0,0.0
2000-02-27 13:00:00,0.0,0.0
2000-02-27 13:15:00,0.0,0.0
2000-02-27 13:30:00,0.0,0.0
2000-02-27 13:45:00,0.0,0.0
2000-02-27 14:00:00,0.0,0.0
2000-02-27 14:15:00,0.0,0.0
2000-02-27 14:30:00,0.0,0.0
2000-02-27 14:45:00,0.0,0.0
2000-02-27 15:00:00,0.0,0.0
2000-02-27 15:15:00,0.0,0.0
2000-02-27 15:30:00,0.0,0.0
2000-02-27 15:45:00,0.0,0.0
2000-02-27 16:00:00,0.0,0.0
2000-02-27 16:15:00,0.0,0.0
2000-02-27 16:30:00,0.0,0.0
2000-02-27 16:45:00,0.0,0.0
2000-02-27 17:00:00,0.0,0.0
2000-02-27 17:15:00,0.0,2.281609517267384
2000-02-27 17:30:00,2.5280991881079804,0.0
2000-02-27 17:45:00,-0.0,0.0
2000-02-27 18:00:00,0.0,93.91194501993863
2000-02-27 18:15:00,0.0,21.784813528974723
2000-02-27 18:30:00,0.0,17.51893909610112
2000-02-27 18:45:00,0.0,22.499507113519115
2000-02-27 19:00:00,0.0,90.52138270809138
2000-02-27 19:15:00,0.0,98.16419696806406
2000-02-27 19:30:00,0.0,103.48770360505324
2000-02-27 19:45:00,0.0,91.4039862853399
2000-02-27 20:00:00,0.0,78.63894326024331
2000-02-27 20:15:00,0.0,84.88289115330548
2000-02-27 20:30:00,0.0,123.57582997017744
2000-02-27 20:45:00,0.0,78.66428320898564
2000-02-27 21:00:00,0.0,93.45443427935965
2000-02-27 21:15:00,0.0,60.48906640382677
2000-02-27 21:30:00,0.0,50.342163220973475
2000-02-27 21:45:00,0.0,32.269956913477586
2000-02-27 22:00:00,0.0,25.141957264568504
2000-02-27 22:15:00,0.0,-0.0
2000-02-27 22:30:00,-0.0,0.0
2000-02-27 22:45:00,0.0,0.0
2000-02-27 23:00:00,0.0,0.0
2000-02-27 23:15:00,0.0,0.0
2000-02-27 23:30:00,0.0,0.0
2000-02-27 23:45:00,0.0,-0.0
2000-02-28 00:00:00,0.0,0.0
2000-02-28 00:15:00,0.0,0.0
2000-02-28 00:30:00,0.0,0.0
2000-02-28 00:45:00,0.0,0.0
2000-02-28 01:00:00,0.0,0.0
2000-02-28 01:15:00,0.0,0.0
2000-02-28 01:30:00,0.0,0.0
2000-02-28 01:45:00,0.0,0.0
2000-02-28 02:00:00,0.0,0.0
2000-02-28 02:15:00,0.0,0.0
2000-02-28 02:30:00,76.64330466388532,0.0
2000-02-28 02:45:00,0.0,0.0
2000-02-28 03:00:00,0.0,0.0
2000-02-28 03:15:00,0.0,0.0
2000-02-28 03:30:00,0.0,0.0
2000-02-28 03:45:00,160.6882329206929,0.0
2000-02-28 04:00:00,169.54049671152626,0.0
2000-02-28 04:15:00,168.45218472634565,0.0
2000-02-28 04:30:00,0.0,0.0
2000-02-28 04:45:00,175.86488832743942,0.0
2000-02-28 05:00:00,0.0,0.0
2000-02-28 05:15:00,191.1907108636034,0.0
2000-02-28 05:30:00,191.89999999999998,0.0
2000-02-28 05:45:00,158.5201817865069,0.0
2000-02-28 06:00:00,0.0,-0.0
2000-02-28 06:15:00,0.0,-0.0
2000-02-28 06:30:00,0.0,0.0
2000-02-28 06:45:00,0.0,0.0
2000-02-28 07:00:00,0.0,0.0
2000-02-28 07:15:00,0.0,0.0
2000-02-28 07:30:00,0.0,0.0
2000-02-28 07:45:00,0.0,0.0
2000-02-28 08:00:00,0.0,0.0
2000-02-28 08:15:00,0.0,0.0
2000-02-28 08:30:00,0.0,0.0
2000-02-28 08:45:00,0.0,0.0
2000-02-28 09:00:00,0.0,0.0
2000-02-28 09:15:00,0.0,0.0
2000-02-28 09:30:00,0.0,0.0
2000-02-28 09:45:00,0.0,0.0
2000-02-28 10:00:00,0.0,0.0
2000-02-28 10:15:00,0.0,0.0
2000-02-28 10:30:00,0.0,0.0
2000-02-28 10:45:00,0.0,0.0
2000-02-28 11:00:00,0.0,0.0
2000-02-28 11:15:00,0.0,0.0
2000-02-28 11:30:00,0.0,0.0
2000-02-28 11:45:00,0.0,0.0
2000-02-28 12:00:00,0.0,0.0
2000-02-28 12:15:00,0.0,0.0
2000-02-28 12:30:00,0.0,0.0
2000-02-28 12:45:00,0.0,0.0
2000-02-28 13:00:00,0.0,0.0
2000-02-28 13:15:00,0.0,0.0
2000-02-28 13:30:00,0.0,0.0
2000-02-28 13:45:00,0.0,0.0
2000-02-28 14:00:00,0.0,0.0
2000-02-28 14:15:00,0.0,0.0
2000-02-28 14:30:00,0.0,0.0
2000-02-28 14:45:00,0.0,0.0
2000-02-28 15:00:00,0.0,0.0
2000-02-28 15:15:00,0.0,0.0
2000-02-28 15:30:00,0.0,0.0
2000-02-28 15:45:00,0.0,0.0
2000-02-28 16:00:00,0.0,0.0
2000-02-28 16:15:00,0.0,0.0
2000-02-28 16:30:00,-0.0,0.0
2000-02-28 16:45:00,0.0,17.099273947978162
2000-02-28 17:00:00,0.0,10.549243805527027
2000-02-28 17:15:00,13.183080761654395,0.0
2000-02-28 17:30:00,17.45239597353165,0.0
2000-02-28 17:45:00,0.0,18.175341826411994
2000-02-28 18:00:00,0.0,191.89999999999998
2000-02-28 18:15:00,0.0,191.89999999999998
2000-02-28 18:30:00,0.0,191.89999999999998
2000-02-28 18:45:00,0.0,0.0
2000-02-28 19:00:00,0.0,169.26066471445955
2000-02-28 19:15:00,0.0,73.89195329245993
2000-02-28 19:30:00,0.0,0.0
2000-02-28 19:45:00,0.0,191.89999999999998
2000-02-28 20:00:00,0.0,13.949046774844618
2000-02-28 20:15:00,0.0,65.82647680155938
2000-02-28 20:30:00,0.0,56.65710100068665
2000-02-28 20:45:00,0.0,1.3914155895778038
2000-02-28 21:00:00,0.0,0.0
2000-02-28 21:15:00,0.0,0.0
2000-02-28 21:30:00,0.0,0.0
2000-02-28 21:45:00,0.0,-0.0
2000-02-28 22:00:00,0.0,0.0
2000-02-28 22:15:00,0.0,0.0
2000-02-28 22:30:00,0.0,0.0
2000-02-28 22:45:00,0.0,0.0
2000-02-28 23:00:00,0.0,0.0
2000-02-28 23:15:00,0.0,-0.0
2000-02-28 23:30:00,0.0,0.0
2000-02-28 23:45:00,0.0,-0.0
2000-02-29 00:00:00,0.0,0.0
2000-02-29 00:15:00,0.0,0.0
2000-02-29 00:30:00,0.0,0.0
2000-02-29 00:45:00,0.0,0.0
2000-02-29 01:00:00,0.0,0.0
2000-02-29 01:15:00,0.0,0.0
2000-02-29 01:30:00,0.0,0.0
2000-02-29 01:45:00,0.0,0.0
2000-02-29 02:00:00,0.0,0.0
2000-02-29 02:15:00,62.802293488331486,0.0
2000-02-29 02:30:00,67.51552233568333,0.0
2000-02-29 02:45:00,67.40909542475333,0.0
2000-02-29 03:00:00,0.0,0.0
2000-02-29 03:15:00,0.0,0.0
2000-02-29 03:30:00,0.0,0.0
2000-02-29 03:45:00,0.0,0.0
2000-02-29 04:00:00,177.84643879940083,0.0
2000-02-29 04:15:00,25.649114909005473,0.0
2000-02-29 04:30:00,0.0,0.0
2000-02-29 04:45:00,187.22606780361184,0.0
2000-02-29 05:00:00,190.21634262423987,0.0
2000-02-29 05:15:00,187.83213727126517,0.0
2000-02-29 05:30:00,170.35696053141885,0.0
2000-02-29 05:45:00,155.9460268122898,0.0
2000-02-29 06:00:00,0.0,-0.0
2000-02-29 06:15:00,0.0,0.0
2000-02-29 06:30:00,0.0,-0.0
2000-02-29 06:45:00,0.0,0.0
2000-02-29 07:00:00,0.0,0.0
2000-02-29 07:15:00,0.0,0.0
2000-02-29 07:30:00,0.0,0.0
2000-02-29 07:45:00,0.0,0.0
2000-02-29 08:00:00,0.0,0.0
2000-02-29 08:15:00,0.0,0.0
2000-02-29 08:30:00,0.0,0.0
2000-02-29 08:45:00,0.0,0.0
2000-02-29 09:00:00,0.0,0.0
2000-02-29 09:15:00,0.0,0.0
2000-02-29 09:30:00,0.0,0.0
2000-02-29 09:45:00,0.0,0.0
2000-02-29 10:00:00,0.0,0.0
2000-02-29 10:15:00,0.0,0.0
2000-02-29 10:30:00,0.0,0.0
2000-02-29 10:45:00,0.0,0.0
2000-02-29 11:00:00,0.0,0.0
2000-02-29 11:15:00,0.0,0.0
2000-02-29 11:30:00,0.0,0.0
2000-02-29 11:45:00,0.0,0.0
2000-02-29 12:00:00,0.0,0.0
2000-02-29 12:15:00,0.0,0.0
2000-02-29 12:30:00,0.0,0.0
2000-02-29 12:45:00,0.0,0.0
2000-02-29 13:00:00,0.0,0.0
2000-02-29 13:15:00,0.0,0.0
2000-02-29 13:30:00,0.0,0.0
2000-02-29 13:45:00,0.0,0.0
2000-02-29 14:00:00,0.0,0.0
2000-02-29 14:15:00,0.0,0.0
2000-02-29 14:30:00,0.0,0.0
2000-02-29 14:45:00,0.0,0.0
2000-02-29 15:00:00,0.0,0.0
2000-02-29 15:15:00,0.0,0.0
2000-02-29 15:30:00,0.0,0.0
2000-02-29 15:45:00,0.0,0.0
2000-02-29 16:00:00,0.0,0.0
2000-02-29 16:15:00,0.0,0.0
2000-02-29 16:30:00,0.0,0.0
2000-02-29 16:45:00,0.0,0.0
2000-02-29 17:00:00,0.0,0.0
2000-02-29 17:15:00,0.0,14.716755197662508
2000-02-29 17:30:00,16.306653958628743,0.0
2000-02-29 17:45:00,0.0,0.0
2000-02-29 18:00:00,0.0,191.89999999999998
2000-02-29 18:15:00,0.0,191.89999999999998
2000-02-29 18:30:00,0.0,41.075764149550196
2000-02-29 18:45:00,0.0,12.366140592539693
2000-02-29 19:00:00,0.0,191.89999999999998
2000-02-29 19:15:00,0.0,191.89999999999998
2000-02-29 19:30:00,0.0,155.28405088442432
2000-02-29 19:45:00,0.0,0.0
2000-02-29 20:00:00,0.0,58.824200653999014
2000-02-29 20:15:00,0.0,62.007492846462355
2000-02-29 20:30:00,0.0,69.59435087302433
2000-02-29 20:45:00,0.0,0.0
2000-02-29 21:00:00,0.0,0.0
2000-02-29 21:15:00,0.0,0.0
2000-02-29 21:30:00,0.0,0.0
2000-02-29 21:45:00,0.0,0.0
2000-02-29 22:00:00,2.9405881802591742,0.0
2000-02-29 22:15:00,0.0,2.6538808326839054
2000-02-29 22:30:00,0.0,0.0
2000-02-29 22:45:00,0.0,-0.0
2000-02-29 23:00:00,0.0,0.0
2000-02-29 23:15:00,0.0,0.0
2000-02-29 23:30:00,0.0,-0.0
2000-02-29 23:45:00,0.0,-0.0
2000-03-01 00:00:00,0.0,0.0
2000-03-01 00:15:00,0.0,0.0
2000-03-01 00:30:00,0.0,0.0
2000-03-01 00:45:00,0.0,0.0
2000-03-01 01:00:00,0.0,0.0
2000-03-01 01:15:00,0.0,0.0
2000-03-01 01:30:00,90.45831114616512,0.0
2000-03-01 01:45:00,0.0,0.0
2000-03-01 02:00:00,0.0,0.0
2000-03-01 02:15:00,74.87720576529736,0.0
2000-03-01 02:30:00,0.0,0.0
2000-03-01 02:45:00,120.15027916661266,0.0
2000-03-01 03:00:00,0.0,0.0
2000-03-01 03:15:00,0.0,0.0
2000-03-01 03:30:00,106.81711339988709,0.0
2000-03-01 03:45:00,132.23045764612527,0.0
2000-03-01 04:00:00,128.8234269383898,0.0
2000-03-01 04:15:00,116.97095112382225,0.0
2000-03-01 04:30:00,118.62710985634165,0.0
2000-03-01 04:45:00,77.09717059060893,0.0
2000-03-01 05:00:00,56.66073947844467,0.0
2000-03-01 05:15:00,67.43703930551054,0.0
2000-03-01 05:30:00,98.66030597398426,0.0
2000-03-01 05:45:00,103.98988960881024,0.0
2000-03-01 06:00:00,0.0,-0.0
2000-03-01 06:15:00,0.0,26.182409285167154
2000-03-01 06:30:00,0.0,16.670529446081275
2000-03-01 06:45:00,0.0,30.422528728349647
2000-03-01 07:00:00,0.0,30.12212515316071
2000-03-01 07:15:00,0.0,5.349137579250822
2000-03-01 07:30:00,0.0,0.0
2000-03-01 07:45:00,0.0,0.0
2000-03-01 08:00:00,0.0,0.0
2000-03-01 08:15:00,0.0,0.0
2000-03-01 08:30:00,0.0,0.0
2000-03-01 08:45:00,0.0,0.0
2000-03-01 09:00:00,0.0,0.0
2000-03-01 09:15:00,0.0,0.0
2000-03-01 09:30:00,0.0,0.0
2000-03-01 09:45:00,0.0,0.0
2000-03-01 10:00:00,0.0,0.0
2000-03-01 10:15:00,0.0,0.0
2000-03-01 10:30:00,0.0,0.0
2000-03-01 10:45:00,0.0,0.0
2000-03-01 11:00:00,0.0,0.0
2000-03-01 11:15:00,0.0,0.0
2000-03-01 11:30:00,0.0,0.0
2000-03-01 11:45:00,0.0,0.0
2000-03-01 12:00:00,0.0,0.0
2000-03-01 12:15:00,0.0,0.0
2000-03-01 12:30:00,0.0,0.0
2000-03-01 12:45:00,0.0,0.0
2000-03-01 13:00:00,0.0,0.0
2000-03-01 13:15:00,0.0,0.0
2000-03-01 13:30:00,0.0,0.0
2000-03-01 13:45:00,0.0,0.0
2000-03-01 14:00:00,0.0,0.0
2000-03-01 14:15:00,0.0,0.0
2000-03-01 14:30:00,0.0,0.0
2000-03-01 14:45:00,0.0,0.0
2000-03-01 15:00:00,0.0,0.0
2000-03-01 15:15:00,0.0,7.189773740015113
2000-03-01 15:30:00,0.0,4.289828678561406
2000-03-01 15:45:00,0.0,0.0
2000-03-01 16:00:00,0.0,0.0
2000-03-01 16:15:00,0.0,0.0
2000-03-01 16:30:00,16.057538321156954,0.0
2000-03-01 16:45:00,35.874911220463105,0.0
2000-03-01 17:00:00,0.0,0.0
2000-03-01 17:15:00,0.0,0.0
2000-03-01 17:30:00,66.90140106336993,0.0
2000-03-01 17:45:00,14.380922370728992,0.0
2000-03-01 18:00:00,0.0,154.09460719678373
2000-03-01 18:15:00,0.0,185.53440816943163
2000-03-01 18:30:00,0.0,0.0
2000-03-01 18:45:00,0.0,191.89999999999998
2000-03-01 19:00:00,0.0,0.0
2000-03-01 19:15:00,0.0,48.939836967670004
2000-03-01 19:30:00,0.0,159.58553908067128
2000-03-01 19:45:00,0.0,68.43310297595187
2000-03-01 20:00:00,0.0,69.86455251809426
2000-03-01 20:15:00,0.0,58.25949635603607
2000-03-01 20:30:00,0.0,38.65354626732778
2000-03-01 20:45:00,0.0,83.4523985653556
2000-03-01 21:00:00,0.0,75.04645064580271
2000-03-01 21:15:00,0.0,24.604788328674175
2000-03-01 21:30:00,0.0,0.0
2000-03-01 21:45:00,0.0,8.383272928201052
2000-03-01 22:00:00,0.0,0.0
2000-03-01 22:15:00,0.0,0.0
2000-03-01 22:30:00,0.0,0.0
2000-03-01 22:45:00,-0.0,0.0
2000-03-01 23:00:00,0.0,0.0
2000-03-01 23:15:00,0.0,0.0
2000-03-01 23:30:00,0.0,-0.0
2000-03-01 23:45:00,0.0,-0.0
2000-03-02 00:00:00,0.0,0.0
2000-03-02 00:15:00,0.0,0.0
2000-03-02 00:30:00,0.0,0.0
2000-03-02 00:45:00,0.0,0.0
2000-03-02 01:00:00,0.0,0.0
2000-03-02 01:15:00,0.0,0.0
2000-03-02 01:30:00,0.0,0.0
2000-03-02 01:45:00,101.35116234994484,0.0
2000-03-02 02:00:00,0.0,0.0
2000-03-02 02:15:00,0.0,0.0
2000-03-02 02:30:00,0.0,0.0
2000-03-02 02:45:00,0.0,0.0
2000-03-02 03:00:00,0.0,0.0
2000-03-02 03:15:00,0.0,0.0
2000-03-02 03:30:00,105.91128230229208,0.0
2000-03-02 03:45:00,34.15480723079291,0.0
2000-03-02 04:00:00,147.57763791267635,0.0
2000-03-02 04:15:00,149.130292207233,0.0
2000-03-02 04:30:00,152.48809652114585,0.0
2000-03-02 04:45:00,121.36037887421782,0.0
2000-03-02 05:00:00,122.24248759035495,0.0
2000-03-02 05:15:00,141.47952553237698,0.0
2000-03-02 05:30:00,127.18641995553244,0.0
2000-03-02 05:45:00,89.9179095234326,0.0
2000-03-02 06:00:00,0.0,0.0
2000-03-02 06:15:00,0.0,-0.0
2000-03-02 06:30:00,0.0,-0.0
2000-03-02 06:45:00,0.0,0.0
2000-03-02 07:00:00,0.0,0.0
2000-03-02 07:15:00,0.0,0.0
2000-03-02 07:30:00,0.0,0.0
2000-03-02 07:45:00,0.0,0.0
2000-03-02 08:00:00,0.0,0.0
2000-03-02 08:15:00,0.0,0.0
2000-03-02 08:30:00,0.0,0.0
2000-03-02 08:45:00,0.0,0.0
2000-03-02 09:00:00,0.0,0.0
2000-03-02 09:15:00,0.0,0.0
2000-03-02 09:30:00,0.0,0.0
2000-03-02 09:45:00,0.0,0.0
2000-03-02 10:00:00,0.0,0.0
2000-03-02 10:15:00,0.0,0.0
2000-03-02 10:30:00,0.0,0.0
2000-03-02 10:45:00,0.0,0.0
2000-03-02 11:00:00,0.0,0.0
2000-03-02 11:15:00,0.0,0.0
2000-03-02 11:30:00,0.0,0.0
2000-03-02 11:45:00,0.0,0.0
2000-03-02 12:00:00,0.0,0.0
2000-03-02 12:15:00,0.0,0.0
2000-03-02 12:30:00,0.0,0.0
2000-03-02 12:45:00,0.0,0.0
2000-03-02 13:00:00,0.0,0.0
2000-03-02 13:15:00,0.0,0.0
2000-03-02 13:30:00,0.0,0.0
2000-03-02 13:45:00,0.0,0.0
2000-03-02 14:00:00,0.0,0.0
2000-03-02 14:15:00,0.0,0.0
2000-03-02 14:30:00,0.0,0.0
2000-03-02 14:45:00,0.0,0.0
2000-03-02 15:00:00,0.0,0.0
2000-03-02 15:15:00,0.0,0.0
2000-03-02 15:30:00,0.0,0.0
2000-03-02 15:45:00,0.0,0.0
2000-03-02 16:00:00,0.0,0.0
2000-03-02 16:15:00,0.0,0.0
2000-03-02 16:30:00,0.0,0.0
2000-03-02 16:45:00,0.0,0.0
2000-03-02 17:00:00,0.0,0.0
2000-03-02 17:15:00,0.0,0.0
2000-03-02 17:30:00,0.0,0.0
2000-03-02 17:45:00,0.0,0.0
2000-03-02 18:00:00,0.0,-0.0
2000-03-02 18:15:00,0.0,-0.0
2000-03-02 18:30:00,0.0,139.55579841596818
2000-03-02 18:45:00,0.0,0.0
2000-03-02 19:00:00,0.0,17.646268422114474
2000-03-02 19:15:00,0.0,191.89999999999998
2000-03-02 19:30:00,0.0,81.23477667304047
2000-03-02 19:45:00,0.0,58.6664614080201
2000-03-02 20:00:00,0.0,142.30933217480145
2000-03-02 20:15:00,0.0,163.82764562987364
2000-03-02 20:30:00,0.0,70.35423883203919
2000-03-02 20:45:00,0.0,32.60392370997488
2000-03-02 21:00:00,0.0,58.56589241185878
2000-03-02 21:15:00,0.0,77.4399742212338
2000-03-02 21:30:00,0.0,76.555744935532
2000-03-02 21:45:00,0.0,39.170395023719436
2000-03-02 22:00:00,0.0,16.92154814182362
2000-03-02 22:15:00,-0.0,0.0
2000-03-02 22:30:00,0.0,0.0
2000-03-02 22:45:00,-0.0,0.0
2000-03-02 23:00:00,0.0,0.0
2000-03-02 23:15:00,0.0,-0.0
2000-03-02 23:30:00,0.0,0.0
2000-03-02 23:45:00,0.0,-0.0
2000-03-03 00:00:00,0.0,0.0
2000-03-03 00:15:00,0.0,0.0
2000-03-03 00:30:00,0.0,0.0
2000-03-03 00:45:00,0.0,0.0
2000-03-03 01:00:00,0.0,0.0
2000-03-03 01:15:00,0.0,0.0
2000-03-03 01:30:00,0.0,0.0
2000-03-03 01:45:00,0.0,0.0
2000-03-03 02:00:00,-0.0,0.0
2000-03-03 02:15:00,0.0,0.0
2000-03-03 02:30:00,0.0,0.0
2000-03-03 02:45:00,0.0,0.0
2000-03-03 03:00:00,0.0,0.0
2000-03-03 03:15:00,0.0,0.0
2000-03-03 03:30:00,0.0,0.0
2000-03-03 03:45:00,191.89999999999998,0.0
2000-03-03 04:00:00,191.89999999999998,0.0
2000-03-03 04:15:00,141.40000000000006,0.0
2000-03-03 04:30:00,191.89999999999998,0.0
2000-03-03 04:45:00,191.89999999999998,0.0
2000-03-03 05:00:00,191.89999999999998,0.0
2000-03-03 05:15:00,0.0,0.0
2000-03-03 05:30:00,0.0,0.0
2000-03-03 05:45:00,191.89999999999998,0.0
2000-03-03 06:00:00,0.0,-0.0
2000-03-03 06:15:00,0.0,0.0
2000-03-03 06:30:00,0.0,0.0
2000-03-03 06:45:00,0.0,0.0
2000-03-03 07:00:00,0.0,0.0
2000-03-03 07:15:00,0.0,0.0
2000-03-03 07:30:00,0.0,0.0
2000-03-03 07:45:00,0.0,0.0
2000-03-03 08:00:00,0.0,0.0
2000-03-03 08:15:00,0.0,0.0
2000-03-03 08:30:00,0.0,0.0
2000-03-03 08:45:00,0.0,0.0
2000-03-03 09:00:00,0.0,0.0
2000-03-03 09:15:00,0.0,0.0
2000-03-03 09:30:00,0.0,0.0
2000-03-03 09:45:00,0.0,0.0
2000-03-03 10:00:00,0.0,0.0
2000-03-03 10:15:00,0.0,0.0
2000-03-03 10:30:00,0.0,0.0
2000-03-03 10:45:00,0.0,0.0
2000-03-03 11:00:00,0.0,0.0
2000-03-03 11:15:00,0.0,0.0
2000-03-03 11:30:00,0.0,0.0
2000-03-03 11:45:00,0.0,0.0
2000-03-03 12:00:00,0.0,0.0
2000-03-03 12:15:00,0.0,0.0
2000-03-03 12:30:00,0.0,0.0
2000-03-03 12:45:00,0.0,0.0
2000-03-03 13:00:00,0.0,0.0
2000-03-03 13:15:00,0.0,0.0
2000-03-03 13:30:00,0.0,0.0
2000-03-03 13:45:00,0.0,0.0
2000-03-03 14:00:00,0.0,0.0
2000-03-03 14:15:00,0.0,0.0
2000-03-03 14:30:00,0.0,0.0
2000-03-03 14:45:00,0.0,0.0
2000-03-03 15:00:00,0.0,0.0
2000-03-03 15:15:00,0.0,0.0
2000-03-03 15:30:00,0.0,0.0
2000-03-03 15:45:00,0.0,0.0
2000-03-03 16:00:00,0.0,0.0
2000-03-03 16:15:00,0.0,0.0
2000-03-03 16:30:00,0.0,0.0
2000-03-03 16:45:00,0.0,0.0
2000-03-03 17:00:00,0.0,0.0
2000-03-03 17:15:00,0.0,0.0
2000-03-03 17:30:00,-0.0,0.0
2000-03-03 17:45:00,0.0,24.599057555674506
2000-03-03 18:00:00,0.0,191.89999999999998
2000-03-03 18:15:00,0.0,191.89999999999998
2000-03-03 18:30:00,0.0,191.89999999999998
2000-03-03 18:45:00,0.0,191.89999999999998
2000-03-03 19:00:00,0.0,0.0
2000-03-03 19:15:00,0.0,191.89999999999998
2000-03-03 19:30:00,0.0,0.0
2000-03-03 19:45:00,0.0,0.0
2000-03-03 20:00:00,0.0,127.06767814977428
2000-03-03 20:15:00,0.0,0.0
2000-03-03 20:30:00,0.0,0.0
2000-03-03 20:45:00,0.0,0.0
2000-03-03 21:00:00,0.0,0.0
2000-03-03 21:15:00,0.0,14.251996966633726
2000-03-03 21:30:00,0.0,41.33326732791744
2000-03-03 21:45:00,0.0,0.0
2000-03-03 22:00:00,0.0,-0.0
2000-03-03 22:15:00,-0.0,0.0
2000-03-03 22:30:00,0.0,0.0
2000-03-03 22:45:00,0.0,0.0
2000-03-03 23:00:00,0.0,0.0
2000-03-03 23:15:00,0.0,0.0
2000-03-03 23:30:00,0.0,-0.0
2000-03-03 23:45:00,0.0,-0.0
2000-03-04 00:00:00,0.0,0.0
2000-03-04 00:15:00,0.0,0.0
2000-03-04 00:30:00,0.0,0.0
2000-03-04 00:45:00,0.0,0.0
2000-03-04 01:00:00,0.0,0.0
2000-03-04 01:15:00,0.0,0.0
2000-03-04 01:30:00,0.0,0.0
2000-03-04 01:45:00,0.0,0.0
2000-03-04 02:00:00,0.0,0.0
2000-03-04 02:15:00,0.0,0.0
2000-03-04 02:30:00,0.0,0.0
2000-03-04 02:45:00,0.0,0.0
2000-03-04 03:00:00,0.0,0.0
2000-03-04 03:15:00,0.0,0.0
2000-03-04 03:30:00,0.0,0.0
2000-03-04 03:45:00,141.40000000000006,0.0
2000-03-04 04:00:00,191.89999999999998,0.0
2000-03-04 04:15:00,191.89999999999998,0.0
2000-03-04 04:30:00,0.0,0.0
2000-03-04 04:45:00,191.89999999999998,0.0
2000-03-04 05:00:00,0.0,0.0
2000-03-04 05:15:00,191.89999999999998,0.0
2000-03-04 05:30:00,191.89999999999998,0.0
2000-03-04 05:45:00,191.89999999999998,0.0
2000-03-04 06:00:00,0.0,-0.0
2000-03-04 06:15:00,0.0,0.0
2000-03-04 06:30:00,0.0,0.0
2000-03-04 06:45:00,0.0,0.0
2000-03-04 07:00:00,0.0,0.0
2000-03-04 07:15:00,0.0,0.0
2000-03-04 07:30:00,0.0,0.0
2000-03-04 07:45:00,0.0,0.0
2000-03-04 08:00:00,0.0,0.0
2000-03-04 08:15:00,0.0,0.0
2000-03-04 08:30:00,0.0,0.0
2000-03-04 08:45:00,0.0,0.0
2000-03-04 09:00:00,0.0,0.0
2000-03-04 09:15:00,0.0,0.0
2000-03-04 09:30:00,0.0,0.0
2000-03-04 09:45:00,0.0,0.0
2000-03-04 10:00:00,0.0,0.0
2000-03-04 10:15:00,0.0,0.0
2000-03-04 10:30:00,0.0,0.0
2000-03-04 10:45:00,0.0,0.0
2000-03-04 11:00:00,0.0,0.0
2000-03-04 11:15:00,0.0,0.0
2000-03-04 11:30:00,0.0,0.0
2000-03-04 11:45:00,0.0,0.0
2000-03-04 12:00:00,0.0,0.0
2000-03-04 12:15:00,0.0,0.0
2000-03-04 12:30:00,0.0,0.0
2000-03-04 12:45:00,0.0,0.0
2000-03-04 13:00:00,0.0,0.0
2000-03-04 13:15:00,0.0,0.0
2000-03-04 13:30:00,0.0,0.0
2000-03-04 13:45:00,0.0,0.0
2000-03-04 14:00:00,0.0,0.0
2000-03-04 14:15:00,0.0,0.0
2000-03-04 14:30:00,0.0,0.0
2000-03-04 14:45:00,0.0,0.0
2000-03-04 15:00:00,0.0,0.0
2000-03-04 15:15:00,0.0,0.0
2000-03-04 15:30:00,0.0,0.0
2000-03-04 15:45:00,0.0,0.0
2000-03-04 16:00:00,0.0,0.0
2000-03-04 16:15:00,0.0,0.0
2000-03-04 16:30:00,0.0,0.0
2000-03-04 16:45:00,0.0,0.0
2000-03-04 17:00:00,0.0,0.0
2000-03-04 17:15:00,-0.0,0.0
2000-03-04 17:30:00,0.0,0.0
2000-03-04 17:45:00,0.0,3.3961978632469485
2000-03-04 18:00:00,0.0,147.93267008306205
2000-03-04 18:15:00,0.0,160.75618275239043
2000-03-04 18:30:00,0.0,122.0258212431686
2000-03-04 18:45:00,0.0,109.87455495033936
2000-03-04 19:00:00,0.0,82.5036827648849
2000-03-04 19:15:00,0.0,54.68293838633116
2000-03-04 19:30:00,0.0,20.643027665188583
2000-03-04 19:45:00,0.0,49.501154394932996
2000-03-04 20:00:00,0.0,142.81599753717444
2000-03-04 20:15:00,0.0,87.23299068651266
2000-03-04 20:30:00,0.0,36.592757152520846
2000-03-04 20:45:00,0.0,75.65995582795904
2000-03-04 21:00:00,0.0,58.69670536683191
2000-03-04 21:15:00,0.0,14.43736332545626
2000-03-04 21:30:00,0.0,0.0
2000-03-04 21:45:00,0.0,0.0
2000-03-04 22:00:00,0.0,0.0
2000-03-04 22:15:00,0.0,-0.0
2000-03-04 22:30:00,0.0,0.0
2000-03-04 22:45:00,0.0,-0.0
2000-03-04 23:00:00,0.0,-0.0
2000-03-04 23:15:00,0.0,0.0
2000-03-04 23:30:00,0.0,0.0
2000-03-04 23:45:00,0.0,-0.0
2000-03-05 00:00:00,0.0,0.0
2000-03-05 00:15:00,0.0,0.0
2000-03-05 00:30:00,0.0,0.0
2000-03-05 00:45:00,0.0,0.0
2000-03-05 01:00:00,0.0,0.0
2000-03-05 01:15:00,0.0,0.0
2000-03-05 01:30:00,0.0,0.0
2000-03-05 01:45:00,0.0,0.0
2000-03-05 02:00:00,0.0,0.0
2000-03-05 02:15:00,0.0,0.0
2000-03-05 02:30:00,0.0,0.0
2000-03-05 02:45:00,0.0,0.0
2000-03-05 03:00:00,0.0,0.0
2000-03-05 03:15:00,139.1179286595624,0.0
2000-03-05 03:30:00,0.0,0.0
2000-03-05 03:45:00,161.50963643625644,0.0
2000-03-05 04:00:00,160.06022295774724,0.0
2000-03-05 04:15:00,156.80149523760602,0.0
2000-03-05 04:30:00,38.87520870185965,0.0
2000-03-05 04:45:00,133.3131871135929,0.0
2000-03-05 05:00:00,133.12263896390292,0.0
2000-03-05 05:15:00,145.11729795518997,0.0
2000-03-05 05:30:00,112.4551035322952,0.0
2000-03-05 05:45:00,112.42728044198715,0.0
2000-03-05 06:00:00,0.0,-0.0
2000-03-05 06:15:00,0.0,0.0
2000-03-05 06:30:00,0.0,0.0
2000-03-05 06:45:00,0.0,-0.0
2000-03-05 07:00:00,0.0,0.0
2000-03-05 07:15:00,0.0,0.0
2000-03-05 07:30:00,0.0,0.0
2000-03-05 07:45:00,0.0,0.0
2000-03-05 08:00:00,0.0,0.0
2000-03-05 08:15:00,0.0,0.0
2000-03-05 08:30:00,0.0,0.0
2000-03-05 08:45:00,0.0,0.0
2000-03-05 09:00:00,0.0,0.0
2000-03-05 09:15:00,0.0,0.0
2000-03-05 09:30:00,0.0,0.0
2000-03-05 09:45:00,0.0,0.0
2000-03-05 10:00:00,0.0,0.0
2000-03-05 10:15:00,0.0,0.0
2000-03-05 10:30:00,0.0,0.0
2000-03-05 10:45:00,0.0,0.0
2000-03-05 11:00:00,0.0,0.0
2000-03-05 11:15:00,0.0,0.0
2000-03-05 11:30:00,0.0,0.0
2000-03-05 11:45:00,0.0,0.0
2000-03-05 12:00:00,0.0,0.0
2000-03-05 12:15:00,0.0,0.0
2000-03-05 12:30:00,0.0,0.0
2000-03-05 12:45:00,0.0,0.0
2000-03-05 13:00:00,0.0,0.0
2000-03-05 13:15:00,0.0,0.0
2000-03-05 13:30:00,0.0,0.0
2000-03-05 13:45:00,0.0,0.0
2000-03-05 14:00:00,0.0,0.0
2000-03-05 14:15:00,0.0,0.0
2000-03-05 14:30:00,0.0,0.0
2000-03-05 14:45:00,0.0,0.0
2000-03-05 15:00:00,0.0,0.0
2000-03-05 15:15:00,0.0,0.0
2000-03-05 15:30:00,0.0,0.0
2000-03-05 15:45:00,0.0,0.0
2000-03-05 16:00:00,0.0,0.0
2000-03-05 16:15:00,0.0,0.0
2000-03-05 16:30:00,0.0,0.0
2000-03-05 16:45:00,0.0,0.0
2000-03-05 17:00:00,0.0,0.0
2000-03-05 17:15:00,0.0,0.0
2000-03-05 17:30:00,0.0,0.0
2000-03-05 17:45:00,0.0,0.0
2000-03-05 18:00:00,0.0,154.42966361487896
2000-03-05 18:15:00,0.0,45.02500514201279
2000-03-05 18:30:00,0.0,27.64055985287061
2000-03-05 18:45:00,0.0,70.38925169152355
2000-03-05 19:00:00,0.0,79.6700601310693
2000-03-05 19:15:00,0.0,144.6120287094784
2000-03-05 19:30:00,0.0,56.24556161815792
2000-03-05 19:45:00,0.0,112.57691601020372
2000-03-05 20:00:00,0.0,106.70949044643987
2000-03-05 20:15:00,0.0,119.33735331183965
2000-03-05 20:30:00,0.0,74.49240556785765
2000-03-05 20:45:00,0.0,61.40823290047348
2000-03-05 21:00:00,0.0,68.09415857501273
2000-03-05 21:15:00,0.0,4.8461391707705275
2000-03-05 21:30:00,0.0,10.666242615946544
2000-03-05 21:45:00,0.0,11.416607350977387
2000-03-05 22:00:00,0.0,19.19232329048691
2000-03-05 22:15:00,0.0,-0.0
2000-03-05 22:30:00,0.0,0.0
2000-03-05 22:45:00,0.0,0.0
2000-03-05 23:00:00,0.0,0.0
2000-03-05 23:15:00,0.0,-0.0
2000-03-05 23:30:00,0.0,-0.0
2000-03-05 23:45:00,0.0,-0.0
2000-03-06 00:00:00,-0.0,0.0
2000-03-06 00:15:00,-0.0,0.0
2000-03-06 00:30:00,-0.0,0.0
2000-03-06 00:45:00,0.0,0.0
2000-03-06 01:00:00,-0.0,0.0
2000-03-06 01:15:00,103.65616935647269,0.0
2000-03-06 01:30:00,0.0,0.0
2000-03-06 01:45:00,0.0,0.0
2000-03-06 02:00:00,0.0,0.0
2000-03-06 02:15:00,0.0,0.0
2000-03-06 02:30:00,0.0,0.0
2000-03-06 02:45:00,46.87948788980198,0.0
2000-03-06 03:00:00,0.0,0.0
2000-03-06 03:15:00,129.8120322917747,0.0
2000-03-06 03:30:00,0.0,0.0
2000-03-06 03:45:00,97.58582216632982,0.0
2000-03-06 04:00:00,98.40451445602983,0.0
2000-03-06 04:15:00,132.2946437442049,0.0
2000-03-06 04:30:00,140.81197738284797,0.0
2000-03-06 04:45:00,137.00424383879974,0.0
2000-03-06 05:00:00,126.70841799396531,0.0
2000-03-06 05:15:00,99.80492877426077,0.0
2000-03-06 05:30:00,92.2095157012152,0.0
2000-03-06 05:45:00,87.62824640429709,0.0
2000-03-06 06:00:00,0.0,-0.0
2000-03-06 06:15:00,0.0,0.0
2000-03-06 06:30:00,0.0,0.0
2000-03-06 06:45:00,0.0,0.0
2000-03-06 07:00:00,0.0,-0.0
2000-03-06 07:15:00,0.0,0.0
2000-03-06 07:30:00,0.0,0.0
2000-03-06 07:45:00,0.0,-0.0
2000-03-06 08:00:00,0.0,0.0
2000-03-06 08:15:00,0.0,0.0
2000-03-06 08:30:00,0.0,0.0
2000-03-06 08:45:00,0.0,0.0
2000-03-06 09:00:00,0.0,0.0
2000-03-06 09:15:00,0.0,0.0
2000-03-06 09:30:00,0.0,0.0
2000-03-06 09:45:00,0.0,0.0
2000-03-06 10:00:00,0.0,0.0
2000-03-06 10:15:00,0.0,0.0
2000-03-06 10:30:00,0.0,0.0
2000-03-06 10:45:00,0.0,0.0
2000-03-06 11:00:00,0.0,0.0
2000-03-06 11:15:00,0.0,0.0
2000-03-06 11:30:00,0.0,0.0
2000-03-06 11:45:00,0.0,0.0
2000-03-06 12:00:00,0.0,0.0
2000-03-06 12:15:00,0.0,0.0
2000-03-06 12:30:00,0.0,0.0
2000-03-06 12:45:00,0.0,0.0
2000-03-06 13:00:00,0.0,0.0
2000-03-06 13:15:00,0.0,0.0
2000-03-06 13:30:00,0.0,0.0
2000-03-06 13:45:00,0.0,0.0
2000-03-06 14:00:00,0.0,0.0
2000-03-06 14:15:00,0.0,0.0
2000-03-06 14:30:00,0.0,0.0
2000-03-06 14:45:00,0.0,0.0
2000-03-06 15:00:00,0.0,0.0
2000-03-06 15:15:00,0.0,0.0
2000-03-06 15:30:00,0.0,0.0
2000-03-06 15:45:00,0.0,0.0
2000-03-06 16:00:00,0.0,0.0
2000-03-06 16:15:00,0.0,0.0
2000-03-06 16:30:00,0.0,0.0
2000-03-06 16:45:00,0.0,0.0
2000-03-06 17:00:00,0.0,0.0
2000-03-06 17:15:00,0.0,0.0
2000-03-06 17:30:00,0.0,0.0
2000-03-06 17:45:00,0.0,1.1312319513861553
2000-03-06 18:00:00,0.0,95.71490586164974
2000-03-06 18:15:00,0.0,191.89999999999998
2000-03-06 18:30:00,0.0,191.89999999999998
2000-03-06 18:45:00,0.0,0.0
2000-03-06 19:00:00,0.0,191.89999999999998
2000-03-06 19:15:00,0.0,191.89999999999998
2000-03-06 19:30:00,0.0,32.09118987997627
2000-03-06 19:45:00,0.0,18.242074072367274
2000-03-06 20:00:00,0.0,33.716380864082254
2000-03-06 20:15:00,0.0,46.636933287534845
2000-03-06 20:30:00,0.0,77.4260995237619
2000-03-06 20:45:00,0.0,19.595307108049212
2000-03-06 21:00:00,0.0,19.243669242050288
2000-03-06 21:15:00,0.0,9.601064619190737
2000-03-06 21:30:00,0.0,37.340779066253134
2000-03-06 21:45:00,0.0,8.412364523697988
2000-03-06 22:00:00,0.0,-0.0
2000-03-06 22:15:00,-0.0,0.0
2000-03-06 22:30:00,0.0,0.0
2000-03-06 22:45:00,0.0,0.0
2000-03-06 23:00:00,0.0,-0.0
2000-03-06 23:15:00,0.0,0.0
2000-03-06 23:30:00,0.0,-0.0
2000-03-06 23:45:00,0.0,-0.0
2000-03-07 00:00:00,0.0,0.0
2000-03-07 00:15:00,0.0,0.0
2000-03-07 00:30:00,0.0,0.0
2000-03-07 00:45:00,0.0,0.0
2000-03-07 01:00:00,0.0,0.0
2000-03-07 01:15:00,0.0,0.0
2000-03-07 01:30:00,0.0,0.0
2000-03-07 01:45:00,0.0,0.0
2000-03-07 02:00:00,0.0,0.0
2000-03-07 02:15:00,0.0,0.0
2000-03-07 02:30:00,0.0,0.0
2000-03-07 02:45:00,0.0,0.0
2000-03-07 03:00:00,144.57301987243105,0.0
2000-03-07 03:15:00,0.0,0.0
2000-03-07 03:30:00,0.0,0.0
2000-03-07 03:45:00,191.89999999999998,0.0
2000-03-07 04:00:00,191.89999999999998,0.0
2000-03-07 04:15:00,191.89999999999998,0.0
2000-03-07 04:30:00,0.0,0.0
2000-03-07 04:45:00,188.72698012756894,0.0
2000-03-07 05:00:00,0.0,0.0
2000-03-07 05:15:00,0.0,0.0
2000-03-07 05:30:00,191.89999999999998,0.0
2000-03-07 05:45:00,191.89999999999998,0.0
2000-03-07 06:00:00,0.0,-0.0
2000-03-07 06:15:00,0.0,-0.0
2000-03-07 06:30:00,0.0,0.0
2000-03-07 06:45:00,0.0,0.0
2000-03-07 07:00:00,0.0,0.0
2000-03-07 07:15:00,0.0,0.0
2000-03-07 07:30:00,0.0,0.0
2000-03-07 07:45:00,0.0,0.0
2000-03-07 08:00:00,0.0,0.0
2000-03-07 08:15:00,0.0,0.0
2000-03-07 08:30:00,0.0,0.0
2000-03-07 08:45:00,0.0,0.0
2000-03-07 09:00:00,0.0,0.0
2000-03-07 09:15:00,0.0,0.0
2000-03-07 09:30:00,0.0,0.0
2000-03-07 09:45:00,0.0,0.0
2000-03-07 10:00:00,0.0,0.0
2000-03-07 10:15:00,0.0,0.0
2000-03-07 10:30:00,0.0,0.0
2000-03-07 10:45:00,0.0,0.0
2000-03-07 11:00:00,0.0,0.0
2000-03-07 11:15:00,0.0,0.0
2000-03-07 11:30:00,0.0,0.0
2000-03-07 11:45:00,0.0,0.0
2000-03-07 12:00:00,0.0,0.0
2000-03-07 12:15:00,0.0,0.0
2000-03-07 12:30:00,0.0,0.0
2000-03-07 12:45:00,0.0,0.0
2000-03-07 13:00:00,0.0,0.0
2000-03-07 13:15:00,0.0,0.0
2000-03-07 13:30:00,0.0,0.0
2000-03-07 13:45:00,0.0,0.0
2000-03-07 14:00:00,0.0,0.0
2000-03-07 14:15:00,0.0,0.0
2000-03-07 14:30:00,0.0,0.0
2000-03-07 14:45:00,0.0,0.0
2000-03-07 15:00:00,0.0,0.0
2000-03-07 15:15:00,0.0,0.0
2000-03-07 15:30:00,0.0,0.0
2000-03-07 15:45:00,0.0,0.0
2000-03-07 16:00:00,0.0,0.0
2000-03-07 16:15:00,0.0,0.0
2000-03-07 16:30:00,0.0,0.0
2000-03-07 16:45:00,0.0,0.0
2000-03-07 17:00:00,0.0,0.0
2000-03-07 17:15:00,0.0,0.0
2000-03-07 17:30:00,0.0,0.0
2000-03-07 17:45:00,0.0,0.0
2000-03-07 18:00:00,0.0,191.89999999999998
2000-03-07 18:15:00,0.0,135.1799148931978
2000-03-07 18:30:00,0.0,43.89848162288064
2000-03-07 18:45:00,0.0,0.0
2000-03-07 19:00:00,0.0,0.0
2000-03-07 19:15:00,0.0,191.89999999999998
2000-03-07 19:30:00,0.0,191.89999999999998
2000-03-07 19:45:00,0.0,71.60491749454894
2000-03-07 20:00:00,0.0,87.42267665581238
2000-03-07 20:15:00,0.0,27.249387112353645
2000-03-07 20:30:00,0.0,18.61980644000846
2000-03-07 20:45:00,0.0,21.8255328492491
2000-03-07 21:00:00,0.0,62.94887307309915
2000-03-07 21:15:00,0.0,122.30240985884984
2000-03-07 21:30:00,0.0,0.0
2000-03-07 21:45:00,0.0,0.0
2000-03-07 22:00:00,12.582662812478487,0.0
2000-03-07 22:15:00,0.0,11.355853188261834
2000-03-07 22:30:00,-0.0,0.0
2000-03-07 22:45:00,-0.0,0.0
2000-03-07 23:00:00,0.0,0.0
2000-03-07 23:15:00,0.0,-0.0
2000-03-07 23:30:00,0.0,0.0
2000-03-07 23:45:00,0.0,-0.0
2000-03-08 00:00:00,0.0,0.0
2000-03-08 00:15:00,-0.0,0.0
2000-03-08 00:30:00,0.0,0.0
2000-03-08 00:45:00,0.0,0.0
2000-03-08 01:00:00,0.0,0.0
2000-03-08 01:15:00,0.0,0.0
2000-03-08 01:30:00,0.0,0.0
2000-03-08 01:45:00,0.0,0.0
2000-03-08 02:00:00,0.0,0.0
2000-03-08 02:15:00,0.0,0.0
2000-03-08 02:30:00,0.0,0.0
2000-03-08 02:45:00,154.09068602291003,0.0
2000-03-08 03:00:00,0.0,0.0
2000-03-08 03:15:00,0.0,0.0
2000-03-08 03:30:00,0.0,0.0
2000-03-08 03:45:00,0.0,0.0
2000-03-08 04:00:00,69.96277077506785,0.0
2000-03-08 04:15:00,191.89999999999998,0.0
2000-03-08 04:30:00,186.01795872562488,0.0
2000-03-08 04:45:00,182.56131676602251,0.0
2000-03-08 05:00:00,0.0,0.0
2000-03-08 05:15:00,187.9761287486211,0.0
2000-03-08 05:30:00,179.42046485285957,0.0
2000-03-08 05:45:00,140.87067410889384,0.0
2000-03-08 06:00:00,0.0,0.0
2000-03-08 06:15:00,0.0,0.0
2000-03-08 06:30:00,0.0,0.0
2000-03-08 06:45:00,0.0,0.0
2000-03-08 07:00:00,0.0,0.0
2000-03-08 07:15:00,0.0,0.0
2000-03-08 07:30:00,0.0,0.0
2000-03-08 07:45:00,0.0,0.0
2000-03-08 08:00:00,0.0,0.0
2000-03-08 08:15:00,0.0,0.0
2000-03-08 08:30:00,0.0,0.0
2000-03-08 08:45:00,0.0,0.0
2000-03-08 09:00:00,0.0,0.0
2000-03-08 09:15:00,0.0,0.0
2000-03-08 09:30:00,0.0,0.0
2000-03-08 09:45:00,0.0,0.0
2000-03-08 10:00:00,0.0,0.0
2000-03-08 10:15:00,0.0,0.0
2000-03-08 10:30:00,0.0,0.0
2000-03-08 10:45:00,0.0,0.0
2000-03-08 11:00:00,0.0,0.0
2000-03-08 11:15:00,0.0,0.0
2000-03-08 11:30:00,0.0,0.0
2000-03-08 11:45:00,0.0,0.0
2000-03-08 12:00:00,0.0,0.0
2000-03-08 12:15:00,0.0,0.0
2000-03-08 12:30:00,0.0,0.0
2000-03-08 12:45:00,0.0,0.0
2000-03-08 13:00:00,0.0,0.0
2000-03-08 13:15:00,0.0,0.0
2000-03-08 13:30:00,0.0,0.0
2000-03-08 13:45:00,0.0,0.0
2000-03-08 14:00:00,0.0,0.0
2000-03-08 14:15:00,0.0,0.0
2000-03-08 14:30:00,0.0,0.0
2000-03-08 14:45:00,0.0,0.0
2000-03-08 15:00:00,0.0,0.0
2000-03-08 15:15:00,0.0,0.0
2000-03-08 15:30:00,0.0,0.0
2000-03-08 15:45:00,0.0,0.0
2000-03-08 16:00:00,0.0,0.0
2000-03-08 16:15:00,0.0,0.0
2000-03-08 16:30:00,-0.0,0.0
2000-03-08 16:45:00,0.0,0.0
2000-03-08 17:00:00,0.0,0.0
2000-03-08 17:15:00,0.0,0.0
2000-03-08 17:30:00,0.0,0.0
2000-03-08 17:45:00,0.0,0.0
2000-03-08 18:00:00,0.0,191.89999999999998
2000-03-08 18:15:00,0.0,191.89999999999998
2000-03-08 18:30:00,0.0,0.0
2000-03-08 18:45:00,0.0,191.89999999999998
2000-03-08 19:00:00,0.0,0.0
2000-03-08 19:15:00,0.0,189.0076102647607
2000-03-08 19:30:00,0.0,26.685997562086243
2000-03-08 19:45:00,0.0,20.117427381682035
2000-03-08 20:00:00,0.0,16.295346824369176
2000-03-08 20:15:00,0.0,8.490348842096012
2000-03-08 20:30:00,0.0,50.67549005498705
2000-03-08 20:45:00,0.0,99.57027363480182
2000-03-08 21:00:00,0.0,136.49438168899366
2000-03-08 21:15:00,0.0,43.29767520776937
2000-03-08 21:30:00,0.0,0.41744853845375474
2000-03-08 21:45:00,0.0,0.0
2000-03-08 22:00:00,53.327603189069336,0.0
2000-03-08 22:15:00,0.0,48.12816187813509
2000-03-08 22:30:00,0.9899451940125465,0.0
2000-03-08 22:45:00,0.0,0.0
2000-03-08 23:00:00,0.0,0.8934255375963289
2000-03-08 23:15:00,0.0,0.0
2000-03-08 23:30:00,0.0,0.0
2000-03-08 23:45:00,-0.0,0.0
2000-03-09 00:00:00,0.0,0.0
2000-03-09 00:15:00,0.0,0.0
2000-03-09 00:30:00,0.0,0.0
2000-03-09 00:45:00,0.0,0.0
2000-03-09 01:00:00,0.0,0.0
2000-03-09 01:15:00,0.0,0.0
2000-03-09 01:30:00,0.0,0.0
2000-03-09 01:45:00,0.0,0.0
2000-03-09 02:00:00,115.84368027340382,0.0
2000-03-09 02:15:00,0.0,0.0
2000-03-09 02:30:00,0.0,0.0
2000-03-09 02:45:00,145.1027086399693,0.0
2000-03-09 03:00:00,138.21625878792003,0.0
2000-03-09 03:15:00,0.0,0.0
2000-03-09 03:30:00,0.0,0.0
2000-03-09 03:45:00,129.88362907269413,0.0
2000-03-09 04:00:00,0.0,0.0
2000-03-09 04:15:00,0.0,0.0
2000-03-09 04:30:00,146.64078091811078,0.0
2000-03-09 04:45:00,133.10193166446228,0.0
2000-03-09 05:00:00,135.80153456270727,0.0
2000-03-09 05:15:00,118.14156850754199,0.0
2000-03-09 05:30:00,127.95691601051752,0.0
2000-03-09 05:45:00,102.11099156267251,0.0
2000-03-09 06:00:00,0.0,-0.0
2000-03-09 06:15:00,0.0,-0.0
2000-03-09 06:30:00,0.0,0.0
2000-03-09 06:45:00,0.0,0.0
2000-03-09 07:00:00,0.0,0.0
2000-03-09 07:15:00,0.0,0.0
2000-03-09 07:30:00,0.0,0.0
2000-03-09 07:45:00,0.0,0.0
2000-03-09 08:00:00,0.0,0.0
2000-03-09 08:15:00,0.0,0.0
2000-03-09 08:30:00,0.0,0.0
2000-03-09 08:45:00,0.0,0.0
2000-03-09 09:00:00,0.0,0.0
2000-03-09 09:15:00,0.0,0.0
2000-03-09 09:30:00,0.0,0.0
2000-03-09 09:45:00,0.0,0.0
2000-03-09 10:00:00,0.0,0.0
2000-03-09 10:15:00,0.0,0.0
2000-03-09 10:30:00,0.0,0.0
2000-03-09 10:45:00,0.0,0.0
2000-03-09 11:00:00,0.0,0.0
2000-03-09 11:15:00,0.0,0.0
2000-03-09 11:30:00,0.0,0.0
2000-03-09 11:45:00,0.0,0.0
2000-03-09 12:00:00,0.0,0.0
2000-03-09 12:15:00,0.0,0.0
2000-03-09 12:30:00,0.0,0.0
2000-03-09 12:45:00,0.0,0.0
2000-03-09 13:00:00,0.0,0.0
2000-03-09 13:15:00,0.0,0.0
2000-03-09 13:30:00,0.0,0.0
2000-03-09 13:45:00,0.0,0.0
2000-03-09 14:00:00,0.0,0.0
2000-03-09 14:15:00,0.0,0.0
2000-03-09 14:30:00,0.0,0.0
2000-03-09 14:45:00,0.0,0.0
2000-03-09 15:00:00,0.0,0.0
2000-03-09 15:15:00,0.0,0.0
2000-03-09 15:30:00,0.0,0.0
2000-03-09 15:45:00,0.0,0.0
2000-03-09 16:00:00,0.0,0.0
2000-03-09 16:15:00,0.0,0.0
2000-03-09 16:30:00,0.0,0.0
2000-03-09 16:45:00,0.0,0.0
2000-03-09 17:00:00,0.0,0.0
2000-03-09 17:15:00,0.0,0.0
2000-03-09 17:30:00,0.0,0.0
2000-03-09 17:45:00,0.0,0.0
2000-03-09 18:00:00,0.0,108.91742117536006
2000-03-09 18:15:00,0.0,106.67459121737355
2000-03-09 18:30:00,0.0,141.59092666253957
2000-03-09 18:45:00,0.0,97.06626509095315
2000-03-09 19:00:00,0.0,0.0
2000-03-09 19:15:00,0.0,126.82938782944167
2000-03-09 19:30:00,0.0,125.74607006034056
2000-03-09 19:45:00,0.0,142.43600846606873
2000-03-09 20:00:00,0.0,172.85712800548706
2000-03-09 20:15:00,0.0,0.0
2000-03-09 20:30:00,0.0,0.0
2000-03-09 20:45:00,0.0,144.63420149243566
2000-03-09 21:00:00,0.0,0.0
2000-03-09 21:15:00,0.0,0.0
2000-03-09 21:30:00,0.0,0.0
2000-03-09 21:45:00,0.0,0.0
2000-03-09 22:00:00,12.277678674774094,0.0
2000-03-09 22:15:00,0.0,11.08060500398362
2000-03-09 22:30:00,0.0,0.0
2000-03-09 22:45:00,0.0,0.0
2000-03-09 23:00:00,0.0,0.0
2000-03-09 23:15:00,0.0,0.0
2000-03-09 23:30:00,0.0,-0.0
2000-03-09 23:45:00,0.0,-0.0
2000-03-10 00:00:00,0.0,0.0
2000-03-10 00:15:00,0.0,0.0
2000-03-10 00:30:00,0.0,0.0
2000-03-10 00:45:00,0.0,0.0
2000-03-10 01:00:00,0.0,0.0
2000-03-10 01:15:00,0.0,0.0
2000-03-10 01:30:00,0.0,0.0
2000-03-10 01:45:00,0.0,0.0
2000-03-10 02:00:00,0.0,0.0
2000-03-10 02:15:00,0.0,0.0
2000-03-10 02:30:00,0.0,0.0
2000-03-10 02:45:00,0.0,0.0
2000-03-10 03:00:00,0.0,0.0
2000-03-10 03:15:00,159.1988059009981,0.0
2000-03-10 03:30:00,0.0,0.0
2000-03-10 03:45:00,0.0,0.0
2000-03-10 04:00:00,158.58422597359976,0.0
2000-03-10 04:15:00,0.0,0.0
2000-03-10 04:30:00,175.11967493438448,0.0
2000-03-10 04:45:00,160.46514544672186,0.0
2000-03-10 05:00:00,161.84401676191496,0.0
2000-03-10 05:15:00,179.14081524321023,0.0
2000-03-10 05:30:00,169.825120453369,0.0
2000-03-10 05:45:00,128.62219528580164,0.0
2000-03-10 06:00:00,0.0,-0.0
2000-03-10 06:15:00,0.0,-0.0
2000-03-10 06:30:00,0.0,0.0
2000-03-10 06:45:00,0.0,0.0
2000-03-10 07:00:00,0.0,0.0
2000-03-10 07:15:00,0.0,0.0
2000-03-10 07:30:00,0.0,0.0
2000-03-10 07:45:00,0.0,0.0
2000-03-10 08:00:00,0.0,0.0
2000-03-10 08:15:00,0.0,0.0
2000-03-10 08:30:00,0.0,0.0
2000-03-10 08:45:00,0.0,0.0
2000-03-10 09:00:00,0.0,0.0
2000-03-10 09:15:00,0.0,0.0
2000-03-10 09:30:00,0.0,0.0
2000-03-10 09:45:00,0.0,0.0
2000-03-10 10:00:00,0.0,0.0
2000-03-10 10:15:00,0.0,0.0
2000-03-10 10:30:00,0.0,0.0
2000-03-10 10:45:00,0.0,0.0
2000-03-10 11:00:00,0.0,0.0
2000-03-10 11:15:00,0.0,0.0
2000-03-10 11:30:00,0.0,0.0
2000-03-10 11:45:00,0.0,0.0
2000-03-10 12:00:00,0.0,0.0
2000-03-10 12:15:00,0.0,0.0
2000-03-10 12:30:00,0.0,0.0
2000-03-10 12:45:00,0.0,0.0
2000-03-10 13:00:00,0.0,0.0
2000-03-10 13:15:00,0.0,0.0
2000-03-10 13:30:00,0.0,0.0
2000-03-10 13:45:00,0.0,0.0
2000-03-10 14:00:00,0.0,0.0
2000-03-10 14:15:00,0.0,0.0
2000-03-10 14:30:00,0.0,0.0
2000-03-10 14:45:00,0.0,0.0
2000-03-10 15:00:00,0.0,0.0
2000-03-10 15:15:00,0.0,0.0
2000-03-10 15:30:00,0.0,0.0
2000-03-10 15:45:00,0.0,0.0
2000-03-10 16:00:00,0.0,0.0
2000-03-10 16:15:00,0.0,0.0
2000-03-10 16:30:00,0.0,0.0
2000-03-10 16:45:00,0.0,0.0
2000-03-10 17:00:00,0.0,0.0
2000-03-10 17:15:00,0.0,0.0
2000-03-10 17:30:00,0.0,0.0
2000-03-10 17:45:00,0.0,0.0
2000-03-10 18:00:00,0.0,0.0
2000-03-10 18:15:00,0.0,103.52787176968387
2000-03-10 18:30:00,0.0,191.89999999999998
2000-03-10 18:45:00,0.0,191.89999999999998
2000-03-10 19:00:00,0.0,191.89999999999998
2000-03-10 19:15:00,0.0,80.04548218744068
2000-03-10 19:30:00,0.0,22.058264181646706
2000-03-10 19:45:00,0.0,51.421481145549734
2000-03-10 20:00:00,0.0,142.19240667571964
2000-03-10 20:15:00,0.0,69.7655891255504
2000-03-10 20:30:00,0.0,37.694891623772804
2000-03-10 20:45:00,0.0,0.0
2000-03-10 21:00:00,0.0,0.0
2000-03-10 21:15:00,0.0,84.3460132906362
2000-03-10 21:30:00,0.0,0.0
2000-03-10 21:45:00,0.0,0.0
2000-03-10 22:00:00,24.567193707628057,0.0
2000-03-10 22:15:00,0.0,0.6735548741077935
2000-03-10 22:30:00,8.622633813790571,0.0
2000-03-10 22:45:00,0.0,18.68980244553913
2000-03-10 23:00:00,0.0,10.590462018433271
2000-03-10 23:15:00,-0.0,0.0
2000-03-10 23:30:00,0.0,0.0
2000-03-10 23:45:00,0.0,-0.0
2000-03-11 00:00:00,0.0,0.0
2000-03-11 00:15:00,0.0,0.0
2000-03-11 00:30:00,0.0,0.0
2000-03-11 00:45:00,0.0,0.0
2000-03-11 01:00:00,-0.0,0.0
2000-03-11 01:15:00,0.0,0.0
2000-03-11 01:30:00,0.0,0.0
2000-03-11 01:45:00,0.0,0.0
2000-03-11 02:00:00,0.0,0.0
2000-03-11 02:15:00,0.0,0.0
2000-03-11 02:30:00,0.0,0.0
2000-03-11 02:45:00,0.0,0.0
2000-03-11 03:00:00,176.7042548535689,0.0
2000-03-11 03:15:00,191.89999999999998,0.0
2000-03-11 03:30:00,0.0,0.0
2000-03-11 03:45:00,0.0,0.0
2000-03-11 04:00:00,0.0,0.0
2000-03-11 04:15:00,99.98337825649084,0.0
2000-03-11 04:30:00,0.0,0.0
2000-03-11 04:45:00,180.86571175515263,0.0
2000-03-11 05:00:00,148.64531422373366,0.0
2000-03-11 05:15:00,163.64524467122726,0.0
2000-03-11 05:30:00,191.89999999999998,0.0
2000-03-11 05:45:00,139.15609623982658,0.0
2000-03-11 06:00:00,0.0,-0.0
2000-03-11 06:15:00,0.0,0.0
2000-03-11 06:30:00,0.0,0.0
2000-03-11 06:45:00,0.0,0.0
2000-03-11 07:00:00,0.0,0.0
2000-03-11 07:15:00,0.0,0.0
2000-03-11 07:30:00,0.0,0.0
2000-03-11 07:45:00,0.0,0.0
2000-03-11 08:00:00,0.0,0.0
2000-03-11 08:15:00,0.0,0.0
2000-03-11 08:30:00,0.0,0.0
2000-03-11 08:45:00,0.0,0.0
2000-03-11 09:00:00,0.0,0.0
2000-03-11 09:15:00,0.0,0.0
2000-03-11 09:30:00,0.0,0.0
2000-03-11 09:45:00,0.0,0.0
2000-03-11 10:00:00,0.0,0.0
2000-03-11 10:15:00,0.0,0.0
2000-03-11 10:30:00,0.0,0.0
2000-03-11 10:45:00,0.0,0.0
2000-03-11 11:00:00,0.0,0.0
2000-03-11 11:15:00,0.0,0.0
2000-03-11 11:30:00,0.0,0.0
2000-03-11 11:45:00,0.0,0.0
2000-03-11 12:00:00,0.0,0.0
2000-03-11 12:15:00,0.0,0.0
2000-03-11 12:30:00,0.0,0.0
2000-03-11 12:45:00,0.0,0.0
2000-03-11 13:00:00,0.0,0.0
2000-03-11 13:15:00,0.0,0.0
2000-03-11 13:30:00,0.0,0.0
2000-03-11 13:45:00,0.0,0.0
2000-03-11 14:00:00,0.0,0.0
2000-03-11 14:15:00,0.0,0.0
2000-03-11 14:30:00,0.0,0.0
2000-03-11 14:45:00,0.0,0.0
2000-03-11 15:00:00,0.0,0.0
2000-03-11 15:15:00,0.0,0.0
2000-03-11 15:30:00,0.0,0.0
2000-03-11 15:45:00,0.0,0.0
2000-03-11 16:00:00,0.0,0.0
2000-03-11 16:15:00,0.0,0.0
2000-03-11 16:30:00,0.0,0.0
2000-03-11 16:45:00,0.0,0.0
2000-03-11 17:00:00,0.0,0.0
2000-03-11 17:15:00,0.0,0.0
2000-03-11 17:30:00,0.0,0.0
2000-03-11 17:45:00,-0.0,0.0
2000-03-11 18:00:00,0.0,0.0
2000-03-11 18:15:00,0.0,191.89999999999998
2000-03-11 18:30:00,0.0,0.0
2000-03-11 18:45:00,0.0,191.89999999999998
2000-03-11 19:00:00,0.0,191.89999999999998
2000-03-11 19:15:00,0.0,149.13768746148463
2000-03-11 19:30:00,0.0,191.89999999999998
2000-03-11 19:45:00,0.0,11.300471736212444
2000-03-11 20:00:00,0.0,62.17553875093148
2000-03-11 20:15:00,0.0,30.46261730553755
2000-03-11 20:30:00,0.0,57.464065681740465
2000-03-11 20:45:00,0.0,35.88772748795236
2000-03-11 21:00:00,0.0,52.72389157614094
2000-03-11 21:15:00,0.0,0.0
2000-03-11 21:30:00,0.0,0.0
2000-03-11 21:45:00,0.0,0.0
2000-03-11 22:00:00,18.79613483219906,0.0
2000-03-11 22:15:00,0.0,16.963511686059647
2000-03-11 22:30:00,-0.0,0.0
2000-03-11 22:45:00,0.0,0.0
2000-03-11 23:00:00,0.0,0.0
2000-03-11 23:15:00,0.0,0.0
2000-03-11 23:30:00,0.0,-0.0
2000-03-11 23:45:00,0.0,-0.0
2000-03-12 00:00:00,0.0,0.0
2000-03-12 00:15:00,0.0,0.0
2000-03-12 00:30:00,0.0,0.0
2000-03-12 00:45:00,0.0,0.0
2000-03-12 01:00:00,0.0,0.0
2000-03-12 01:15:00,0.0,0.0
2000-03-12 01:30:00,0.0,0.0
2000-03-12 01:45:00,0.0,0.0
2000-03-12 02:00:00,0.0,0.0
2000-03-12 02:15:00,0.0,0.0
2000-03-12 02:30:00,0.0,0.0
2000-03-12 02:45:00,0.0,0.0
2000-03-12 03:00:00,0.0,0.0
2000-03-12 03:15:00,141.40000000000006,0.0
2000-03-12 03:30:00,0.0,0.0
2000-03-12 03:45:00,0.0,0.0
2000-03-12 04:00:00,191.89999999999998,0.0
2000-03-12 04:15:00,0.0,0.0
2000-03-12 04:30:00,191.89999999999998,0.0
2000-03-12 04:45:00,0.0,0.0
2000-03-12 05:00:00,191.89999999999998,0.0
2000-03-12 05:15:00,191.89999999999998,0.0
2000-03-12 05:30:00,191.89999999999998,0.0
2000-03-12 05:45:00,191.89999999999998,0.0
2000-03-12 06:00:00,0.0,-0.0
2000-03-12 06:15:00,0.0,-0.0
2000-03-12 06:30:00,0.0,-0.0
2000-03-12 06:45:00,0.0,-0.0
2000-03-12 07:00:00,0.0,0.0
2000-03-12 07:15:00,0.0,0.0
2000-03-12 07:30:00,0.0,0.0
2000-03-12 07:45:00,0.0,0.0
2000-03-12 08:00:00,0.0,0.0
2000-03-12 08:15:00,0.0,0.0
2000-03-12 08:30:00,0.0,0.0
2000-03-12 08:45:00,0.0,0.0
2000-03-12 09:00:00,0.0,0.0
2000-03-12 09:15:00,0.0,0.0
2000-03-12 09:30:00,0.0,0.0
2000-03-12 09:45:00,0.0,0.0
2000-03-12 10:00:00,0.0,0.0
2000-03-12 10:15:00,0.0,0.0
2000-03-12 10:30:00,0.0,0.0
2000-03-12 10:45:00,0.0,0.0
2000-03-12 11:00:00,0.0,0.0
2000-03-12 11:15:00,0.0,0.0
2000-03-12 11:30:00,0.0,0.0
2000-03-12 11:45:00,0.0,0.0
2000-03-12 12:00:00,0.0,0.0
2000-03-12 12:15:00,0.0,0.0
2000-03-12 12:30:00,0.0,0.0
2000-03-12 12:45:00,0.0,0.0
2000-03-12 13:00:00,0.0,0.0
2000-03-12 13:15:00,0.0,0.0
2000-03-12 13:30:00,0.0,0.0
2000-03-12 13:45:00,0.0,0.0
2000-03-12 14:00:00,0.0,0.0
2000-03-12 14:15:00,0.0,0.0
2000-03-12 14:30:00,0.0,0.0
2000-03-12 14:45:00,0.0,0.5828093779347796
2000-03-12 15:00:00,0.0,0.0
2000-03-12 15:15:00,0.0,0.0
2000-03-12 15:30:00,0.0,0.0
2000-03-12 15:45:00,0.0,0.0
2000-03-12 16:00:00,0.0,0.0
2000-03-12 16:15:00,0.0,27.990684057059525
2000-03-12 16:30:00,0.0,0.0
2000-03-12 16:45:00,0.0,0.0
2000-03-12 17:00:00,0.0,0.0
2000-03-12 17:15:00,31.6603805373899,0.0
2000-03-12 17:30:00,0.0,0.0
2000-03-12 17:45:00,0.0,47.204519208585566
2000-03-12 18:00:00,0.0,191.89999999999998
2000-03-12 18:15:00,0.0,191.89999999999998
2000-03-12 18:30:00,0.0,25.41266015392688
2000-03-12 18:45:00,0.0,0.0
2000-03-12 19:00:00,0.0,191.89999999999998
2000-03-12 19:15:00,0.0,0.0
2000-03-12 19:30:00,0.0,191.89999999999998
2000-03-12 19:45:00,0.0,67.06551333266194
2000-03-12 20:00:00,0.0,191.89999999999998
2000-03-12 20:15:00,0.0,34.734094185134495
2000-03-12 20:30:00,0.0,14.241531575425597
2000-03-12 20:45:00,0.0,18.593681544265507
2000-03-12 21:00:00,0.0,0.0
2000-03-12 21:15:00,0.0,0.0
2000-03-12 21:30:00,0.0,0.0
2000-03-12 21:45:00,0.0,0.0
2000-03-12 22:00:00,-0.0,0.0
2000-03-12 22:15:00,0.0,0.0
2000-03-12 22:30:00,0.0,0.0
2000-03-12 22:45:00,0.0,0.0
2000-03-12 23:00:00,0.0,0.0
2000-03-12 23:15:00,0.0,0.0
2000-03-12 23:30:00,0.0,0.0
2000-03-12 23:45:00,0.0,-0.0
2000-03-13 00:00:00,0.0,0.0
2000-03-13 00:15:00,0.0,0.0
2000-03-13 00:30:00,-0.0,0.0
2000-03-13 00:45:00,0.0,0.0
2000-03-13 01:00:00,0.0,0.0
2000-03-13 01:15:00,0.0,0.0
2000-03-13 01:30:00,0.0,0.0
2000-03-13 01:45:00,0.0,0.0
2000-03-13 02:00:00,0.0,0.0
2000-03-13 02:15:00,-0.0,0.0
2000-03-13 02:30:00,0.0,0.0
2000-03-13 02:45:00,0.0,0.0
2000-03-13 03:00:00,0.0,0.0
2000-03-13 03:15:00,0.0,0.0
2000-03-13 03:30:00,190.75225346922454,0.0
2000-03-13 03:45:00,0.0,0.0
2000-03-13 04:00:00,0.0,0.0
2000-03-13 04:15:00,191.89999999999998,0.0
2000-03-13 04:30:00,191.89999999999998,0.0
2000-03-13 04:45:00,185.63971826615062,0.0
2000-03-13 05:00:00,180.04354882801871,0.0
2000-03-13 05:15:00,186.84453380432174,0.0
2000-03-13 05:30:00,165.71994563228444,0.0
2000-03-13 05:45:00,-0.0,0.0
2000-03-13 06:00:00,0.0,-0.0
2000-03-13 06:15:00,0.0,-0.0
2000-03-13 06:30:00,0.0,0.0
2000-03-13 06:45:00,0.0,0.0
2000-03-13 07:00:00,0.0,0.0
2000-03-13 07:15:00,0.0,0.0
2000-03-13 07:30:00,0.0,0.0
2000-03-13 07:45:00,0.0,0.0
2000-03-13 08:00:00,0.0,0.0
2000-03-13 08:15:00,0.0,0.0
2000-03-13 08:30:00,0.0,0.0
2000-03-13 08:45:00,0.0,0.0
2000-03-13 09:00:00,0.0,0.0
2000-03-13 09:15:00,0.0,0.0
2000-03-13 09:30:00,0.0,0.0
2000-03-13 09:45:00,0.0,0.0
2000-03-13 10:00:00,0.0,0.0
2000-03-13 10:15:00,0.0,0.0
2000-03-13 10:30:00,0.0,0.0
2000-03-13 10:45:00,0.0,0.0
2000-03-13 11:00:00,0.0,0.0
2000-03-13 11:15:00,0.0,0.0
2000-03-13 11:30:00,0.0,0.0
2000-03-13 11:45:00,0.0,0.0
2000-03-13 12:00:00,0.0,0.0
2000-03-13 12:15:00,0.0,0.0
2000-03-13 12:30:00,0.0,0.0
2000-03-13 12:45:00,0.0,0.0
2000-03-13 13:00:00,0.0,0.0
2000-03-13 13:15:00,0.0,0.0
2000-03-13 13:30:00,0.0,0.0
2000-03-13 13:45:00,0.0,0.0
2000-03-13 14:00:00,0.0,0.0
2000-03-13 14:15:00,0.0,0.0
2000-03-13 14:30:00,0.0,0.0
2000-03-13 14:45:00,0.0,0.0
2000-03-13 15:00:00,0.0,0.0
2000-03-13 15:15:00,0.0,0.0
2000-03-13 15:30:00,0.0,0.0
2000-03-13 15:45:00,0.0,0.0
2000-03-13 16:00:00,0.0,0.0
2000-03-13 16:15:00,0.0,0.0
2000-03-13 16:30:00,0.0,0.0
2000-03-13 16:45:00,0.0,0.0
2000-03-13 17:00:00,0.0,0.0
2000-03-13 17:15:00,0.0,17.77415353887223
2000-03-13 17:30:00,19.69435295165898,0.0
2000-03-13 17:45:00,0.0,41.39776590331263
2000-03-13 18:00:00,0.0,191.89999999999998
2000-03-13 18:15:00,0.0,191.89999999999998
2000-03-13 18:30:00,0.0,191.89999999999998
2000-03-13 18:45:00,0.0,191.89999999999998
2000-03-13 19:00:00,0.0,0.0
2000-03-13 19:15:00,0.0,44.20315541960997
2000-03-13 19:30:00,0.0,25.854639468515302
2000-03-13 19:45:00,0.0,7.367362659999344
2000-03-13 20:00:00,0.0,47.415530488870935
2000-03-13 20:15:00,0.0,4.641747287591329
2000-03-13 20:30:00,0.0,191.89999999999998
2000-03-13 20:45:00,0.0,0.0
2000-03-13 21:00:00,0.0,15.204946487229051
2000-03-13 21:15:00,0.0,19.59931402263078
2000-03-13 21:30:00,0.0,1.5675382622404754
2000-03-13 21:45:00,0.0,0.0
2000-03-13 22:00:00,0.0,0.0
2000-03-13 22:15:00,0.0,0.0
2000-03-13 22:30:00,-0.0,0.0
2000-03-13 22:45:00,0.0,0.0
2000-03-13 23:00:00,0.0,0.0
2000-03-13 23:15:00,0.0,-0.0
2000-03-13 23:30:00,0.0,0.0
2000-03-13 23:45:00,0.0,-0.0
2000-03-14 00:00:00,0.0,0.0
2000-03-14 00:15:00,0.0,0.0
2000-03-14 00:30:00,0.0,0.0
2000-03-14 00:45:00,0.0,0.0
2000-03-14 01:00:00,0.0,0.0
2000-03-14 01:15:00,0.0,0.0
2000-03-14 01:30:00,0.0,0.0
2000-03-14 01:45:00,0.0,0.0
2000-03-14 02:00:00,0.0,0.0
2000-03-14 02:15:00,0.0,0.0
2000-03-14 02:30:00,0.0,0.0
2000-03-14 02:45:00,0.0,0.0
2000-03-14 03:00:00,0.0,0.0
2000-03-14 03:15:00,0.0,0.0
2000-03-14 03:30:00,70.36188171980541,0.0
2000-03-14 03:45:00,191.89999999999998,0.0
2000-03-14 04:00:00,0.0,0.0
2000-03-14 04:15:00,191.89999999999998,0.0
2000-03-14 04:30:00,191.89999999999998,0.0
2000-03-14 04:45:00,0.0,0.0
2000-03-14 05:00:00,191.89999999999998,0.0
2000-03-14 05:15:00,191.89999999999998,0.0
2000-03-14 05:30:00,141.93588675791028,0.0
2000-03-14 05:45:00,121.00223152228429,0.0
2000-03-14 06:00:00,0.0,-0.0
2000-03-14 06:15:00,0.0,-0.0
2000-03-14 06:30:00,0.0,0.0
2000-03-14 06:45:00,0.0,-0.0
2000-03-14 07:00:00,0.0,0.0
2000-03-14 07:15:00,0.0,0.0
2000-03-14 07:30:00,0.0,0.0
2000-03-14 07:45:00,0.0,0.0
2000-03-14 08:00:00,0.0,0.0
2000-03-14 08:15:00,0.0,0.0
2000-03-14 08:30:00,0.0,0.0
2000-03-14 08:45:00,0.0,0.0
2000-03-14 09:00:00,0.0,0.0
2000-03-14 09:15:00,0.0,0.0
2000-03-14 09:30:00,0.0,0.0
2000-03-14 09:45:00,0.0,0.0
2000-03-14 10:00:00,0.0,0.0
2000-03-14 10:15:00,0.0,0.0
2000-03-14 10:30:00,0.0,0.0
2000-03-14 10:45:00,0.0,0.0
2000-03-14 11:00:00,0.0,0.0
2000-03-14 11:15:00,0.0,0.0
2000-03-14 11:30:00,0.0,0.0
2000-03-14 11:45:00,0.0,0.0
2000-03-14 12:00:00,0.0,0.0
2000-03-14 12:15:00,0.0,0.0
2000-03-14 12:30:00,0.0,0.0
2000-03-14 12:45:00,0.0,0.0
2000-03-14 13:00:00,0.0,0.0
2000-03-14 13:15:00,0.0,0.0
2000-03-14 13:30:00,0.0,0.0
2000-03-14 13:45:00,0.0,0.0
2000-03-14 14:00:00,0.0,0.0
2000-03-14 14:15:00,0.0,0.0
2000-03-14 14:30:00,0.0,0.0
2000-03-14 14:45:00,0.0,0.0
2000-03-14 15:00:00,0.0,0.0
2000-03-14 15:15:00,0.0,0.0
2000-03-14 15:30:00,0.0,0.0
2000-03-14 15:45:00,0.0,0.0
2000-03-14 16:00:00,0.0,0.0
2000-03-14 16:15:00,0.0,0.0
2000-03-14 16:30:00,0.0,0.0
2000-03-14 16:45:00,0.0,0.0
2000-03-14 17:00:00,0.0,0.0
2000-03-14 17:15:00,0.0,0.0
2000-03-14 17:30:00,0.0,0.0
2000-03-14 17:45:00,0.0,0.0
2000-03-14 18:00:00,0.0,191.89999999999998
2000-03-14 18:15:00,0.0,191.89999999999998
2000-03-14 18:30:00,0.0,191.89999999999998
2000-03-14 18:45:00,0.0,0.0
2000-03-14 19:00:00,0.0,11.057431657902782
2000-03-14 19:15:00,0.0,191.89999999999998
2000-03-14 19:30:00,0.0,2.9264338901285214
2000-03-14 19:45:00,0.0,93.86902272882423
2000-03-14 20:00:00,0.0,191.89999999999998
2000-03-14 20:15:00,0.0,0.0
2000-03-14 20:30:00,0.0,40.07840887044591
2000-03-14 20:45:00,0.0,57.22301241759499
2000-03-14 21:00:00,0.0,2.0976904351034023
2000-03-14 21:15:00,0.0,0.0
2000-03-14 21:30:00,0.0,0.0
2000-03-14 21:45:00,0.0,0.0
2000-03-14 22:00:00,5.839949194534195,0.0
2000-03-14 22:15:00,0.0,5.27055414806711
2000-03-14 22:30:00,-0.0,0.0
2000-03-14 22:45:00,0.0,0.0
2000-03-14 23:00:00,0.0,0.0
2000-03-14 23:15:00,0.0,0.0
2000-03-14 23:30:00,0.0,-0.0
2000-03-14 23:45:00,0.0,-0.0
2000-03-15 00:00:00,-0.0,0.0
2000-03-15 00:15:00,0.0,0.0
2000-03-15 00:30:00,0.0,0.0
2000-03-15 00:45:00,0.0,0.0
2000-03-15 01:00:00,0.0,0.0
2000-03-15 01:15:00,0.0,0.0
2000-03-15 01:30:00,0.0,0.0
2000-03-15 01:45:00,0.0,0.0
2000-03-15 02:00:00,0.0,0.0
2000-03-15 02:15:00,-0.0,0.0
2000-03-15 02:30:00,-0.0,0.0
2000-03-15 02:45:00,0.0,0.0
2000-03-15 03:00:00,-0.0,0.0
2000-03-15 03:15:00,0.0,0.0
2000-03-15 03:30:00,127.98455518611347,0.0
2000-03-15 03:45:00,155.27730691376374,0.0
2000-03-15 04:00:00,0.0,0.0
2000-03-15 04:15:00,167.9353573829996,0.0
2000-03-15 04:30:00,184.36730685042806,0.0
2000-03-15 04:45:00,182.3865583815945,0.0
2000-03-15 05:00:00,178.73511109103777,0.0
2000-03-15 05:15:00,0.0,0.0
2000-03-15 05:30:00,165.0541220483517,0.0
2000-03-15 05:45:00,131.05968214571095,0.0
2000-03-15 06:00:00,0.0,-0.0
2000-03-15 06:15:00,0.0,-0.0
2000-03-15 06:30:00,0.0,0.0
2000-03-15 06:45:00,0.0,0.0
2000-03-15 07:00:00,0.0,0.0
2000-03-15 07:15:00,0.0,0.0
2000-03-15 07:30:00,0.0,0.0
2000-03-15 07:45:00,0.0,0.0
2000-03-15 08:00:00,0.0,0.0
2000-03-15 08:15:00,0.0,0.0
2000-03-15 08:30:00,0.0,0.0
2000-03-15 08:45:00,0.0,0.0
2000-03-15 09:00:00,0.0,0.0
2000-03-15 09:15:00,0.0,0.0
2000-03-15 09:30:00,0.0,0.0
2000-03-15 09:45:00,0.0,0.0
2000-03-15 10:00:00,0.0,0.0
2000-03-15 10:15:00,0.0,0.0
2000-03-15 10:30:00,0.0,0.0
2000-03-15 10:45:00,0.0,0.0
2000-03-15 11:00:00,0.0,0.0
2000-03-15 11:15:00,0.0,0.0
2000-03-15 11:30:00,0.0,0.0
2000-03-15 11:45:00,0.0,0.0
2000-03-15 12:00:00,0.0,0.0
2000-03-15 12:15:00,0.0,0.0
2000-03-15 12:30:00,0.0,0.0
2000-03-15 12:45:00,0.0,0.0
2000-03-15 13:00:00,0.0,0.0
2000-03-15 13:15:00,0.0,0.0
2000-03-15 13:30:00,0.0,0.0
2000-03-15 13:45:00,0.0,0.0
2000-03-15 14:00:00,0.0,0.0
2000-03-15 14:15:00,0.0,0.0
2000-03-15 14:30:00,0.0,0.0
2000-03-15 14:45:00,0.0,0.0
2000-03-15 15:00:00,0.0,0.0
2000-03-15 15:15:00,0.0,0.0
2000-03-15 15:30:00,0.0,0.0
2000-03-15 15:45:00,0.0,0.0
2000-03-15 16:00:00,0.0,0.0
2000-03-15 16:15:00,0.0,0.0
2000-03-15 16:30:00,0.0,0.0
2000-03-15 16:45:00,0.0,0.0
2000-03-15 17:00:00,0.0,0.0
2000-03-15 17:15:00,0.0,5.045956579991986
2000-03-15 17:30:00,5.591087623259818,0.0
2000-03-15 17:45:00,0.0,49.13443081860797
2000-03-15 18:00:00,0.0,191.89999999999998
2000-03-15 18:15:00,0.0,191.89999999999998
2000-03-15 18:30:00,0.0,191.89999999999998
2000-03-15 18:45:00,0.0,0.0
2000-03-15 19:00:00,0.0,165.48796515398342
2000-03-15 19:15:00,0.0,0.0
2000-03-15 19:30:00,0.0,43.63191861411384
2000-03-15 19:45:00,0.0,0.0
2000-03-15 20:00:00,0.0,0.0
2000-03-15 20:15:00,0.0,191.89999999999998
2000-03-15 20:30:00,0.0,25.781921446218718
2000-03-15 20:45:00,0.0,60.060940506620256
2000-03-15 21:00:00,0.0,55.05482346045554
2000-03-15 21:15:00,0.0,0.0
2000-03-15 21:30:00,0.0,0.0
2000-03-15 21:45:00,0.0,-0.0
2000-03-15 22:00:00,0.0,0.0
2000-03-15 22:15:00,0.0,-0.0
2000-03-15 22:30:00,0.0,-0.0
2000-03-15 22:45:00,0.0,0.0
2000-03-15 23:00:00,0.0,0.0
2000-03-15 23:15:00,0.0,0.0
2000-03-15 23:30:00,0.0,0.0
2000-03-15 23:45:00,0.0,-0.0
2000-03-16 00:00:00,0.0,0.0
2000-03-16 00:15:00,31.292033745842787,0.0
2000-03-16 00:30:00,0.0,0.0
2000-03-16 00:45:00,51.04485340537917,0.0
2000-03-16 01:00:00,0.0,47.68936408209595
2000-03-16 01:15:00,0.0,26.619676571881882
2000-03-16 01:30:00,0.0,0.0
2000-03-16 01:45:00,0.0,0.0
2000-03-16 02:00:00,0.0,0.0
2000-03-16 02:15:00,0.0,0.0
2000-03-16 02:30:00,0.0,0.0
2000-03-16 02:45:00,-0.0,0.0
2000-03-16 03:00:00,129.60179105176798,0.0
2000-03-16 03:15:00,143.72731459957114,0.0
2000-03-16 03:30:00,141.26415216451457,0.0
2000-03-16 03:45:00,0.0,0.0
2000-03-16 04:00:00,163.76938640125883,0.0
2000-03-16 04:15:00,0.0,0.0
2000-03-16 04:30:00,161.77457986073324,0.0
2000-03-16 04:45:00,22.74057575491976,0.0
2000-03-16 05:00:00,142.67252566695367,0.0
2000-03-16 05:15:00,143.13934397970502,0.0
2000-03-16 05:30:00,128.41417483521312,0.0
2000-03-16 05:45:00,115.69615568536247,0.0
2000-03-16 06:00:00,0.0,-0.0
2000-03-16 06:15:00,0.0,0.0
2000-03-16 06:30:00,0.0,-0.0
2000-03-16 06:45:00,0.0,-0.0
2000-03-16 07:00:00,0.0,0.0
2000-03-16 07:15:00,0.0,0.0
2000-03-16 07:30:00,0.0,0.0
2000-03-16 07:45:00,0.0,0.0
2000-03-16 08:00:00,0.0,0.0
2000-03-16 08:15:00,0.0,0.0
2000-03-16 08:30:00,0.0,0.0
2000-03-16 08:45:00,0.0,0.0
2000-03-16 09:00:00,0.0,0.0
2000-03-16 09:15:00,0.0,0.0
2000-03-16 09:30:00,0.0,0.0
2000-03-16 09:45:00,0.0,0.0
2000-03-16 10:00:00,0.0,0.0
2000-03-16 10:15:00,0.0,0.0
2000-03-16 10:30:00,0.0,0.0
2000-03-16 10:45:00,0.0,0.0
2000-03-16 11:00:00,0.0,0.0
2000-03-16 11:15:00,0.0,0.0
2000-03-16 11:30:00,0.0,0.0
2000-03-16 11:45:00,0.0,0.0
2000-03-16 12:00:00,0.0,0.0
2000-03-16 12:15:00,0.0,0.0
2000-03-16 12:30:00,0.0,0.0
2000-03-16 12:45:00,0.0,0.0
2000-03-16 13:00:00,0.0,0.0
2000-03-16 13:15:00,0.0,0.0
2000-03-16 13:30:00,0.0,0.0
2000-03-16 13:45:00,0.0,0.0
2000-03-16 14:00:00,0.0,0.0
2000-03-16 14:15:00,0.0,0.0
2000-03-16 14:30:00,0.0,0.0
2000-03-16 14:45:00,0.0,0.0
2000-03-16 15:00:00,0.0,0.0
2000-03-16 15:15:00,0.0,0.0
2000-03-16 15:30:00,0.0,0.0
2000-03-16 15:45:00,0.0,0.0
2000-03-16 16:00:00,0.0,0.0
2000-03-16 16:15:00,0.0,0.0
2000-03-16 16:30:00,0.0,0.0
2000-03-16 16:45:00,0.0,0.0
2000-03-16 17:00:00,0.0,0.0
2000-03-16 17:15:00,0.0,0.0
2000-03-16 17:30:00,0.0,0.0
2000-03-16 17:45:00,0.0,68.62244598337966
2000-03-16 18:00:00,0.0,70.4002267011898
2000-03-16 18:15:00,0.0,55.18422901658525
2000-03-16 18:30:00,0.0,50.46655085223884
2000-03-16 18:45:00,0.0,60.592650140802306
2000-03-16 19:00:00,0.0,66.78033944073823
2000-03-16 19:15:00,0.0,93.34435492122034
2000-03-16 19:30:00,0.0,89.76944836535338
2000-03-16 19:45:00,0.0,54.99233245824567
2000-03-16 20:00:00,0.0,108.54568966359867
2000-03-16 20:15:00,0.0,155.24665754306065
2000-03-16 20:30:00,0.0,112.90751194354621
2000-03-16 20:45:00,0.0,99.85141211127146
2000-03-16 21:00:00,0.0,46.182288016335576
2000-03-16 21:15:00,0.0,33.865862842433074
2000-03-16 21:30:00,0.0,0.0
2000-03-16 21:45:00,0.0,-0.0
2000-03-16 22:00:00,16.552585333294104,0.0
2000-03-16 22:15:00,25.5179789724028,0.0
2000-03-16 22:30:00,11.299781586310774,0.0
2000-03-16 22:45:00,53.44875487178845,0.0
2000-03-16 23:00:00,59.36254023407673,0.0
2000-03-16 23:15:00,0.0,54.045968445677346
2000-03-16 23:30:00,0.0,33.099096445909794
2000-03-16 23:45:00,0.0,62.833866108993135
2000-03-17 00:00:00,0.0,0.0
2000-03-17 00:15:00,0.0,0.0
2000-03-17 00:30:00,0.0,0.0
2000-03-17 00:45:00,0.0,0.0
2000-03-17 01:00:00,0.0,0.0
2000-03-17 01:15:00,0.0,0.0
2000-03-17 01:30:00,112.69517703625345,0.0
2000-03-17 01:45:00,0.0,0.0
2000-03-17 02:00:00,128.40272091902895,0.0
2000-03-17 02:15:00,0.0,0.0
2000-03-17 02:30:00,0.0,0.0
2000-03-17 02:45:00,0.0,0.0
2000-03-17 03:00:00,0.0,0.0
2000-03-17 03:15:00,0.0,0.0
2000-03-17 03:30:00,0.0,0.0
2000-03-17 03:45:00,0.0,0.0
2000-03-17 04:00:00,158.45790824691343,0.0
2000-03-17 04:15:00,159.0590034926719,0.0
2000-03-17 04:30:00,159.7859579700568,0.0
2000-03-17 04:45:00,135.37899159069121,0.0
2000-03-17 05:00:00,111.18122252562739,0.0
2000-03-17 05:15:00,124.27658131317166,0.0
2000-03-17 05:30:00,135.65429683572302,0.0
2000-03-17 05:45:00,67.9081400698619,0.0
2000-03-17 06:00:00,0.0,0.0
2000-03-17 06:15:00,0.0,0.0
2000-03-17 06:30:00,0.0,21.45648862984558
2000-03-17 06:45:00,0.0,29.050360886418105
2000-03-17 07:00:00,0.0,19.908909419869303
2000-03-17 07:15:00,0.0,0.0
2000-03-17 07:30:00,0.0,0.0
2000-03-17 07:45:00,0.0,11.052464012550274
2000-03-17 08:00:00,0.0,0.0
2000-03-17 08:15:00,0.0,0.0
2000-03-17 08:30:00,0.0,0.0
2000-03-17 08:45:00,0.0,0.0
2000-03-17 09:00:00,0.0,0.0
2000-03-17 09:15:00,0.0,0.0
2000-03-17 09:30:00,0.0,0.0
2000-03-17 09:45:00,0.0,0.0
2000-03-17 10:00:00,0.0,0.0
2000-03-17 10:15:00,0.0,0.0
2000-03-17 10:30:00,0.0,0.0
2000-03-17 10:45:00,0.0,0.0
2000-03-17 11:00:00,0.0,0.0
2000-03-17 11:15:00,0.0,0.0
2000-03-17 11:30:00,0.0,0.0
2000-03-17 11:45:00,0.0,0.0
2000-03-17 12:00:00,0.0,0.0
2000-03-17 12:15:00,0.0,0.0
2000-03-17 12:30:00,0.0,0.0
2000-03-17 12:45:00,0.0,0.0
2000-03-17 13:00:00,0.0,0.0
2000-03-17 13:15:00,0.0,0.0
2000-03-17 13:30:00,0.0,0.0
2000-03-17 13:45:00,0.0,0.0
2000-03-17 14:00:00,0.0,0.0
2000-03-17 14:15:00,0.0,0.0
2000-03-17 14:30:00,0.0,0.0
2000-03-17 14:45:00,0.0,0.0
2000-03-17 15:00:00,0.0,0.0
2000-03-17 15:15:00,0.0,0.0
2000-03-17 15:30:00,0.0,0.0
2000-03-17 15:45:00,0.0,0.0
2000-03-17 16:00:00,0.0,0.0
2000-03-17 16:15:00,90.26949911211432,0.0
2000-03-17 16:30:00,0.0,0.0
2000-03-17 16:45:00,0.0,0.0
2000-03-17 17:00:00,0.0,0.0
2000-03-17 17:15:00,0.0,0.0
2000-03-17 17:30:00,0.0,0.0
2000-03-17 17:45:00,0.0,0.0
2000-03-17 18:00:00,0.0,0.0
2000-03-17 18:15:00,0.0,39.303907322146216
2000-03-17 18:30:00,0.0,22.992354373316232
2000-03-17 18:45:00,0.0,4.890008507632444
2000-03-17 19:00:00,0.0,0.0
2000-03-17 19:15:00,0.0,18.54156946035667
2000-03-17 19:30:00,0.0,117.05554441755908
2000-03-17 19:45:00,0.0,162.44333612124086
2000-03-17 20:00:00,0.0,145.46232702833578
2000-03-17 20:15:00,0.0,107.20315902708353
2000-03-17 20:30:00,0.0,98.72290591291022
2000-03-17 20:45:00,0.0,107.23697031426934
2000-03-17 21:00:00,0.0,149.87198280650932
2000-03-17 21:15:00,0.0,143.96836240583917
2000-03-17 21:30:00,0.0,49.05957230280103
2000-03-17 21:45:00,0.0,-0.0
2000-03-17 22:00:00,0.0,-0.0
2000-03-17 22:15:00,0.0,0.0
2000-03-17 22:30:00,0.0,0.0
2000-03-17 22:45:00,-0.0,0.0
2000-03-17 23:00:00,0.0,0.0
2000-03-17 23:15:00,0.0,0.0
2000-03-17 23:30:00,0.0,0.0
2000-03-17 23:45:00,0.0,-0.0
2000-03-18 00:00:00,0.0,0.0
2000-03-18 00:15:00,0.0,0.0
2000-03-18 00:30:00,-0.0,0.0
2000-03-18 00:45:00,0.0,0.0
2000-03-18 01:00:00,0.0,0.0
2000-03-18 01:15:00,0.0,0.0
2000-03-18 01:30:00,0.0,0.0
2000-03-18 01:45:00,0.0,0.0
2000-03-18 02:00:00,0.0,0.0
2000-03-18 02:15:00,0.0,0.0
2000-03-18 02:30:00,0.0,0.0
2000-03-18 02:45:00,117.62345283405747,0.0
2000-03-18 03:00:00,0.0,0.0
2000-03-18 03:15:00,184.43704982521888,0.0
2000-03-18 03:30:00,0.0,0.0
2000-03-18 03:45:00,0.0,0.0
2000-03-18 04:00:00,0.0,0.0
2000-03-18 04:15:00,96.06549359057567,0.0
2000-03-18 04:30:00,191.89999999999998,0.0
2000-03-18 04:45:00,191.89999999999998,0.0
2000-03-18 05:00:00,191.89999999999998,0.0
2000-03-18 05:15:00,0.0,0.0
2000-03-18 05:30:00,147.67749650117295,0.0
2000-03-18 05:45:00,171.29650724897496,0.0
2000-03-18 06:00:00,0.0,-0.0
2000-03-18 06:15:00,0.0,0.0
2000-03-18 06:30:00,0.0,0.0
2000-03-18 06:45:00,0.0,0.0
2000-03-18 07:00:00,0.0,0.0
2000-03-18 07:15:00,0.0,0.0
2000-03-18 07:30:00,0.0,0.0
2000-03-18 07:45:00,0.0,0.0
2000-03-18 08:00:00,0.0,0.0
2000-03-18 08:15:00,0.0,0.0
2000-03-18 08:30:00,0.0,0.0
2000-03-18 08:45:00,0.0,0.0
2000-03-18 09:00:00,0.0,0.0
2000-03-18 09:15:00,0.0,0.0
2000-03-18 09:30:00,0.0,0.0
2000-03-18 09:45:00,0.0,0.0
2000-03-18 10:00:00,0.0,0.0
2000-03-18 10:15:00,0.0,0.0
2000-03-18 10:30:00,0.0,0.0
2000-03-18 10:45:00,0.0,0.0
2000-03-18 11:00:00,0.0,0.0
2000-03-18 11:15:00,0.0,0.0
2000-03-18 11:30:00,0.0,0.0
2000-03-18 11:45:00,0.0,0.0
2000-03-18 12:00:00,0.0,0.0
2000-03-18 12:15:00,0.0,0.0
2000-03-18 12:30:00,0.0,0.0
2000-03-18 12:45:00,0.0,0.0
2000-03-18 13:00:00,0.0,0.0
2000-03-18 13:15:00,0.0,0.0
2000-03-18 13:30:00,0.0,0.0
2000-03-18 13:45:00,0.0,0.0
2000-03-18 14:00:00,0.0,0.0
2000-03-18 14:15:00,0.0,0.0
2000-03-18 14:30:00,0.0,0.0
2000-03-18 14:45:00,0.0,0.0
2000-03-18 15:00:00,0.0,0.0
2000-03-18 15:15:00,0.0,0.0
2000-03-18 15:30:00,0.0,0.0
2000-03-18 15:45:00,0.0,0.0
2000-03-18 16:00:00,0.0,0.0
2000-03-18 16:15:00,0.0,0.0
2000-03-18 16:30:00,-0.0,0.0
2000-03-18 16:45:00,0.0,5.3272037740148335
2000-03-18 17:00:00,0.0,0.0
2000-03-18 17:15:00,5.902718863174319,0.0
2000-03-18 17:30:00,0.0,51.110686619903845
2000-03-18 17:45:00,0.0,99.33674873736999
2000-03-18 18:00:00,0.0,184.39317234989255
2000-03-18 18:15:00,0.0,137.26969808459148
2000-03-18 18:30:00,0.0,48.42589785874236
2000-03-18 18:45:00,0.0,168.74537003666381
2000-03-18 19:00:00,0.0,21.278819751392348
2000-03-18 19:15:00,0.0,93.6753279847884
2000-03-18 19:30:00,0.0,97.33823515969289
2000-03-18 19:45:00,0.0,72.81741196971274
2000-03-18 20:00:00,0.0,73.19646266714767
2000-03-18 20:15:00,0.0,49.97706669417914
2000-03-18 20:30:00,0.0,55.83097669713311
2000-03-18 20:45:00,0.0,13.356125388789849
2000-03-18 21:00:00,0.0,0.0
2000-03-18 21:15:00,0.0,0.0
2000-03-18 21:30:00,0.0,0.0
2000-03-18 21:45:00,0.0,-0.0
2000-03-18 22:00:00,0.0,0.0
2000-03-18 22:15:00,0.0,-0.0
2000-03-18 22:30:00,0.0,0.0
2000-03-18 22:45:00,0.0,0.0
2000-03-18 23:00:00,0.0,-0.0
2000-03-18 23:15:00,0.0,0.0
2000-03-18 23:30:00,0.0,0.0
2000-03-18 23:45:00,0.0,-0.0
2000-03-19 00:00:00,-0.0,0.0
2000-03-19 00:15:00,0.0,0.0
2000-03-19 00:30:00,0.0,0.0
2000-03-19 00:45:00,0.0,0.0
2000-03-19 01:00:00,0.0,0.0
2000-03-19 01:15:00,0.0,0.0
2000-03-19 01:30:00,0.0,0.0
2000-03-19 01:45:00,78.96434963431514,0.0
2000-03-19 02:00:00,69.6203563640872,0.0
2000-03-19 02:15:00,0.0,0.0
2000-03-19 02:30:00,35.9807847914433,0.0
2000-03-19 02:45:00,0.0,0.0
2000-03-19 03:00:00,84.10537946807337,0.0
2000-03-19 03:15:00,88.43340962273112,0.0
2000-03-19 03:30:00,107.63329886992217,0.0
2000-03-19 03:45:00,115.19092593355386,0.0
2000-03-19 04:00:00,110.86869830265023,0.0
2000-03-19 04:15:00,108.10088037194846,0.0
2000-03-19 04:30:00,107.53959572037536,0.0
2000-03-19 04:45:00,79.21373847522234,0.0
2000-03-19 05:00:00,79.42836671851109,0.0
2000-03-19 05:15:00,95.94450190182539,0.0
2000-03-19 05:30:00,73.60629878691162,0.0
2000-03-19 05:45:00,58.169415038429165,0.0
2000-03-19 06:00:00,0.0,-0.0
2000-03-19 06:15:00,0.0,-0.0
2000-03-19 06:30:00,0.0,0.0
2000-03-19 06:45:00,0.0,0.0
2000-03-19 07:00:00,0.0,0.0
2000-03-19 07:15:00,0.0,0.0
2000-03-19 07:30:00,0.0,0.0
2000-03-19 07:45:00,0.0,0.0
2000-03-19 08:00:00,0.0,0.0
2000-03-19 08:15:00,0.0,0.0
2000-03-19 08:30:00,0.0,0.0
2000-03-19 08:45:00,0.0,0.0
2000-03-19 09:00:00,0.0,0.0
2000-03-19 09:15:00,0.0,0.0
2000-03-19 09:30:00,0.0,0.0
2000-03-19 09:45:00,0.0,0.0
2000-03-19 10:00:00,0.0,0.0
2000-03-19 10:15:00,0.0,0.0
2000-03-19 10:30:00,0.0,0.0
2000-03-19 10:45:00,0.0,0.0
2000-03-19 11:00:00,0.0,0.0
2000-03-19 11:15:00,0.0,0.0
2000-03-19 11:30:00,0.0,0.0
2000-03-19 11:45:00,0.0,0.0
2000-03-19 12:00:00,0.0,0.0
2000-03-19 12:15:00,0.0,0.0
2000-03-19 12:30:00,0.0,0.0
2000-03-19 12:45:00,0.0,0.0
2000-03-19 13:00:00,0.0,0.0
2000-03-19 13:15:00,0.0,0.0
2000-03-19 13:30:00,0.0,0.0
2000-03-19 13:45:00,0.0,0.0
2000-03-19 14:00:00,0.0,0.0
2000-03-19 14:15:00,0.0,0.0
2000-03-19 14:30:00,0.0,0.0
2000-03-19 14:45:00,0.0,0.0
2000-03-19 15:00:00,0.0,0.0
2000-03-19 15:15:00,0.0,0.0
2000-03-19 15:30:00,0.0,0.0
2000-03-19 15:45:00,0.0,0.0
2000-03-19 16:00:00,0.0,0.0
2000-03-19 16:15:00,0.0,0.0
2000-03-19 16:30:00,0.0,0.0
2000-03-19 16:45:00,0.0,0.0
2000-03-19 17:00:00,0.0,0.0
2000-03-19 17:15:00,0.0,0.0
2000-03-19 17:30:00,0.0,0.0
2000-03-19 17:45:00,0.0,0.0
2000-03-19 18:00:00,0.0,144.23599868529328
2000-03-19 18:15:00,0.0,158.7712331323617
2000-03-19 18:30:00,0.0,131.5055799954894
2000-03-19 18:45:00,0.0,124.97138737960552
2000-03-19 19:00:00,0.0,123.37060402864535
2000-03-19 19:15:00,0.0,128.59042088419474
2000-03-19 19:30:00,0.0,0.0
2000-03-19 19:45:00,0.0,78.46846707351158
2000-03-19 20:00:00,0.0,0.0
2000-03-19 20:15:00,0.0,144.77091299062286
2000-03-19 20:30:00,0.0,0.0
2000-03-19 20:45:00,0.0,132.0673958302754
2000-03-19 21:00:00,0.0,0.0
2000-03-19 21:15:00,0.0,0.0
2000-03-19 21:30:00,0.0,-0.0
2000-03-19 21:45:00,0.0,-0.0
2000-03-19 22:00:00,10.869122953396108,0.0
2000-03-19 22:15:00,0.0,9.809383465439986
2000-03-19 22:30:00,0.0,0.0
2000-03-19 22:45:00,0.0,0.0
2000-03-19 23:00:00,0.0,-0.0
2000-03-19 23:15:00,0.0,0.0
2000-03-19 23:30:00,0.0,-0.0
2000-03-19 23:45:00,0.0,-0.0
2000-03-20 00:00:00,0.0,0.0
2000-03-20 00:15:00,0.0,0.0
2000-03-20 00:30:00,0.0,0.0
2000-03-20 00:45:00,0.0,0.0
2000-03-20 01:00:00,0.0,0.0
2000-03-20 01:15:00,0.0,0.0
2000-03-20 01:30:00,0.0,0.0
2000-03-20 01:45:00,0.0,0.0
2000-03-20 02:00:00,0.0,0.0
2000-03-20 02:15:00,0.0,0.0
2000-03-20 02:30:00,0.0,0.0
2000-03-20 02:45:00,0.0,0.0
2000-03-20 03:00:00,0.0,0.0
2000-03-20 03:15:00,0.0,0.0
2000-03-20 03:30:00,141.40000000000006,0.0
2000-03-20 03:45:00,191.89999999999998,0.0
2000-03-20 04:00:00,191.89999999999998,0.0
2000-03-20 04:15:00,0.0,0.0
2000-03-20 04:30:00,0.0,0.0
2000-03-20 04:45:00,191.89999999999998,0.0
2000-03-20 05:00:00,0.0,0.0
2000-03-20 05:15:00,191.89999999999998,0.0
2000-03-20 05:30:00,191.89999999999998,0.0
2000-03-20 05:45:00,191.89999999999998,0.0
2000-03-20 06:00:00,0.0,-0.0
2000-03-20 06:15:00,0.0,-0.0
2000-03-20 06:30:00,0.0,-0.0
2000-03-20 06:45:00,0.0,0.0
2000-03-20 07:00:00,0.0,0.0
2000-03-20 07:15:00,0.0,0.0
2000-03-20 07:30:00,0.0,0.0
2000-03-20 07:45:00,0.0,0.0
2000-03-20 08:00:00,0.0,11.528398270759169
2000-03-20 08:15:00,0.0,0.0
2000-03-20 08:30:00,0.0,0.0
2000-03-20 08:45:00,0.0,0.0
2000-03-20 09:00:00,0.0,0.0
2000-03-20 09:15:00,0.0,0.0
2000-03-20 09:30:00,0.0,0.0
2000-03-20 09:45:00,0.0,0.0
2000-03-20 10:00:00,0.0,0.0
2000-03-20 10:15:00,0.0,0.0
2000-03-20 10:30:00,0.0,0.0
2000-03-20 10:45:00,0.0,0.0
2000-03-20 11:00:00,0.0,0.0
2000-03-20 11:15:00,0.0,0.0
2000-03-20 11:30:00,0.0,0.0
2000-03-20 11:45:00,0.0,0.0
2000-03-20 12:00:00,0.0,0.0
2000-03-20 12:15:00,0.0,0.0
2000-03-20 12:30:00,0.0,0.0
2000-03-20 12:45:00,0.0,0.0
2000-03-20 13:00:00,0.0,0.0
2000-03-20 13:15:00,0.0,0.0
2000-03-20 13:30:00,0.0,0.0
2000-03-20 13:45:00,0.0,0.0
2000-03-20 14:00:00,0.0,0.0
2000-03-20 14:15:00,0.0,0.0
2000-03-20 14:30:00,0.0,0.0
2000-03-20 14:45:00,0.0,0.0
2000-03-20 15:00:00,0.0,0.0
2000-03-20 15:15:00,0.0,0.0
2000-03-20 15:30:00,0.0,0.0
2000-03-20 15:45:00,0.0,0.0
2000-03-20 16:00:00,0.0,0.0
2000-03-20 16:15:00,0.0,0.0
2000-03-20 16:30:00,0.0,0.0
2000-03-20 16:45:00,12.773848499456156,0.0
2000-03-20 17:00:00,0.0,0.0
2000-03-20 17:15:00,-0.0,0.0
2000-03-20 17:30:00,0.0,70.88507122998959
2000-03-20 17:45:00,0.0,69.40428790066119
2000-03-20 18:00:00,0.0,191.89999999999998
2000-03-20 18:15:00,0.0,191.89999999999998
2000-03-20 18:30:00,0.0,47.22778547168255
2000-03-20 18:45:00,0.0,0.0
2000-03-20 19:00:00,0.0,191.89999999999998
2000-03-20 19:15:00,0.0,191.89999999999998
2000-03-20 19:30:00,0.0,96.98014631937224
2000-03-20 19:45:00,0.0,54.644613649490964
2000-03-20 20:00:00,0.0,32.303713877844075
2000-03-20 20:15:00,0.0,0.0
2000-03-20 20:30:00,0.0,0.0
2000-03-20 20:45:00,0.0,0.0
2000-03-20 21:00:00,0.0,6.500536402414127
2000-03-20 21:15:00,0.0,21.20584514854528
2000-03-20 21:30:00,0.0,-0.0
2000-03-20 21:45:00,0.0,-0.0
2000-03-20 22:00:00,0.0,0.0
2000-03-20 22:15:00,-0.0,0.0
2000-03-20 22:30:00,0.0,0.0
2000-03-20 22:45:00,0.0,0.0
2000-03-20 23:00:00,0.0,0.0
2000-03-20 23:15:00,0.0,-0.0
2000-03-20 23:30:00,0.0,-0.0
2000-03-20 23:45:00,0.0,-0.0
2000-03-21 00:00:00,44.042365313759795,0.0
2000-03-21 00:15:00,32.75080217964645,0.0
2000-03-21 00:30:00,26.84927970040411,0.0
2000-03-21 00:45:00,49.40484032885402,0.0
2000-03-21 01:00:00,54.904436208538414,0.0
2000-03-21 01:15:00,77.56303952303955,0.0
2000-03-21 01:30:00,85.12413936814642,0.0
2000-03-21 01:45:00,75.45765249439083,0.0
2000-03-21 02:00:00,79.30509993850049,0.0
2000-03-21 02:15:00,49.76388412822203,0.0
2000-03-21 02:30:00,48.87430135326639,0.0
2000-03-21 02:45:00,93.10423951372533,0.0
2000-03-21 03:00:00,70.95698720358061,0.0
2000-03-21 03:15:00,68.1393325575363,0.0
2000-03-21 03:30:00,81.84189153420363,0.0
2000-03-21 03:45:00,95.4412852330396,0.0
2000-03-21 04:00:00,96.16644465969108,0.0
2000-03-21 04:15:00,78.08174702841694,0.0
2000-03-21 04:30:00,0.0,2.1627417139652607
2000-03-21 04:45:00,5.600759025387617,0.0
2000-03-21 05:00:00,13.551959069806173,0.0
2000-03-21 05:15:00,30.592444979946038,0.0
2000-03-21 05:30:00,37.67945836866616,0.0
2000-03-21 05:45:00,0.0,39.65446991478592
2000-03-21 06:00:00,0.0,0.0
2000-03-21 06:15:00,0.0,0.0
2000-03-21 06:30:00,0.0,0.0
2000-03-21 06:45:00,0.0,0.0
2000-03-21 07:00:00,0.0,0.0
2000-03-21 07:15:00,0.0,0.0
2000-03-21 07:30:00,0.0,0.0
2000-03-21 07:45:00,0.0,0.0
2000-03-21 08:00:00,0.0,0.0
2000-03-21 08:15:00,0.0,0.0
2000-03-21 08:30:00,0.0,0.0
2000-03-21 08:45:00,0.0,0.0
2000-03-21 09:00:00,0.0,0.0
2000-03-21 09:15:00,0.0,0.0
2000-03-21 09:30:00,0.0,0.0
2000-03-21 09:45:00,0.0,0.0
2000-03-21 10:00:00,0.0,0.0
2000-03-21 10:15:00,0.0,0.0
2000-03-21 10:30:00,0.0,0.0
2000-03-21 10:45:00,0.0,0.0
2000-03-21 11:00:00,0.0,0.0
2000-03-21 11:15:00,0.0,0.0
2000-03-21 11:30:00,0.0,0.0
2000-03-21 11:45:00,0.0,0.0
2000-03-21 12:00:00,0.0,0.0
2000-03-21 12:15:00,0.0,0.0
2000-03-21 12:30:00,0.0,0.0
2000-03-21 12:45:00,0.0,0.0
2000-03-21 13:00:00,0.0,0.0
2000-03-21 13:15:00,0.0,0.0
2000-03-21 13:30:00,0.0,0.0
2000-03-21 13:45:00,0.0,0.0
2000-03-21 14:00:00,0.0,0.0
2000-03-21 14:15:00,0.0,0.0
2000-03-21 14:30:00,0.0,0.0
2000-03-21 14:45:00,0.0,0.0
2000-03-21 15:00:00,0.0,0.0
2000-03-21 15:15:00,0.0,0.0
2000-03-21 15:30:00,0.0,0.0
2000-03-21 15:45:00,0.0,0.0
2000-03-21 16:00:00,0.0,0.0
2000-03-21 16:15:00,0.0,0.0
2000-03-21 16:30:00,0.0,0.0
2000-03-21 16:45:00,0.0,0.0
2000-03-21 17:00:00,0.0,0.0
2000-03-21 17:15:00,0.0,0.0
2000-03-21 17:30:00,0.0,0.0
2000-03-21 17:45:00,43.93847081970738,0.0
2000-03-21 18:00:00,0.0,171.95105517865932
2000-03-21 18:15:00,0.0,148.16830739035112
2000-03-21 18:30:00,0.0,0.0
2000-03-21 18:45:00,0.0,146.91371091958774
2000-03-21 19:00:00,0.0,135.08046606858397
2000-03-21 19:15:00,0.0,147.54175458852097
2000-03-21 19:30:00,0.0,134.3961566137173
2000-03-21 19:45:00,0.0,131.84122664069727
2000-03-21 20:00:00,0.0,150.8593225998822
2000-03-21 20:15:00,0.0,0.0
2000-03-21 20:30:00,0.0,0.0
2000-03-21 20:45:00,0.0,0.0
2000-03-21 21:00:00,0.0,0.0
2000-03-21 21:15:00,0.0,0.0
2000-03-21 21:30:00,0.0,0.0
2000-03-21 21:45:00,0.0,-0.0
2000-03-21 22:00:00,0.0,0.0
2000-03-21 22:15:00,0.0,-0.0
2000-03-21 22:30:00,0.0,0.0
2000-03-21 22:45:00,0.0,-0.0
2000-03-21 23:00:00,0.0,0.0
2000-03-21 23:15:00,0.0,0.0
2000-03-21 23:30:00,0.0,0.0
2000-03-21 23:45:00,0.0,0.0
2000-03-22 00:00:00,0.0,0.0
2000-03-22 00:15:00,0.0,0.0
2000-03-22 00:30:00,0.0,0.0
2000-03-22 00:45:00,0.0,0.0
2000-03-22 01:00:00,0.0,0.0
2000-03-22 01:15:00,0.0,0.0
2000-03-22 01:30:00,0.0,0.0
2000-03-22 01:45:00,0.0,0.0
2000-03-22 02:00:00,0.0,0.0
2000-03-22 02:15:00,0.0,0.0
2000-03-22 02:30:00,0.0,0.0
2000-03-22 02:45:00,170.63866298607746,0.0
2000-03-22 03:00:00,160.02653875750482,0.0
2000-03-22 03:15:00,0.0,0.0
2000-03-22 03:30:00,138.1739410244404,0.0
2000-03-22 03:45:00,68.6251802152887,0.0
2000-03-22 04:00:00,0.0,0.0
2000-03-22 04:15:00,168.28649108161588,0.0
2000-03-22 04:30:00,169.06323540689806,0.0
2000-03-22 04:45:00,0.0,0.0
2000-03-22 05:00:00,0.0,0.0
2000-03-22 05:15:00,146.07187236132734,0.0
2000-03-22 05:30:00,136.94641210728338,0.0
2000-03-22 05:45:00,134.96766605956392,0.0
2000-03-22 06:00:00,0.0,0.0
2000-03-22 06:15:00,0.0,0.0
2000-03-22 06:30:00,0.0,0.0
2000-03-22 06:45:00,0.0,0.0
2000-03-22 07:00:00,0.0,31.574428246804104
2000-03-22 07:15:00,0.0,25.285011649037386
2000-03-22 07:30:00,0.0,10.87882154286379
2000-03-22 07:45:00,0.0,0.0
2000-03-22 08:00:00,0.0,32.778521956540175
2000-03-22 08:15:00,0.0,0.0
2000-03-22 08:30:00,0.0,0.0
2000-03-22 08:45:00,0.0,0.0
2000-03-22 09:00:00,0.0,0.0
2000-03-22 09:15:00,0.0,0.0
2000-03-22 09:30:00,0.0,0.0
2000-03-22 09:45:00,0.0,0.0
2000-03-22 10:00:00,0.0,0.0
2000-03-22 10:15:00,0.0,0.0
2000-03-22 10:30:00,0.0,0.0
2000-03-22 10:45:00,0.0,0.0
2000-03-22 11:00:00,0.0,0.0
2000-03-22 11:15:00,0.0,0.0
2000-03-22 11:30:00,0.0,0.0
2000-03-22 11:45:00,0.0,0.0
2000-03-22 12:00:00,0.0,0.0
2000-03-22 12:15:00,0.0,0.0
2000-03-22 12:30:00,0.0,0.0
2000-03-22 12:45:00,0.0,0.0
2000-03-22 13:00:00,0.0,0.0
2000-03-22 13:15:00,0.0,0.0
2000-03-22 13:30:00,0.0,0.0
2000-03-22 13:45:00,0.0,0.0
2000-03-22 14:00:00,0.0,0.0
2000-03-22 14:15:00,0.0,0.0
2000-03-22 14:30:00,0.0,0.0
2000-03-22 14:45:00,0.0,0.0
2000-03-22 15:00:00,0.0,0.0
2000-03-22 15:15:00,0.0,0.0
2000-03-22 15:30:00,0.0,0.0
2000-03-22 15:45:00,0.0,0.0
2000-03-22 16:00:00,0.0,0.0
2000-03-22 16:15:00,0.0,0.0
2000-03-22 16:30:00,30.07220353317885,0.0
2000-03-22 16:45:00,39.66954930459153,0.0
2000-03-22 17:00:00,12.996492641779469,0.0
2000-03-22 17:15:00,0.0,0.0
2000-03-22 17:30:00,17.682271106756815,0.0
2000-03-22 17:45:00,10.955420693743404,0.0
2000-03-22 18:00:00,0.0,133.64511463115477
2000-03-22 18:15:00,0.0,191.89999999999998
2000-03-22 18:30:00,0.0,0.0
2000-03-22 18:45:00,0.0,36.05019611699416
2000-03-22 19:00:00,0.0,27.11500209457884
2000-03-22 19:15:00,0.0,74.13647254745845
2000-03-22 19:30:00,0.0,82.91300934884876
2000-03-22 19:45:00,0.0,44.043075541188415
2000-03-22 20:00:00,0.0,62.40269708806747
2000-03-22 20:15:00,0.0,61.839434265101175
2000-03-22 20:30:00,0.0,57.49293992112584
2000-03-22 20:45:00,0.0,78.0911935012065
2000-03-22 21:00:00,0.0,122.89882431824029
2000-03-22 21:15:00,0.0,117.39142434567506
2000-03-22 21:30:00,0.0,55.93559900039216
2000-03-22 21:45:00,0.0,20.89701727996797
2000-03-22 22:00:00,0.0,-0.0
2000-03-22 22:15:00,-0.0,0.0
2000-03-22 22:30:00,0.0,0.0
2000-03-22 22:45:00,0.0,0.0
2000-03-22 23:00:00,0.0,0.0
2000-03-22 23:15:00,0.0,0.0
2000-03-22 23:30:00,0.0,-0.0
2000-03-22 23:45:00,0.0,-0.0
2000-03-23 00:00:00,0.0,0.0
2000-03-23 00:15:00,0.0,0.0
2000-03-23 00:30:00,0.0,0.0
2000-03-23 00:45:00,0.0,0.0
2000-03-23 01:00:00,0.0,0.0
2000-03-23 01:15:00,0.0,0.0
2000-03-23 01:30:00,0.0,0.0
2000-03-23 01:45:00,0.0,0.0
2000-03-23 02:00:00,0.0,0.0
2000-03-23 02:15:00,0.0,0.0
2000-03-23 02:30:00,179.4916169349013,0.0
2000-03-23 02:45:00,40.556801415463525,0.0
2000-03-23 03:00:00,0.0,0.0
2000-03-23 03:15:00,0.0,0.0
2000-03-23 03:30:00,0.0,0.0
2000-03-23 03:45:00,0.0,0.0
2000-03-23 04:00:00,0.0,0.0
2000-03-23 04:15:00,0.0,0.0
2000-03-23 04:30:00,163.93421714628192,0.0
2000-03-23 04:45:00,146.14930088079674,0.0
2000-03-23 05:00:00,191.89999999999998,0.0
2000-03-23 05:15:00,191.89999999999998,0.0
2000-03-23 05:30:00,186.9680636225565,0.0
2000-03-23 05:45:00,191.89999999999998,0.0
2000-03-23 06:00:00,0.0,-0.0
2000-03-23 06:15:00,0.0,-0.0
2000-03-23 06:30:00,0.0,0.0
2000-03-23 06:45:00,0.0,0.0
2000-03-23 07:00:00,0.0,-0.0
2000-03-23 07:15:00,0.0,0.0
2000-03-23 07:30:00,0.0,0.0
2000-03-23 07:45:00,0.0,0.0
2000-03-23 08:00:00,0.0,0.0
2000-03-23 08:15:00,0.0,0.0
2000-03-23 08:30:00,0.0,0.0
2000-03-23 08:45:00,0.0,0.0
2000-03-23 09:00:00,0.0,0.0
2000-03-23 09:15:00,0.0,0.0
2000-03-23 09:30:00,0.0,0.0
2000-03-23 09:45:00,0.0,0.0
2000-03-23 10:00:00,0.0,0.0
2000-03-23 10:15:00,0.0,0.0
2000-03-23 10:30:00,0.0,0.0
2000-03-23 10:45:00,0.0,0.0
2000-03-23 11:00:00,0.0,0.0
2000-03-23 11:15:00,0.0,0.0
2000-03-23 11:30:00,0.0,0.0
2000-03-23 11:45:00,0.0,0.0
2000-03-23 12:00:00,0.0,0.0
2000-03-23 12:15:00,0.0,0.0
2000-03-23 12:30:00,0.0,0.0
2000-03-23 12:45:00,0.0,0.0
2000-03-23 13:00:00,0.0,0.0
2000-03-23 13:15:00,0.0,0.0
2000-03-23 13:30:00,0.0,0.0
2000-03-23 13:45:00,0.0,0.0
2000-03-23 14:00:00,0.0,0.0
2000-03-23 14:15:00,0.0,0.0
2000-03-23 14:30:00,0.0,0.0
2000-03-23 14:45:00,0.0,0.0
2000-03-23 15:00:00,0.0,0.0
2000-03-23 15:15:00,0.0,0.0
2000-03-23 15:30:00,0.0,0.0
2000-03-23 15:45:00,0.0,0.0
2000-03-23 16:00:00,0.0,0.0
2000-03-23 16:15:00,0.0,0.0
2000-03-23 16:30:00,0.0,0.0
2000-03-23 16:45:00,0.0,0.0
2000-03-23 17:00:00,0.0,0.0
2000-03-23 17:15:00,0.0,0.0
2000-03-23 17:30:00,0.0,0.0
2000-03-23 17:45:00,0.0,0.0
2000-03-23 18:00:00,0.0,85.14710018955964
2000-03-23 18:15:00,0.0,52.7627872690573
2000-03-23 18:30:00,0.0,50.19755257433499
2000-03-23 18:45:00,0.0,191.89999999999998
2000-03-23 19:00:00,0.0,191.89999999999998
2000-03-23 19:15:00,0.0,21.718104055408162
2000-03-23 19:30:00,0.0,0.0
2000-03-23 19:45:00,0.0,44.18383355372714
2000-03-23 20:00:00,0.0,76.98842698181227
2000-03-23 20:15:00,0.0,89.03494043904209
2000-03-23 20:30:00,0.0,124.12342635164896
2000-03-23 20:45:00,0.0,56.107085998653474
2000-03-23 21:00:00,0.0,46.006730228555
2000-03-23 21:15:00,0.0,37.547564036075926
2000-03-23 21:30:00,0.0,17.37747753297424
2000-03-23 21:45:00,0.0,60.94615728117202
2000-03-23 22:00:00,0.0,20.810813507978423
2000-03-23 22:15:00,0.0,-0.0
2000-03-23 22:30:00,-0.0,0.0
2000-03-23 22:45:00,0.0,0.0
2000-03-23 23:00:00,0.0,0.0
2000-03-23 23:15:00,0.0,0.0
2000-03-23 23:30:00,0.0,0.0
2000-03-23 23:45:00,0.0,-0.0
2000-03-24 00:00:00,0.0,0.0
2000-03-24 00:15:00,0.0,0.0
2000-03-24 00:30:00,0.0,0.0
2000-03-24 00:45:00,0.0,0.0
2000-03-24 01:00:00,0.0,0.0
2000-03-24 01:15:00,0.0,0.0
2000-03-24 01:30:00,0.0,0.0
2000-03-24 01:45:00,0.0,0.0
2000-03-24 02:00:00,0.0,0.0
2000-03-24 02:15:00,0.0,0.0
2000-03-24 02:30:00,0.0,0.0
2000-03-24 02:45:00,0.0,0.0
2000-03-24 03:00:00,191.89999999999998,0.0
2000-03-24 03:15:00,0.0,0.0
2000-03-24 03:30:00,171.79405665587086,0.0
2000-03-24 03:45:00,0.0,0.0
2000-03-24 04:00:00,161.50594334412912,0.0
2000-03-24 04:15:00,191.89999999999998,0.0
2000-03-24 04:30:00,191.89999999999998,0.0
2000-03-24 04:45:00,0.0,0.0
2000-03-24 05:00:00,191.89999999999998,0.0
2000-03-24 05:15:00,0.0,0.0
2000-03-24 05:30:00,0.0,0.0
2000-03-24 05:45:00,191.89999999999998,0.0
2000-03-24 06:00:00,0.0,-0.0
2000-03-24 06:15:00,0.0,-0.0
2000-03-24 06:30:00,0.0,-0.0
2000-03-24 06:45:00,0.0,0.0
2000-03-24 07:00:00,0.0,0.0
2000-03-24 07:15:00,0.0,0.0
2000-03-24 07:30:00,0.0,0.0
2000-03-24 07:45:00,0.0,0.0
2000-03-24 08:00:00,0.0,0.0
2000-03-24 08:15:00,0.0,0.0
2000-03-24 08:30:00,0.0,0.0
2000-03-24 08:45:00,0.0,0.0
2000-03-24 09:00:00,0.0,0.0
2000-03-24 09:15:00,0.0,0.0
2000-03-24 09:30:00,0.0,0.0
2000-03-24 09:45:00,0.0,0.0
2000-03-24 10:00:00,0.0,0.0
2000-03-24 10:15:00,0.0,0.0
2000-03-24 10:30:00,0.0,0.0
2000-03-24 10:45:00,0.0,0.0
2000-03-24 11:00:00,0.0,0.0
2000-03-24 11:15:00,0.0,0.0
2000-03-24 11:30:00,0.0,0.0
2000-03-24 11:45:00,0.0,0.0
2000-03-24 12:00:00,0.0,0.0
2000-03-24 12:15:00,0.0,0.0
2000-03-24 12:30:00,0.0,0.0
2000-03-24 12:45:00,0.0,0.0
2000-03-24 13:00:00,0.0,0.0
2000-03-24 13:15:00,0.0,0.0
2000-03-24 13:30:00,0.0,0.0
2000-03-24 13:45:00,0.0,0.0
2000-03-24 14:00:00,0.0,0.0
2000-03-24 14:15:00,0.0,0.0
2000-03-24 14:30:00,0.0,0.0
2000-03-24 14:45:00,0.0,0.0
2000-03-24 15:00:00,0.0,0.0
2000-03-24 15:15:00,0.0,0.0
2000-03-24 15:30:00,0.0,0.0
2000-03-24 15:45:00,0.0,0.0
2000-03-24 16:00:00,0.0,0.0
2000-03-24 16:15:00,0.0,0.0
2000-03-24 16:30:00,0.0,0.0
2000-03-24 16:45:00,0.0,0.0
2000-03-24 17:00:00,0.0,0.0
2000-03-24 17:15:00,0.0,3.3863627284695337
2000-03-24 17:30:00,3.75220246921832,0.0
2000-03-24 17:45:00,0.0,5.832175274159226
2000-03-24 18:00:00,0.0,191.89999999999998
2000-03-24 18:15:00,0.0,191.89999999999998
2000-03-24 18:30:00,0.0,191.89999999999998
2000-03-24 18:45:00,0.0,191.89999999999998
2000-03-24 19:00:00,0.0,0.0
2000-03-24 19:15:00,0.0,0.0
2000-03-24 19:30:00,0.0,170.4747753211158
2000-03-24 19:45:00,0.0,0.0
2000-03-24 20:00:00,0.0,14.803060364292833
2000-03-24 20:15:00,0.0,191.89999999999998
2000-03-24 20:30:00,0.0,16.141989040432065
2000-03-24 20:45:00,0.0,0.0
2000-03-24 21:00:00,0.0,0.0
2000-03-24 21:15:00,0.0,0.0
2000-03-24 21:30:00,0.0,0.0
2000-03-24 21:45:00,0.0,0.0
2000-03-24 22:00:00,-0.0,0.0
2000-03-24 22:15:00,-0.0,0.0
2000-03-24 22:30:00,0.0,0.0
2000-03-24 22:45:00,-0.0,0.0
2000-03-24 23:00:00,0.0,0.0
2000-03-24 23:15:00,0.0,-0.0
2000-03-24 23:30:00,0.0,0.0
2000-03-24 23:45:00,0.0,-0.0
2000-03-25 00:00:00,0.0,0.0
2000-03-25 00:15:00,0.0,0.0
2000-03-25 00:30:00,0.0,0.0
2000-03-25 00:45:00,0.0,0.0
2000-03-25 01:00:00,0.0,0.0
2000-03-25 01:15:00,0.0,0.0
2000-03-25 01:30:00,0.0,0.0
2000-03-25 01:45:00,0.0,0.0
2000-03-25 02:00:00,0.0,0.0
2000-03-25 02:15:00,0.0,0.0
2000-03-25 02:30:00,148.07109283152172,0.0
2000-03-25 02:45:00,0.0,0.0
2000-03-25 03:00:00,164.88630593005564,0.0
2000-03-25 03:15:00,0.0,0.0
2000-03-25 03:30:00,0.0,0.0
2000-03-25 03:45:00,0.0,0.0
2000-03-25 04:00:00,191.89999999999998,0.0
2000-03-25 04:15:00,191.89999999999998,0.0
2000-03-25 04:30:00,191.89999999999998,0.0
2000-03-25 04:45:00,45.747374205824556,0.0
2000-03-25 05:00:00,191.89999999999998,0.0
2000-03-25 05:15:00,0.0,0.0
2000-03-25 05:30:00,0.0,0.0
2000-03-25 05:45:00,166.4952270325981,0.0
2000-03-25 06:00:00,0.0,-0.0
2000-03-25 06:15:00,0.0,0.0
2000-03-25 06:30:00,0.0,0.0
2000-03-25 06:45:00,0.0,0.0
2000-03-25 07:00:00,0.0,0.0
2000-03-25 07:15:00,0.0,0.0
2000-03-25 07:30:00,0.0,0.0
2000-03-25 07:45:00,0.0,0.0
2000-03-25 08:00:00,0.0,0.0
2000-03-25 08:15:00,0.0,0.0
2000-03-25 08:30:00,0.0,0.0
2000-03-25 08:45:00,0.0,0.0
2000-03-25 09:00:00,0.0,0.0
2000-03-25 09:15:00,0.0,0.0
2000-03-25 09:30:00,0.0,0.0
2000-03-25 09:45:00,0.0,0.0
2000-03-25 10:00:00,0.0,0.0
2000-03-25 10:15:00,0.0,0.0
2000-03-25 10:30:00,0.0,0.0
2000-03-25 10:45:00,0.0,0.0
2000-03-25 11:00:00,0.0,0.0
2000-03-25 11:15:00,0.0,0.0
2000-03-25 11:30:00,0.0,0.0
2000-03-25 11:45:00,0.0,0.0
2000-03-25 12:00:00,0.0,0.0
2000-03-25 12:15:00,0.0,0.0
2000-03-25 12:30:00,0.0,0.0
2000-03-25 12:45:00,0.0,0.0
2000-03-25 13:00:00,0.0,0.0
2000-03-25 13:15:00,0.0,0.0
2000-03-25 13:30:00,0.0,0.0
2000-03-25 13:45:00,0.0,0.0
2000-03-25 14:00:00,0.0,0.0
2000-03-25 14:15:00,0.0,0.0
2000-03-25 14:30:00,0.0,0.0
2000-03-25 14:45:00,0.0,0.0
2000-03-25 15:00:00,0.0,0.0
2000-03-25 15:15:00,0.0,0.0
2000-03-25 15:30:00,0.0,0.0
2000-03-25 15:45:00,0.0,0.0
2000-03-25 16:00:00,0.0,0.0
2000-03-25 16:15:00,0.0,0.0
2000-03-25 16:30:00,0.0,0.0
2000-03-25 16:45:00,0.0,0.0
2000-03-25 17:00:00,0.0,0.0
2000-03-25 17:15:00,0.0,0.0
2000-03-25 17:30:00,0.0,0.0
2000-03-25 17:45:00,0.0,0.0
2000-03-25 18:00:00,0.0,17.28200485503735
2000-03-25 18:15:00,0.0,0.0
2000-03-25 18:30:00,0.0,0.0
2000-03-25 18:45:00,0.0,0.0
2000-03-25 19:00:00,0.0,29.85575446757606
2000-03-25 19:15:00,0.0,151.95307924070846
2000-03-25 19:30:00,0.0,162.65237894613563
2000-03-25 19:45:00,0.0,115.2916951010663
2000-03-25 20:00:00,0.0,132.42557422571736
2000-03-25 20:15:00,0.0,58.64030563296683
2000-03-25 20:30:00,0.0,51.98231004881802
2000-03-25 20:45:00,0.0,35.83617421210295
2000-03-25 21:00:00,0.0,77.90362528039753
2000-03-25 21:15:00,0.0,161.29112113666173
2000-03-25 21:30:00,0.0,146.1711258249333
2000-03-25 21:45:00,0.0,25.46685102787808
2000-03-25 22:00:00,0.0,0.0
2000-03-25 22:15:00,-0.0,0.0
2000-03-25 22:30:00,-0.0,0.0
2000-03-25 22:45:00,-0.0,0.0
2000-03-25 23:00:00,0.0,0.0
2000-03-25 23:15:00,0.0,0.0
2000-03-25 23:30:00,0.0,0.0
2000-03-25 23:45:00,0.0,-0.0
2000-03-26 00:00:00,-0.0,0.0
2000-03-26 00:15:00,-0.0,0.0
2000-03-26 00:30:00,0.0,0.0
2000-03-26 00:45:00,-0.0,0.0
2000-03-26 01:00:00,-0.0,0.0
2000-03-26 01:15:00,0.0,0.0
2000-03-26 01:30:00,0.0,0.0
2000-03-26 01:45:00,0.0,0.0
2000-03-26 02:00:00,0.0,0.0
2000-03-26 02:15:00,0.0,0.0
2000-03-26 02:30:00,0.0,0.0
2000-03-26 02:45:00,80.62620445430078,0.0
2000-03-26 03:00:00,0.0,0.0
2000-03-26 03:15:00,116.72120907685948,0.0
2000-03-26 03:30:00,102.0143990882181,0.0
2000-03-26 03:45:00,126.28694573220307,0.0
2000-03-26 04:00:00,135.53471614433516,0.0
2000-03-26 04:15:00,137.33998194717,0.0
2000-03-26 04:30:00,10.381131308076636,0.0
2000-03-26 04:45:00,118.98209682769952,0.0
2000-03-26 05:00:00,126.60332996141918,0.0
2000-03-26 05:15:00,142.9168687635118,0.0
2000-03-26 05:30:00,100.6624589342046,0.0
2000-03-26 05:45:00,94.73065776200144,0.0
2000-03-26 06:00:00,0.0,0.0
2000-03-26 06:15:00,0.0,0.0
2000-03-26 06:30:00,0.0,0.0
2000-03-26 06:45:00,0.0,0.0
2000-03-26 07:00:00,0.0,0.0
2000-03-26 07:15:00,0.0,0.0
2000-03-26 07:30:00,0.0,0.0
2000-03-26 07:45:00,0.0,0.0
2000-03-26 08:00:00,0.0,0.0
2000-03-26 08:15:00,0.0,0.0
2000-03-26 08:30:00,0.0,0.0
2000-03-26 08:45:00,0.0,0.0
2000-03-26 09:00:00,0.0,0.0
2000-03-26 09:15:00,0.0,0.0
2000-03-26 09:30:00,0.0,0.0
2000-03-26 09:45:00,0.0,0.0
2000-03-26 10:00:00,0.0,0.0
2000-03-26 10:15:00,0.0,0.0
2000-03-26 10:30:00,0.0,0.0
2000-03-26 10:45:00,0.0,0.0
2000-03-26 11:00:00,0.0,0.0
2000-03-26 11:15:00,0.0,0.0
2000-03-26 11:30:00,0.0,0.0
2000-03-26 11:45:00,0.0,0.0
2000-03-26 12:00:00,0.0,0.0
2000-03-26 12:15:00,0.0,0.0
2000-03-26 12:30:00,0.0,0.0
2000-03-26 12:45:00,0.0,0.0
2000-03-26 13:00:00,0.0,0.0
2000-03-26 13:15:00,0.0,0.0
2000-03-26 13:30:00,0.0,0.0
2000-03-26 13:45:00,0.0,0.0
2000-03-26 14:00:00,0.0,0.0
2000-03-26 14:15:00,0.0,0.0
2000-03-26 14:30:00,0.0,0.0
2000-03-26 14:45:00,0.0,0.0
2000-03-26 15:00:00,0.0,0.0
2000-03-26 15:15:00,0.0,0.0
2000-03-26 15:30:00,0.0,0.0
2000-03-26 15:45:00,0.0,0.0
2000-03-26 16:00:00,0.0,0.0
2000-03-26 16:15:00,-0.0,0.0
2000-03-26 16:30:00,0.0,0.0
2000-03-26 16:45:00,0.0,0.0
2000-03-26 17:00:00,0.0,0.0
2000-03-26 17:15:00,0.0,14.50305659700092
2000-03-26 17:30:00,0.0,0.0
2000-03-26 17:45:00,16.0698688055412,0.0
2000-03-26 18:00:00,0.0,154.2280340031379
2000-03-26 18:15:00,0.0,177.51486852978815
2000-03-26 18:30:00,0.0,30.9615686916884
2000-03-26 18:45:00,0.0,54.72426008642472
2000-03-26 19:00:00,0.0,114.4275572981504
2000-03-26 19:15:00,0.0,103.20378417285124
2000-03-26 19:30:00,0.0,61.66442764282286
2000-03-26 19:45:00,0.0,57.719895288326
2000-03-26 20:00:00,0.0,82.60703932034872
2000-03-26 20:15:00,0.0,60.9693707074816
2000-03-26 20:30:00,0.0,56.48013994089081
2000-03-26 20:45:00,0.0,31.335813112439865
2000-03-26 21:00:00,0.0,28.972698460465864
2000-03-26 21:15:00,0.0,49.498234403579886
2000-03-26 21:30:00,0.0,49.060889360674565
2000-03-26 21:45:00,0.0,32.73403923465392
2000-03-26 22:00:00,0.0,20.64937974627523
2000-03-26 22:15:00,-0.0,0.0
2000-03-26 22:30:00,0.0,0.0
2000-03-26 22:45:00,0.0,0.0
2000-03-26 23:00:00,0.0,0.0
2000-03-26 23:15:00,-0.0,0.0
2000-03-26 23:30:00,0.0,0.0
2000-03-26 23:45:00,0.0,0.0
2000-03-27 00:00:00,0.0,0.0
2000-03-27 00:15:00,0.0,0.0
2000-03-27 00:30:00,0.0,0.0
2000-03-27 00:45:00,0.0,0.0
2000-03-27 01:00:00,0.0,0.0
2000-03-27 01:15:00,0.0,0.0
2000-03-27 01:30:00,0.0,0.0
2000-03-27 01:45:00,0.0,0.0
2000-03-27 02:00:00,0.0,0.0
2000-03-27 02:15:00,0.0,0.0
2000-03-27 02:30:00,0.0,0.0
2000-03-27 02:45:00,79.55461222366482,0.0
2000-03-27 03:00:00,191.89999999999998,0.0
2000-03-27 03:15:00,0.0,0.0
2000-03-27 03:30:00,0.0,0.0
2000-03-27 03:45:00,0.0,0.0
2000-03-27 04:00:00,0.0,0.0
2000-03-27 04:15:00,0.0,0.0
2000-03-27 04:30:00,164.59435747181124,0.0
2000-03-27 04:45:00,146.93849111559447,0.0
2000-03-27 05:00:00,159.97957710908528,0.0
2000-03-27 05:15:00,191.89999999999998,0.0
2000-03-27 05:30:00,191.89999999999998,0.0
2000-03-27 05:45:00,166.03296207984414,0.0
2000-03-27 06:00:00,0.0,-0.0
2000-03-27 06:15:00,0.0,-0.0
2000-03-27 06:30:00,0.0,0.0
2000-03-27 06:45:00,0.0,0.0
2000-03-27 07:00:00,0.0,0.0
2000-03-27 07:15:00,0.0,0.0
2000-03-27 07:30:00,0.0,-0.0
2000-03-27 07:45:00,0.0,0.0
2000-03-27 08:00:00,0.0,0.0
2000-03-27 08:15:00,0.0,0.0
2000-03-27 08:30:00,0.0,0.0
2000-03-27 08:45:00,0.0,0.0
2000-03-27 09:00:00,0.0,0.0
2000-03-27 09:15:00,0.0,0.0
2000-03-27 09:30:00,0.0,0.0
2000-03-27 09:45:00,0.0,0.0
2000-03-27 10:00:00,0.0,0.0
2000-03-27 10:15:00,0.0,0.0
2000-03-27 10:30:00,0.0,0.0
2000-03-27 10:45:00,0.0,0.0
2000-03-27 11:00:00,0.0,0.0
2000-03-27 11:15:00,0.0,0.0
2000-03-27 11:30:00,0.0,0.0
2000-03-27 11:45:00,0.0,0.0
2000-03-27 12:00:00,0.0,0.0
2000-03-27 12:15:00,0.0,0.0
2000-03-27 12:30:00,0.0,0.0
2000-03-27 12:45:00,0.0,0.0
2000-03-27 13:00:00,0.0,0.0
2000-03-27 13:15:00,0.0,0.0
2000-03-27 13:30:00,0.0,0.0
2000-03-27 13:45:00,0.0,0.0
2000-03-27 14:00:00,0.0,0.0
2000-03-27 14:15:00,0.0,0.0
2000-03-27 14:30:00,0.0,0.0
2000-03-27 14:45:00,0.0,0.0
2000-03-27 15:00:00,0.0,0.0
2000-03-27 15:15:00,0.0,0.0
2000-03-27 15:30:00,0.0,0.0
2000-03-27 15:45:00,0.0,0.0
2000-03-27 16:00:00,0.0,0.0
2000-03-27 16:15:00,0.0,0.0
2000-03-27 16:30:00,0.0,0.0
2000-03-27 16:45:00,0.0,0.0
2000-03-27 17:00:00,0.0,0.0
2000-03-27 17:15:00,0.0,0.0
2000-03-27 17:30:00,0.0,0.0
2000-03-27 17:45:00,0.0,0.0
2000-03-27 18:00:00,0.0,-0.0
2000-03-27 18:15:00,0.0,0.0
2000-03-27 18:30:00,0.0,103.43985988505219
2000-03-27 18:45:00,0.0,1.5199314253447938
2000-03-27 19:00:00,0.0,12.791142362976075
2000-03-27 19:15:00,0.0,120.9888475546071
2000-03-27 19:30:00,0.0,128.63237173996725
2000-03-27 19:45:00,0.0,191.89999999999998
2000-03-27 20:00:00,0.0,113.99581260466374
2000-03-27 20:15:00,0.0,76.20393400407863
2000-03-27 20:30:00,0.0,59.46184111371042
2000-03-27 20:45:00,0.0,49.04390840435411
2000-03-27 21:00:00,0.0,145.41442271230568
2000-03-27 21:15:00,0.0,121.09177192629414
2000-03-27 21:30:00,0.0,34.2169961515508
2000-03-27 21:45:00,0.0,2.879642272325043
2000-03-27 22:00:00,0.0,5.171517842770243
2000-03-27 22:15:00,0.0,0.0
2000-03-27 22:30:00,0.0,0.0
2000-03-27 22:45:00,0.0,0.0
2000-03-27 23:00:00,0.0,0.0
2000-03-27 23:15:00,0.0,0.0
2000-03-27 23:30:00,0.0,-0.0
2000-03-27 23:45:00,0.0,-0.0
2000-03-28 00:00:00,0.0,0.0
2000-03-28 00:15:00,0.0,0.0
2000-03-28 00:30:00,0.0,0.0
2000-03-28 00:45:00,0.0,0.0
2000-03-28 01:00:00,0.0,0.0
2000-03-28 01:15:00,0.0,0.0
2000-03-28 01:30:00,0.0,0.0
2000-03-28 01:45:00,0.0,0.0
2000-03-28 02:00:00,0.0,0.0
2000-03-28 02:15:00,0.0,0.0
2000-03-28 02:30:00,158.73373400978727,0.0
2000-03-28 02:45:00,0.0,0.0
2000-03-28 03:00:00,191.89999999999998,0.0
2000-03-28 03:15:00,0.0,0.0
2000-03-28 03:30:00,0.0,0.0
2000-03-28 03:45:00,0.0,0.0
2000-03-28 04:00:00,0.0,0.0
2000-03-28 04:15:00,191.89999999999998,0.0
2000-03-28 04:30:00,161.09408274126926,0.0
2000-03-28 04:45:00,184.0173584967723,0.0
2000-03-28 05:00:00,0.0,0.0
2000-03-28 05:15:00,188.23832945515596,0.0
2000-03-28 05:30:00,126.23530487189802,0.0
2000-03-28 05:45:00,90.68119042511731,0.0
2000-03-28 06:00:00,0.0,-0.0
2000-03-28 06:15:00,0.0,0.0
2000-03-28 06:30:00,0.0,0.0
2000-03-28 06:45:00,0.0,0.0
2000-03-28 07:00:00,0.0,0.0
2000-03-28 07:15:00,0.0,0.0
2000-03-28 07:30:00,0.0,0.0
2000-03-28 07:45:00,0.0,0.0
2000-03-28 08:00:00,0.0,0.0
2000-03-28 08:15:00,0.0,0.0
2000-03-28 08:30:00,0.0,0.0
2000-03-28 08:45:00,0.0,0.0
2000-03-28 09:00:00,0.0,0.0
2000-03-28 09:15:00,0.0,0.0
2000-03-28 09:30:00,0.0,0.0
2000-03-28 09:45:00,0.0,0.0
2000-03-28 10:00:00,0.0,0.0
2000-03-28 10:15:00,0.0,0.0
2000-03-28 10:30:00,0.0,0.0
2000-03-28 10:45:00,0.0,0.0
2000-03-28 11:00:00,0.0,0.0
2000-03-28 11:15:00,0.0,0.0
2000-03-28 11:30:00,0.0,0.0
2000-03-28 11:45:00,0.0,0.0
2000-03-28 12:00:00,0.0,0.0
2000-03-28 12:15:00,0.0,0.0
2000-03-28 12:30:00,0.0,0.0
2000-03-28 12:45:00,0.0,0.0
2000-03-28 13:00:00,0.0,0.0
2000-03-28 13:15:00,0.0,0.0
2000-03-28 13:30:00,0.0,0.0
2000-03-28 13:45:00,0.0,0.0
2000-03-28 14:00:00,0.0,0.0
2000-03-28 14:15:00,0.0,0.0
2000-03-28 14:30:00,0.0,0.0
2000-03-28 14:45:00,0.0,0.0
2000-03-28 15:00:00,0.0,0.0
2000-03-28 15:15:00,0.0,0.0
2000-03-28 15:30:00,0.0,0.0
2000-03-28 15:45:00,0.0,0.0
2000-03-28 16:00:00,0.0,0.0
2000-03-28 16:15:00,0.0,0.0
2000-03-28 16:30:00,0.0,0.0
2000-03-28 16:45:00,0.0,0.0
2000-03-28 17:00:00,0.0,0.0
2000-03-28 17:15:00,0.0,0.0
2000-03-28 17:30:00,0.0,0.0
2000-03-28 17:45:00,0.0,0.0
2000-03-28 18:00:00,0.0,147.54489575075402
2000-03-28 18:15:00,0.0,0.0
2000-03-28 18:30:00,0.0,0.0
2000-03-28 18:45:00,0.0,22.751840668302947
2000-03-28 19:00:00,0.0,69.65932016842598
2000-03-28 19:15:00,0.0,40.67373401348303
2000-03-28 19:30:00,0.0,16.22407966932309
2000-03-28 19:45:00,0.0,8.479101645748813
2000-03-28 20:00:00,0.0,51.73607818978499
2000-03-28 20:15:00,0.0,152.07223439534178
2000-03-28 20:30:00,0.0,170.66991927308877
2000-03-28 20:45:00,0.0,159.22668928829077
2000-03-28 21:00:00,0.0,143.8161589317411
2000-03-28 21:15:00,0.0,119.35027801406696
2000-03-28 21:30:00,0.0,33.81152731929322
2000-03-28 21:45:00,0.0,29.358607524920984
2000-03-28 22:00:00,0.0,1.377535147433349
2000-03-28 22:15:00,-0.0,0.0
2000-03-28 22:30:00,-0.0,0.0
2000-03-28 22:45:00,0.0,0.0
2000-03-28 23:00:00,0.0,0.0
2000-03-28 23:15:00,0.0,0.0
2000-03-28 23:30:00,0.0,-0.0
2000-03-28 23:45:00,0.0,-0.0
2000-03-29 00:00:00,0.0,0.0
2000-03-29 00:15:00,0.0,0.0
2000-03-29 00:30:00,0.0,0.0
2000-03-29 00:45:00,0.0,0.0
2000-03-29 01:00:00,0.0,0.0
2000-03-29 01:15:00,0.0,0.0
2000-03-29 01:30:00,0.0,0.0
2000-03-29 01:45:00,0.0,0.0
2000-03-29 02:00:00,0.0,0.0
2000-03-29 02:15:00,0.0,0.0
2000-03-29 02:30:00,0.0,0.0
2000-03-29 02:45:00,102.87394588415175,0.0
2000-03-29 03:00:00,21.845812751164672,0.0
2000-03-29 03:15:00,0.0,0.0
2000-03-29 03:30:00,134.92420987141028,0.0
2000-03-29 03:45:00,129.42464753422246,0.0
2000-03-29 04:00:00,134.11390672618492,0.0
2000-03-29 04:15:00,114.99530339360584,0.0
2000-03-29 04:30:00,129.17176355126097,0.0
2000-03-29 04:45:00,104.89578920810101,0.0
2000-03-29 05:00:00,110.90652210484959,0.0
2000-03-29 05:15:00,116.02808684306378,0.0
2000-03-29 05:30:00,99.08351191723303,0.0
2000-03-29 05:45:00,94.53650021475154,0.0
2000-03-29 06:00:00,0.0,-0.0
2000-03-29 06:15:00,0.0,-0.0
2000-03-29 06:30:00,0.0,-0.0
2000-03-29 06:45:00,0.0,0.0
2000-03-29 07:00:00,0.0,0.0
2000-03-29 07:15:00,0.0,0.0
2000-03-29 07:30:00,0.0,0.0
2000-03-29 07:45:00,0.0,0.0
2000-03-29 08:00:00,0.0,0.0
2000-03-29 08:15:00,0.0,0.0
2000-03-29 08:30:00,0.0,0.0
2000-03-29 08:45:00,0.0,0.0
2000-03-29 09:00:00,0.0,0.0
2000-03-29 09:15:00,0.0,0.0
2000-03-29 09:30:00,0.0,0.0
2000-03-29 09:45:00,0.0,0.0
2000-03-29 10:00:00,0.0,0.0
2000-03-29 10:15:00,0.0,0.0
2000-03-29 10:30:00,0.0,0.0
2000-03-29 10:45:00,0.0,0.0
2000-03-29 11:00:00,0.0,0.0
2000-03-29 11:15:00,0.0,0.0
2000-03-29 11:30:00,0.0,0.0
2000-03-29 11:45:00,0.0,0.0
2000-03-29 12:00:00,0.0,0.0
2000-03-29 12:15:00,0.0,0.0
2000-03-29 12:30:00,0.0,0.0
2000-03-29 12:45:00,0.0,0.0
2000-03-29 13:00:00,0.0,0.0
2000-03-29 13:15:00,0.0,0.0
2000-03-29 13:30:00,0.0,0.0
2000-03-29 13:45:00,0.0,0.0
2000-03-29 14:00:00,0.0,0.0
2000-03-29 14:15:00,0.0,0.0
2000-03-29 14:30:00,0.0,0.0
2000-03-29 14:45:00,0.0,0.0
2000-03-29 15:00:00,0.0,0.0
2000-03-29 15:15:00,0.0,0.0
2000-03-29 15:30:00,0.0,0.0
2000-03-29 15:45:00,0.0,0.0
2000-03-29 16:00:00,0.0,0.0
2000-03-29 16:15:00,0.0,0.0
2000-03-29 16:30:00,0.0,0.0
2000-03-29 16:45:00,0.0,0.0
2000-03-29 17:00:00,0.0,0.0
2000-03-29 17:15:00,0.0,0.0
2000-03-29 17:30:00,0.0,0.0
2000-03-29 17:45:00,-0.0,0.0
2000-03-29 18:00:00,0.0,27.00864730021167
2000-03-29 18:15:00,0.0,29.332389838812606
2000-03-29 18:30:00,0.0,0.0
2000-03-29 18:45:00,0.0,0.0
2000-03-29 19:00:00,0.0,21.581707892819225
2000-03-29 19:15:00,0.0,98.68005056319595
2000-03-29 19:30:00,0.0,104.88426942302124
2000-03-29 19:45:00,0.0,120.4176143176976
2000-03-29 20:00:00,0.0,98.62069996497007
2000-03-29 20:15:00,0.0,96.25865956099892
2000-03-29 20:30:00,0.0,93.72534792214373
2000-03-29 20:45:00,0.0,110.69097661629411
2000-03-29 21:00:00,0.0,162.9836981245772
2000-03-29 21:15:00,0.0,149.53553493463966
2000-03-29 21:30:00,0.0,53.03240354061785
2000-03-29 21:45:00,0.0,0.0
2000-03-29 22:00:00,-0.0,0.0
2000-03-29 22:15:00,-0.0,0.0
2000-03-29 22:30:00,0.0,0.0
2000-03-29 22:45:00,0.0,0.0
2000-03-29 23:00:00,0.0,-0.0
2000-03-29 23:15:00,0.0,0.0
2000-03-29 23:30:00,0.0,-0.0
2000-03-29 23:45:00,0.0,-0.0
2000-03-30 00:00:00,0.0,0.0
2000-03-30 00:15:00,0.0,0.0
2000-03-30 00:30:00,0.0,0.0
2000-03-30 00:45:00,0.0,0.0
2000-03-30 01:00:00,0.0,0.0
2000-03-30 01:15:00,0.0,0.0
2000-03-30 01:30:00,0.0,0.0
2000-03-30 01:45:00,0.0,0.0
2000-03-30 02:00:00,0.0,0.0
2000-03-30 02:15:00,-0.0,0.0
2000-03-30 02:30:00,0.0,0.0
2000-03-30 02:45:00,0.0,0.0
2000-03-30 03:00:00,0.0,0.0
2000-03-30 03:15:00,0.0,0.0
2000-03-30 03:30:00,191.89999999999998,0.0
2000-03-30 03:45:00,0.0,0.0
2000-03-30 04:00:00,0.0,0.0
2000-03-30 04:15:00,141.40000000000006,0.0
2000-03-30 04:30:00,191.89999999999998,0.0
2000-03-30 04:45:00,191.89999999999998,0.0
2000-03-30 05:00:00,191.89999999999998,0.0
2000-03-30 05:15:00,191.89999999999998,0.0
2000-03-30 05:30:00,191.89999999999998,0.0
2000-03-30 05:45:00,-0.0,0.0
2000-03-30 06:00:00,0.0,0.0
2000-03-30 06:15:00,0.0,0.0
2000-03-30 06:30:00,0.0,0.0
2000-03-30 06:45:00,0.0,0.0
2000-03-30 07:00:00,0.0,0.0
2000-03-30 07:15:00,0.0,0.0
2000-03-30 07:30:00,0.0,0.0
2000-03-30 07:45:00,0.0,0.0
2000-03-30 08:00:00,0.0,0.0
2000-03-30 08:15:00,0.0,0.0
2000-03-30 08:30:00,0.0,0.0
2000-03-30 08:45:00,0.0,0.0
2000-03-30 09:00:00,0.0,0.0
2000-03-30 09:15:00,0.0,0.0
2000-03-30 09:30:00,0.0,0.0
2000-03-30 09:45:00,0.0,0.0
2000-03-30 10:00:00,0.0,0.0
2000-03-30 10:15:00,0.0,0.0
2000-03-30 10:30:00,0.0,0.0
2000-03-30 10:45:00,0.0,0.0
2000-03-30 11:00:00,0.0,0.0
2000-03-30 11:15:00,0.0,0.0
2000-03-30 11:30:00,0.0,0.0
2000-03-30 11:45:00,0.0,0.0
2000-03-30 12:00:00,0.0,0.0
2000-03-30 12:15:00,0.0,0.0
2000-03-30 12:30:00,0.0,0.0
2000-03-30 12:45:00,0.0,0.0
2000-03-30 13:00:00,0.0,0.0
2000-03-30 13:15:00,0.0,0.0
2000-03-30 13:30:00,0.0,0.0
2000-03-30 13:45:00,0.0,0.0
2000-03-30 14:00:00,0.0,0.0
2000-03-30 14:15:00,0.0,0.0
2000-03-30 14:30:00,0.0,0.0
2000-03-30 14:45:00,0.0,0.0
2000-03-30 15:00:00,0.0,0.0
2000-03-30 15:15:00,0.0,0.0
2000-03-30 15:30:00,0.0,0.0
2000-03-30 15:45:00,0.0,0.0
2000-03-30 16:00:00,0.0,0.0
2000-03-30 16:15:00,0.0,0.0
2000-03-30 16:30:00,0.0,0.0
2000-03-30 16:45:00,0.0,0.0
2000-03-30 17:00:00,0.0,0.0
2000-03-30 17:15:00,0.0,0.0
2000-03-30 17:30:00,-0.0,0.0
2000-03-30 17:45:00,0.0,0.0
2000-03-30 18:00:00,0.0,161.98701695023055
2000-03-30 18:15:00,0.0,163.0590268334538
2000-03-30 18:30:00,0.0,191.89999999999998
2000-03-30 18:45:00,0.0,173.00092172421998
2000-03-30 19:00:00,0.0,161.93900389859743
2000-03-30 19:15:00,0.0,0.0
2000-03-30 19:30:00,0.0,0.0
2000-03-30 19:45:00,0.0,148.27519831245368
2000-03-30 20:00:00,0.0,0.0
2000-03-30 20:15:00,0.0,0.0
2000-03-30 20:30:00,0.0,0.0
2000-03-30 20:45:00,0.0,0.0
2000-03-30 21:00:00,0.0,84.82915061331954
2000-03-30 21:15:00,0.0,81.76168166772493
2000-03-30 21:30:00,0.0,0.0
2000-03-30 21:45:00,0.0,-0.0
2000-03-30 22:00:00,16.41052981078277,0.0
2000-03-30 22:15:00,0.0,14.810503154231448
2000-03-30 22:30:00,-0.0,0.0
2000-03-30 22:45:00,0.0,0.0
2000-03-30 23:00:00,0.0,0.0
2000-03-30 23:15:00,0.0,0.0
2000-03-30 23:30:00,0.0,0.0
2000-03-30 23:45:00,0.0,-0.0
2000-03-31 00:00:00,0.0,0.0
2000-03-31 00:15:00,-0.0,0.0
2000-03-31 00:30:00,-0.0,0.0
2000-03-31 00:45:00,0.0,0.0
2000-03-31 01:00:00,0.0,0.0
2000-03-31 01:15:00,-0.0,0.0
2000-03-31 01:30:00,0.0,0.0
2000-03-31 01:45:00,0.0,0.0
2000-03-31 02:00:00,-0.0,0.0
2000-03-31 02:15:00,0.0,0.0
2000-03-31 02:30:00,0.0,0.0
2000-03-31 02:45:00,0.0,0.0
2000-03-31 03:00:00,0.0,0.0
2000-03-31 03:15:00,0.0,0.0
2000-03-31 03:30:00,183.13242443046337,0.0
2000-03-31 03:45:00,0.0,0.0
2000-03-31 04:00:00,180.03847744719826,0.0
2000-03-31 04:15:00,176.32711081534856,0.0
2000-03-31 04:30:00,177.23677731375057,0.0
2000-03-31 04:45:00,127.57641841035881,0.0
2000-03-31 05:00:00,161.54976724521765,0.0
2000-03-31 05:15:00,0.0,0.0
2000-03-31 05:30:00,150.63946936400038,0.0
2000-03-31 05:45:00,136.29955497366223,0.0
2000-03-31 06:00:00,0.0,-0.0
2000-03-31 06:15:00,0.0,-0.0
2000-03-31 06:30:00,0.0,0.0
2000-03-31 06:45:00,0.0,0.0
2000-03-31 07:00:00,0.0,0.0
2000-03-31 07:15:00,0.0,-0.0
2000-03-31 07:30:00,0.0,0.0
2000-03-31 07:45:00,0.0,-0.0
2000-03-31 08:00:00,0.0,0.0
2000-03-31 08:15:00,0.0,0.0
2000-03-31 08:30:00,0.0,0.0
2000-03-31 08:45:00,0.0,0.0
2000-03-31 09:00:00,0.0,0.0
2000-03-31 09:15:00,0.0,0.0
2000-03-31 09:30:00,0.0,0.0
2000-03-31 09:45:00,0.0,0.0
2000-03-31 10:00:00,0.0,0.0
2000-03-31 10:15:00,0.0,0.0
2000-03-31 10:30:00,0.0,0.0
2000-03-31 10:45:00,0.0,0.0
2000-03-31 11:00:00,0.0,0.0
2000-03-31 11:15:00,0.0,0.0
2000-03-31 11:30:00,0.0,0.0
2000-03-31 11:45:00,0.0,0.0
2000-03-31 12:00:00,0.0,0.0
2000-03-31 12:15:00,0.0,0.0
2000-03-31 12:30:00,0.0,0.0
2000-03-31 12:45:00,0.0,0.0
2000-03-31 13:00:00,0.0,0.0
2000-03-31 13:15:00,0.0,0.0
2000-03-31 13:30:00,0.0,0.0
2000-03-31 13:45:00,0.0,0.0
2000-03-31 14:00:00,0.0,0.0
2000-03-31 14:15:00,0.0,0.0
2000-03-31 14:30:00,0.0,0.0
2000-03-31 14:45:00,0.0,0.0
2000-03-31 15:00:00,0.0,0.0
2000-03-31 15:15:00,0.0,0.0
2000-03-31 15:30:00,0.0,0.0
2000-03-31 15:45:00,0.0,0.0
2000-03-31 16:00:00,0.0,0.0
2000-03-31 16:15:00,0.0,0.0
2000-03-31 16:30:00,0.0,0.0
2000-03-31 16:45:00,0.0,0.0
2000-03-31 17:00:00,0.0,0.0
2000-03-31 17:15:00,-0.0,0.0
2000-03-31 17:30:00,0.0,-0.0
2000-03-31 17:45:00,0.0,35.134387799279494
2000-03-31 18:00:00,0.0,191.89999999999998
2000-03-31 18:15:00,0.0,191.89999999999998
2000-03-31 18:30:00,0.0,191.89999999999998
2000-03-31 18:45:00,0.0,191.89999999999998
2000-03-31 19:00:00,0.0,162.86448928438512
2000-03-31 19:15:00,0.0,191.89999999999998
2000-03-31 19:30:00,0.0,9.253122916335343
2000-03-31 19:45:00,0.0,0.0
2000-03-31 20:00:00,0.0,0.0
2000-03-31 20:15:00,0.0,0.0
2000-03-31 20:30:00,0.0,0.0
2000-03-31 20:45:00,0.0,0.0
2000-03-31 21:00:00,0.0,0.0
2000-03-31 21:15:00,0.0,0.0
2000-03-31 21:30:00,0.0,0.0
2000-03-31 21:45:00,0.0,0.0
2000-03-31 22:00:00,-0.0,0.0
2000-03-31 22:15:00,30.753257569378285,0.0
2000-03-31 22:30:00,0.0,9.72290874600941
2000-03-31 22:45:00,0.0,5.407028736848815
2000-03-31 23:00:00,0.0,12.624877473505677
2000-03-31 23:15:00,0.0,0.0
2000-03-31 23:30:00,0.0,-0.0
2000-03-31 23:45:00,0.0,-0.0
2000-04-01 00:00:00,0.0,0.0
2000-04-01 00:15:00,0.0,0.0
2000-04-01 00:30:00,0.0,0.0
2000-04-01 00:45:00,0.0,0.0
2000-04-01 01:00:00,0.0,0.0
2000-04-01 01:15:00,0.0,0.0
2000-04-01 01:30:00,0.0,0.0
2000-04-01 01:45:00,0.0,0.0
2000-04-01 02:00:00,0.0,0.0
2000-04-01 02:15:00,0.0,0.0
2000-04-01 02:30:00,0.0,0.0
2000-04-01 02:45:00,50.01915649670737,0.0
2000-04-01 03:00:00,0.0,0.0
2000-04-01 03:15:00,0.0,0.0
2000-04-01 03:30:00,191.89999999999998,0.0
2000-04-01 03:45:00,0.0,0.0
2000-04-01 04:00:00,191.89999999999998,0.0
2000-04-01 04:15:00,0.0,0.0
2000-04-01 04:30:00,191.89999999999998,0.0
2000-04-01 04:45:00,191.89999999999998,0.0
2000-04-01 05:00:00,191.89999999999998,0.0
2000-04-01 05:15:00,191.89999999999998,0.0
2000-04-01 05:30:00,0.0,0.0
2000-04-01 05:45:00,91.38084350329274,0.0
2000-04-01 06:00:00,0.0,-0.0
2000-04-01 06:15:00,0.0,-0.0
2000-04-01 06:30:00,0.0,0.0
2000-04-01 06:45:00,0.0,0.0
2000-04-01 07:00:00,0.0,0.0
2000-04-01 07:15:00,0.0,0.0
2000-04-01 07:30:00,0.0,0.0
2000-04-01 07:45:00,0.0,0.0
2000-04-01 08:00:00,0.0,0.0
2000-04-01 08:15:00,0.0,0.0
2000-04-01 08:30:00,0.0,0.0
2000-04-01 08:45:00,0.0,0.0
2000-04-01 09:00:00,0.0,0.0
2000-04-01 09:15:00,0.0,0.0
2000-04-01 09:30:00,0.0,0.0
2000-04-01 09:45:00,0.0,0.0
2000-04-01 10:00:00,0.0,0.0
2000-04-01 10:15:00,0.0,0.0
2000-04-01 10:30:00,0.0,0.0
2000-04-01 10:45:00,0.0,0.0
2000-04-01 11:00:00,0.0,0.0
2000-04-01 11:15:00,0.0,0.0
2000-04-01 11:30:00,0.0,0.0
2000-04-01 11:45:00,0.0,0.0
2000-04-01 12:00:00,0.0,0.0
2000-04-01 12:15:00,0.0,0.0
2000-04-01 12:30:00,0.0,0.0
2000-04-01 12:45:00,0.0,0.0
2000-04-01 13:00:00,0.0,0.0
2000-04-01 13:15:00,0.0,0.0
2000-04-01 13:30:00,0.0,0.0
2000-04-01 13:45:00,0.0,0.0
2000-04-01 14:00:00,0.0,0.0
2000-04-01 14:15:00,0.0,0.0
2000-04-01 14:30:00,0.0,0.0
2000-04-01 14:45:00,0.0,0.0
2000-04-01 15:00:00,0.0,0.0
2000-04-01 15:15:00,0.0,0.0
2000-04-01 15:30:00,0.0,0.0
2000-04-01 15:45:00,0.0,0.0
2000-04-01 16:00:00,0.0,30.634533944243742
2000-04-01 16:15:00,0.0,30.70201681839029
2000-04-01 16:30:00,0.0,22.233345726273797
2000-04-01 16:45:00,24.61276357148563,0.0
2000-04-01 17:00:00,31.52171499745739,0.0
2000-04-01 17:15:00,36.46374468746427,0.0
2000-04-01 17:30:00,0.0,0.0
2000-04-01 17:45:00,0.0,8.718543871071176
2000-04-01 18:00:00,0.0,0.0
2000-04-01 18:15:00,0.0,162.84585048694237
2000-04-01 18:30:00,0.0,191.89999999999998
2000-04-01 18:45:00,0.0,191.89999999999998
2000-04-01 19:00:00,0.0,78.99670966201404
2000-04-01 19:15:00,0.0,58.60995571695611
2000-04-01 19:30:00,0.0,22.927978660167412
2000-04-01 19:45:00,0.0,86.25558142405447
2000-04-01 20:00:00,0.0,191.89999999999998
2000-04-01 20:15:00,0.0,102.73529607041286
2000-04-01 20:30:00,0.0,38.088469707403135
2000-04-01 20:45:00,0.0,31.87361440097834
2000-04-01 21:00:00,0.0,0.0
2000-04-01 21:15:00,0.0,0.0
2000-04-01 21:30:00,0.0,0.0
2000-04-01 21:45:00,0.0,-0.0
2000-04-01 22:00:00,0.0,0.0
2000-04-01 22:15:00,0.0,0.0
2000-04-01 22:30:00,0.0,-0.0
2000-04-01 22:45:00,0.0,-0.0
2000-04-01 23:00:00,0.0,0.0
2000-04-01 23:15:00,0.0,0.0
2000-04-01 23:30:00,0.0,0.0
2000-04-01 23:45:00,0.0,-0.0
2000-04-02 00:00:00,-0.0,0.0
2000-04-02 00:15:00,0.0,0.0
2000-04-02 00:30:00,0.0,0.0
2000-04-02 00:45:00,0.0,0.0
2000-04-02 01:00:00,31.296008442650646,0.0
2000-04-02 01:15:00,0.0,0.0
2000-04-02 01:30:00,0.0,0.0
2000-04-02 01:45:00,0.0,0.0
2000-04-02 02:00:00,66.03195911133838,0.0
2000-04-02 02:15:00,0.0,0.0
2000-04-02 02:30:00,0.0,0.0
2000-04-02 02:45:00,69.62341556158282,0.0
2000-04-02 03:00:00,79.31980664198919,0.0
2000-04-02 03:15:00,104.32019297944657,0.0
2000-04-02 03:30:00,14.293052286036827,0.0
2000-04-02 03:45:00,119.31876617011913,0.0
2000-04-02 04:00:00,107.21588547429478,0.0
2000-04-02 04:15:00,103.35914873400908,0.0
2000-04-02 04:30:00,97.43204366168978,0.0
2000-04-02 04:45:00,87.9457224145199,0.0
2000-04-02 05:00:00,104.3024834963034,0.0
2000-04-02 05:15:00,104.97657274280621,0.0
2000-04-02 05:30:00,109.70531699137345,0.0
2000-04-02 05:45:00,93.65962529183984,0.0
2000-04-02 06:00:00,0.0,0.0
2000-04-02 06:15:00,0.0,0.0
2000-04-02 06:30:00,0.0,0.0
2000-04-02 06:45:00,0.0,0.0
2000-04-02 07:00:00,0.0,0.0
2000-04-02 07:15:00,0.0,0.0
2000-04-02 07:30:00,0.0,0.0
2000-04-02 07:45:00,0.0,-0.0
2000-04-02 08:00:00,0.0,0.0
2000-04-02 08:15:00,0.0,0.0
2000-04-02 08:30:00,0.0,0.0
2000-04-02 08:45:00,0.0,0.0
2000-04-02 09:00:00,0.0,0.0
2000-04-02 09:15:00,0.0,0.0
2000-04-02 09:30:00,0.0,0.0
2000-04-02 09:45:00,0.0,0.0
2000-04-02 10:00:00,0.0,0.0
2000-04-02 10:15:00,0.0,0.0
2000-04-02 10:30:00,0.0,0.0
2000-04-02 10:45:00,0.0,0.0
2000-04-02 11:00:00,0.0,0.0
2000-04-02 11:15:00,0.0,0.0
2000-04-02 11:30:00,0.0,0.0
2000-04-02 11:45:00,0.0,0.0
2000-04-02 12:00:00,0.0,0.0
2000-04-02 12:15:00,0.0,0.0
2000-04-02 12:30:00,0.0,0.0
2000-04-02 12:45:00,0.0,0.0
2000-04-02 13:00:00,0.0,0.0
2000-04-02 13:15:00,0.0,0.0
2000-04-02 13:30:00,0.0,0.0
2000-04-02 13:45:00,0.0,0.0
2000-04-02 14:00:00,0.0,0.0
2000-04-02 14:15:00,0.0,0.0
2000-04-02 14:30:00,0.0,0.0
2000-04-02 14:45:00,0.0,0.0
2000-04-02 15:00:00,0.0,0.0
2000-04-02 15:15:00,0.0,0.0
2000-04-02 15:30:00,0.0,0.0
2000-04-02 15:45:00,0.0,0.0
2000-04-02 16:00:00,0.0,0.0
2000-04-02 16:15:00,0.0,0.0
2000-04-02 16:30:00,0.0,0.0
2000-04-02 16:45:00,0.0,0.0
2000-04-02 17:00:00,0.0,0.0
2000-04-02 17:15:00,0.0,0.0
2000-04-02 17:30:00,0.0,0.0
2000-04-02 17:45:00,0.0,0.0
2000-04-02 18:00:00,0.0,174.85201769177883
2000-04-02 18:15:00,0.0,167.81720279075222
2000-04-02 18:30:00,0.0,152.10405224540708
2000-04-02 18:45:00,0.0,176.75204738254266
2000-04-02 19:00:00,0.0,0.0
2000-04-02 19:15:00,0.0,0.0
2000-04-02 19:30:00,0.0,93.91854056438896
2000-04-02 19:45:00,0.0,8.613227293910256
2000-04-02 20:00:00,0.0,81.08727215685337
2000-04-02 20:15:00,0.0,103.27065832862968
2000-04-02 20:30:00,0.0,107.69409487343552
2000-04-02 20:45:00,0.0,50.99391580825619
2000-04-02 21:00:00,0.0,10.723491762827024
2000-04-02 21:15:00,0.0,20.24461926157855
2000-04-02 21:30:00,0.0,0.0
2000-04-02 21:45:00,0.0,5.380555071714156
2000-04-02 22:00:00,0.0,13.300304767925581
2000-04-02 22:15:00,0.0,-0.0
2000-04-02 22:30:00,-0.0,0.0
2000-04-02 22:45:00,0.0,0.0
2000-04-02 23:00:00,0.0,-0.0
2000-04-02 23:15:00,0.0,0.0
2000-04-02 23:30:00,0.0,-0.0
2000-04-02 23:45:00,0.0,-0.0
2000-04-03 00:00:00,0.0,0.0
2000-04-03 00:15:00,0.0,0.0
2000-04-03 00:30:00,0.0,0.0
2000-04-03 00:45:00,0.0,0.0
2000-04-03 01:00:00,0.0,0.0
2000-04-03 01:15:00,0.0,0.0
2000-04-03 01:30:00,0.0,0.0
2000-04-03 01:45:00,0.0,0.0
2000-04-03 02:00:00,0.0,0.0
2000-04-03 02:15:00,0.0,0.0
2000-04-03 02:30:00,0.0,0.0
2000-04-03 02:45:00,141.40000000000006,0.0
2000-04-03 03:00:00,0.0,0.0
2000-04-03 03:15:00,0.0,0.0
2000-04-03 03:30:00,0.0,0.0
2000-04-03 03:45:00,0.0,0.0
2000-04-03 04:00:00,0.0,0.0
2000-04-03 04:15:00,0.0,0.0
2000-04-03 04:30:00,191.89999999999998,0.0
2000-04-03 04:45:00,191.89999999999998,0.0
2000-04-03 05:00:00,191.89999999999998,0.0
2000-04-03 05:15:00,191.89999999999998,0.0
2000-04-03 05:30:00,191.89999999999998,0.0
2000-04-03 05:45:00,191.89999999999998,0.0
2000-04-03 06:00:00,0.0,-0.0
2000-04-03 06:15:00,0.0,0.0
2000-04-03 06:30:00,0.0,0.0
2000-04-03 06:45:00,0.0,0.0
2000-04-03 07:00:00,0.0,0.0
2000-04-03 07:15:00,0.0,0.0
2000-04-03 07:30:00,0.0,0.0
2000-04-03 07:45:00,0.0,0.0
2000-04-03 08:00:00,0.0,0.0
2000-04-03 08:15:00,0.0,0.0
2000-04-03 08:30:00,0.0,0.0
2000-04-03 08:45:00,0.0,0.0
2000-04-03 09:00:00,0.0,0.0
2000-04-03 09:15:00,0.0,0.0
2000-04-03 09:30:00,0.0,0.0
2000-04-03 09:45:00,0.0,0.0
2000-04-03 10:00:00,0.0,0.0
2000-04-03 10:15:00,0.0,0.0
2000-04-03 10:30:00,0.0,0.0
2000-04-03 10:45:00,0.0,0.0
2000-04-03 11:00:00,0.0,0.0
2000-04-03 11:15:00,0.0,0.0
2000-04-03 11:30:00,0.0,0.0
2000-04-03 11:45:00,0.0,0.0
2000-04-03 12:00:00,0.0,0.0
2000-04-03 12:15:00,0.0,0.0
2000-04-03 12:30:00,0.0,0.0
2000-04-03 12:45:00,0.0,0.0
2000-04-03 13:00:00,0.0,0.0
2000-04-03 13:15:00,0.0,0.0
2000-04-03 13:30:00,0.0,0.0
2000-04-03 13:45:00,0.0,0.0
2000-04-03 14:00:00,0.0,0.0
2000-04-03 14:15:00,0.0,0.0
2000-04-03 14:30:00,0.0,0.0
2000-04-03 14:45:00,0.0,0.0
2000-04-03 15:00:00,0.0,0.0
2000-04-03 15:15:00,0.0,0.0
2000-04-03 15:30:00,0.0,0.0
2000-04-03 15:45:00,0.0,0.0
2000-04-03 16:00:00,0.0,0.0
2000-04-03 16:15:00,0.0,0.0
2000-04-03 16:30:00,0.0,0.0
2000-04-03 16:45:00,-0.0,0.0
2000-04-03 17:00:00,0.0,0.0
2000-04-03 17:15:00,0.0,0.0
2000-04-03 17:30:00,0.0,0.0
2000-04-03 17:45:00,0.0,8.565751041041143
2000-04-03 18:00:00,0.0,133.01283339719413
2000-04-03 18:15:00,0.0,131.15046216198994
2000-04-03 18:30:00,0.0,114.28980066778843
2000-04-03 18:45:00,0.0,67.21235359567595
2000-04-03 19:00:00,0.0,151.08654193433375
2000-04-03 19:15:00,0.0,118.72247821709152
2000-04-03 19:30:00,0.0,80.21243003037404
2000-04-03 19:45:00,0.0,148.56174051148975
2000-04-03 20:00:00,0.0,79.89088258322073
2000-04-03 20:15:00,0.0,48.8896133593812
2000-04-03 20:30:00,0.0,20.93958044028909
2000-04-03 20:45:00,0.0,6.607990582399282
2000-04-03 21:00:00,0.0,50.92415140959389
2000-04-03 21:15:00,0.0,6.685390068136655
2000-04-03 21:30:00,0.0,0.0
2000-04-03 21:45:00,0.0,-0.0
2000-04-03 22:00:00,-0.0,0.0
2000-04-03 22:15:00,0.0,0.0
2000-04-03 22:30:00,0.0,0.0
2000-04-03 22:45:00,0.0,0.0
2000-04-03 23:00:00,0.0,0.0
2000-04-03 23:15:00,0.0,0.0
2000-04-03 23:30:00,0.0,-0.0
2000-04-03 23:45:00,0.0,-0.0
2000-04-04 00:00:00,0.0,0.0
2000-04-04 00:15:00,0.0,0.0
2000-04-04 00:30:00,0.0,0.0
2000-04-04 00:45:00,0.0,0.0
2000-04-04 01:00:00,0.0,0.0
2000-04-04 01:15:00,0.0,0.0
2000-04-04 01:30:00,0.0,0.0
2000-04-04 01:45:00,0.0,0.0
2000-04-04 02:00:00,0.0,0.0
2000-04-04 02:15:00,0.0,0.0
2000-04-04 02:30:00,0.0,0.0
2000-04-04 02:45:00,0.0,0.0
2000-04-04 03:00:00,0.0,0.0
2000-04-04 03:15:00,141.40000000000006,0.0
2000-04-04 03:30:00,0.0,0.0
2000-04-04 03:45:00,191.89999999999998,0.0
2000-04-04 04:00:00,0.0,0.0
2000-04-04 04:15:00,0.0,0.0
2000-04-04 04:30:00,191.89999999999998,0.0
2000-04-04 04:45:00,191.89999999999998,0.0
2000-04-04 05:00:00,191.89999999999998,0.0
2000-04-04 05:15:00,0.0,0.0
2000-04-04 05:30:00,191.89999999999998,0.0
2000-04-04 05:45:00,191.89999999999998,0.0
2000-04-04 06:00:00,0.0,-0.0
2000-04-04 06:15:00,0.0,-0.0
2000-04-04 06:30:00,0.0,0.0
2000-04-04 06:45:00,0.0,0.0
2000-04-04 07:00:00,0.0,0.0
2000-04-04 07:15:00,0.0,0.0
2000-04-04 07:30:00,0.0,0.0
2000-04-04 07:45:00,0.0,-0.0
2000-04-04 08:00:00,0.0,0.0
2000-04-04 08:15:00,0.0,0.0
2000-04-04 08:30:00,0.0,0.0
2000-04-04 08:45:00,0.0,0.0
2000-04-04 09:00:00,0.0,0.0
2000-04-04 09:15:00,0.0,0.0
2000-04-04 09:30:00,0.0,0.0
2000-04-04 09:45:00,0.0,0.0
2000-04-04 10:00:00,0.0,0.0
2000-04-04 10:15:00,0.0,0.0
2000-04-04 10:30:00,0.0,0.0
2000-04-04 10:45:00,0.0,0.0
2000-04-04 11:00:00,0.0,0.0
2000-04-04 11:15:00,0.0,0.0
2000-04-04 11:30:00,0.0,0.0
2000-04-04 11:45:00,0.0,0.0
2000-04-04 12:00:00,0.0,0.0
2000-04-04 12:15:00,0.0,0.0
2000-04-04 12:30:00,0.0,0.0
2000-04-04 12:45:00,0.0,0.0
2000-04-04 13:00:00,0.0,0.0
2000-04-04 13:15:00,0.0,0.0
2000-04-04 13:30:00,0.0,0.0
2000-04-04 13:45:00,0.0,0.0
2000-04-04 14:00:00,0.0,0.0
2000-04-04 14:15:00,0.0,0.0
2000-04-04 14:30:00,0.0,0.0
2000-04-04 14:45:00,0.0,0.0
2000-04-04 15:00:00,0.0,0.0
2000-04-04 15:15:00,0.0,0.0
2000-04-04 15:30:00,0.0,0.0
2000-04-04 15:45:00,0.0,0.0
2000-04-04 16:00:00,0.0,0.0
2000-04-04 16:15:00,0.0,0.0
2000-04-04 16:30:00,0.0,0.0
2000-04-04 16:45:00,0.0,0.0
2000-04-04 17:00:00,0.0,0.0
2000-04-04 17:15:00,0.0,0.0
2000-04-04 17:30:00,0.0,0.0
2000-04-04 17:45:00,0.0,0.0
2000-04-04 18:00:00,0.0,191.89999999999998
2000-04-04 18:15:00,0.0,191.89999999999998
2000-04-04 18:30:00,0.0,191.89999999999998
2000-04-04 18:45:00,0.0,191.89999999999998
2000-04-04 19:00:00,0.0,191.89999999999998
2000-04-04 19:15:00,0.0,13.550596239079994
2000-04-04 19:30:00,0.0,0.0
2000-04-04 19:45:00,0.0,0.0
2000-04-04 20:00:00,0.0,1.8014037609198625
2000-04-04 20:15:00,0.0,0.0
2000-04-04 20:30:00,0.0,191.89999999999998
2000-04-04 20:45:00,0.0,0.0
2000-04-04 21:00:00,0.0,0.0
2000-04-04 21:15:00,0.0,0.0
2000-04-04 21:30:00,0.0,0.0
2000-04-04 21:45:00,0.0,0.0
2000-04-04 22:00:00,22.974715725516205,0.0
2000-04-04 22:15:00,0.0,20.734680942278374
2000-04-04 22:30:00,-0.0,0.0
2000-04-04 22:45:00,-0.0,0.0
2000-04-04 23:00:00,0.0,0.0
2000-04-04 23:15:00,0.0,0.0
2000-04-04 23:30:00,0.0,-0.0
2000-04-04 23:45:00,0.0,-0.0
2000-04-05 00:00:00,0.0,0.0
2000-04-05 00:15:00,0.0,0.0
2000-04-05 00:30:00,0.0,0.0
2000-04-05 00:45:00,0.0,0.0
2000-04-05 01:00:00,0.0,0.0
2000-04-05 01:15:00,0.0,0.0
2000-04-05 01:30:00,0.0,0.0
2000-04-05 01:45:00,0.0,0.0
2000-04-05 02:00:00,0.0,0.0
2000-04-05 02:15:00,0.0,0.0
2000-04-05 02:30:00,0.0,0.0
2000-04-05 02:45:00,0.0,0.0
2000-04-05 03:00:00,0.0,0.0
2000-04-05 03:15:00,0.0,0.0
2000-04-05 03:30:00,0.0,0.0
2000-04-05 03:45:00,0.0,0.0
2000-04-05 04:00:00,191.89999999999998,0.0
2000-04-05 04:15:00,191.89999999999998,0.0
2000-04-05 04:30:00,191.89999999999998,0.0
2000-04-05 04:45:00,0.0,0.0
2000-04-05 05:00:00,191.89999999999998,0.0
2000-04-05 05:15:00,141.40000000000006,0.0
2000-04-05 05:30:00,191.89999999999998,0.0
2000-04-05 05:45:00,191.89999999999998,0.0
2000-04-05 06:00:00,0.0,-0.0
2000-04-05 06:15:00,0.0,0.0
2000-04-05 06:30:00,0.0,-0.0
2000-04-05 06:45:00,0.0,0.0
2000-04-05 07:00:00,0.0,0.0
2000-04-05 07:15:00,0.0,-0.0
2000-04-05 07:30:00,0.0,0.0
2000-04-05 07:45:00,0.0,0.0
2000-04-05 08:00:00,0.0,0.0
2000-04-05 08:15:00,0.0,0.0
2000-04-05 08:30:00,0.0,0.0
2000-04-05 08:45:00,0.0,0.0
2000-04-05 09:00:00,0.0,0.0
2000-04-05 09:15:00,0.0,0.0
2000-04-05 09:30:00,0.0,0.0
2000-04-05 09:45:00,0.0,0.0
2000-04-05 10:00:00,0.0,0.0
2000-04-05 10:15:00,0.0,0.0
2000-04-05 10:30:00,0.0,0.0
2000-04-05 10:45:00,0.0,0.0
2000-04-05 11:00:00,0.0,0.0
2000-04-05 11:15:00,0.0,0.0
2000-04-05 11:30:00,0.0,0.0
2000-04-05 11:45:00,0.0,0.0
2000-04-05 12:00:00,0.0,0.0
2000-04-05 12:15:00,0.0,0.0
2000-04-05 12:30:00,0.0,0.0
2000-04-05 12:45:00,0.0,0.0
2000-04-05 13:00:00,0.0,0.0
2000-04-05 13:15:00,0.0,0.0
2000-04-05 13:30:00,0.0,0.0
2000-04-05 13:45:00,0.0,0.0
2000-04-05 14:00:00,0.0,0.0
2000-04-05 14:15:00,0.0,0.0
2000-04-05 14:30:00,0.0,0.0
2000-04-05 14:45:00,0.0,0.0
2000-04-05 15:00:00,0.0,0.0
2000-04-05 15:15:00,0.0,0.0
2000-04-05 15:30:00,0.0,0.0
2000-04-05 15:45:00,0.0,0.0
2000-04-05 16:00:00,0.0,0.0
2000-04-05 16:15:00,0.0,0.0
2000-04-05 16:30:00,0.0,0.0
2000-04-05 16:45:00,0.0,0.0
2000-04-05 17:00:00,0.0,0.0
2000-04-05 17:15:00,0.0,0.0
2000-04-05 17:30:00,0.0,0.0
2000-04-05 17:45:00,0.0,0.0
2000-04-05 18:00:00,0.0,155.51509865749267
2000-04-05 18:15:00,0.0,0.0
2000-04-05 18:30:00,0.0,0.29310416821846275
2000-04-05 18:45:00,0.0,1.6798569059562851
2000-04-05 19:00:00,0.0,54.861242683917396
2000-04-05 19:15:00,0.0,40.10849993087015
2000-04-05 19:30:00,0.0,33.938485973946854
2000-04-05 19:45:00,0.0,0.0
2000-04-05 20:00:00,0.0,44.515833827176436
2000-04-05 20:15:00,0.0,137.15259107497582
2000-04-05 20:30:00,0.0,142.74656488479297
2000-04-05 20:45:00,0.0,114.54309607495799
2000-04-05 21:00:00,0.0,122.60789465900609
2000-04-05 21:15:00,0.0,134.77020033855007
2000-04-05 21:30:00,0.0,122.98311174136552
2000-04-05 21:45:00,0.0,42.759815991258506
2000-04-05 22:00:00,0.0,18.276603087514616
2000-04-05 22:15:00,0.0,-0.0
2000-04-05 22:30:00,-0.0,0.0
2000-04-05 22:45:00,0.0,0.0
2000-04-05 23:00:00,0.0,0.0
2000-04-05 23:15:00,0.0,0.0
2000-04-05 23:30:00,0.0,0.0
2000-04-05 23:45:00,0.0,-0.0
2000-04-06 00:00:00,0.0,0.0
2000-04-06 00:15:00,0.0,0.0
2000-04-06 00:30:00,0.0,0.0
2000-04-06 00:45:00,0.0,0.0
2000-04-06 01:00:00,0.0,0.0
2000-04-06 01:15:00,0.0,0.0
2000-04-06 01:30:00,0.0,0.0
2000-04-06 01:45:00,0.0,0.0
2000-04-06 02:00:00,0.0,0.0
2000-04-06 02:15:00,0.0,0.0
2000-04-06 02:30:00,0.0,0.0
2000-04-06 02:45:00,0.0,0.0
2000-04-06 03:00:00,0.0,0.0
2000-04-06 03:15:00,-0.0,0.0
2000-04-06 03:30:00,149.1239259259376,0.0
2000-04-06 03:45:00,104.25678994058511,0.0
2000-04-06 04:00:00,184.46046151507872,0.0
2000-04-06 04:15:00,172.96180983107263,0.0
2000-04-06 04:30:00,161.04534305907495,0.0
2000-04-06 04:45:00,0.0,0.0
2000-04-06 05:00:00,168.46718119937196,0.0
2000-04-06 05:15:00,186.04652167133054,0.0
2000-04-06 05:30:00,166.4379668575483,0.0
2000-04-06 05:45:00,-0.0,0.0
2000-04-06 06:00:00,0.0,-0.0
2000-04-06 06:15:00,0.0,-0.0
2000-04-06 06:30:00,0.0,0.0
2000-04-06 06:45:00,0.0,0.0
2000-04-06 07:00:00,0.0,0.0
2000-04-06 07:15:00,0.0,-0.0
2000-04-06 07:30:00,0.0,0.0
2000-04-06 07:45:00,0.0,0.0
2000-04-06 08:00:00,0.0,0.0
2000-04-06 08:15:00,0.0,0.0
2000-04-06 08:30:00,0.0,0.0
2000-04-06 08:45:00,0.0,0.0
2000-04-06 09:00:00,0.0,0.0
2000-04-06 09:15:00,0.0,0.0
2000-04-06 09:30:00,0.0,0.0
2000-04-06 09:45:00,0.0,0.0
2000-04-06 10:00:00,0.0,0.0
2000-04-06 10:15:00,0.0,0.0
2000-04-06 10:30:00,0.0,0.0
2000-04-06 10:45:00,0.0,0.0
2000-04-06 11:00:00,0.0,0.0
2000-04-06 11:15:00,0.0,0.0
2000-04-06 11:30:00,0.0,0.0
2000-04-06 11:45:00,0.0,0.0
2000-04-06 12:00:00,0.0,0.0
2000-04-06 12:15:00,0.0,0.0
2000-04-06 12:30:00,0.0,0.0
2000-04-06 12:45:00,0.0,0.0
2000-04-06 13:00:00,0.0,0.0
2000-04-06 13:15:00,0.0,0.0
2000-04-06 13:30:00,0.0,0.0
2000-04-06 13:45:00,0.0,0.0
2000-04-06 14:00:00,0.0,0.0
2000-04-06 14:15:00,0.0,0.0
2000-04-06 14:30:00,0.0,0.0
2000-04-06 14:45:00,0.0,0.0
2000-04-06 15:00:00,0.0,0.0
2000-04-06 15:15:00,0.0,0.0
2000-04-06 15:30:00,0.0,0.0
2000-04-06 15:45:00,0.0,0.0
2000-04-06 16:00:00,0.0,0.0
2000-04-06 16:15:00,0.0,0.0
2000-04-06 16:30:00,0.0,0.0
2000-04-06 16:45:00,0.0,0.0
2000-04-06 17:00:00,0.0,0.0
2000-04-06 17:15:00,0.0,0.0
2000-04-06 17:30:00,0.0,0.0
2000-04-06 17:45:00,0.0,0.0
2000-04-06 18:00:00,0.0,191.89999999999998
2000-04-06 18:15:00,0.0,170.95956550968626
2000-04-06 18:30:00,0.0,0.0
2000-04-06 18:45:00,0.0,0.0
2000-04-06 19:00:00,0.0,3.839387166363025
2000-04-06 19:15:00,0.0,191.89999999999998
2000-04-06 19:30:00,0.0,2.062833725899594
2000-04-06 19:45:00,0.0,22.069459674992828
2000-04-06 20:00:00,0.0,44.3230457165898
2000-04-06 20:15:00,0.0,77.26507783775028
2000-04-06 20:30:00,0.0,138.72466099459606
2000-04-06 20:45:00,0.0,143.10687441225733
2000-04-06 21:00:00,0.0,89.29515803879949
2000-04-06 21:15:00,0.0,33.623430727493
2000-04-06 21:30:00,0.0,0.0
2000-04-06 21:45:00,0.0,0.0
2000-04-06 22:00:00,0.0,57.68250619557213
2000-04-06 22:15:00,-0.0,0.0
2000-04-06 22:30:00,0.0,0.0
2000-04-06 22:45:00,0.0,0.0
2000-04-06 23:00:00,0.0,0.0
2000-04-06 23:15:00,0.0,0.0
2000-04-06 23:30:00,0.0,0.0
2000-04-06 23:45:00,0.0,-0.0
2000-04-07 00:00:00,0.0,0.0
2000-04-07 00:15:00,0.0,0.0
2000-04-07 00:30:00,0.0,0.0
2000-04-07 00:45:00,0.0,0.0
2000-04-07 01:00:00,0.0,0.0
2000-04-07 01:15:00,0.0,0.0
2000-04-07 01:30:00,0.0,0.0
2000-04-07 01:45:00,0.0,0.0
2000-04-07 02:00:00,0.0,0.0
2000-04-07 02:15:00,0.0,0.0
2000-04-07 02:30:00,0.0,0.0
2000-04-07 02:45:00,0.0,0.0
2000-04-07 03:00:00,0.0,0.0
2000-04-07 03:15:00,0.0,0.0
2000-04-07 03:30:00,0.0,0.0
2000-04-07 03:45:00,108.07828062534925,0.0
2000-04-07 04:00:00,0.0,0.0
2000-04-07 04:15:00,184.75851952182634,0.0
2000-04-07 04:30:00,184.83844354612015,0.0
2000-04-07 04:45:00,171.23206528992978,0.0
2000-04-07 05:00:00,162.78444673717945,0.0
2000-04-07 05:15:00,168.40571174167738,0.0
2000-04-07 05:30:00,170.96891240443853,0.0
2000-04-07 05:45:00,141.73362013347912,0.0
2000-04-07 06:00:00,0.0,-0.0
2000-04-07 06:15:00,0.0,-0.0
2000-04-07 06:30:00,0.0,-0.0
2000-04-07 06:45:00,0.0,0.0
2000-04-07 07:00:00,0.0,0.0
2000-04-07 07:15:00,0.0,0.0
2000-04-07 07:30:00,0.0,0.0
2000-04-07 07:45:00,0.0,0.0
2000-04-07 08:00:00,0.0,0.0
2000-04-07 08:15:00,0.0,0.0
2000-04-07 08:30:00,0.0,0.0
2000-04-07 08:45:00,0.0,0.0
2000-04-07 09:00:00,0.0,0.0
2000-04-07 09:15:00,0.0,0.0
2000-04-07 09:30:00,0.0,0.0
2000-04-07 09:45:00,0.0,0.0
2000-04-07 10:00:00,0.0,0.0
2000-04-07 10:15:00,0.0,0.0
2000-04-07 10:30:00,0.0,0.0
2000-04-07 10:45:00,0.0,0.0
2000-04-07 11:00:00,0.0,0.0
2000-04-07 11:15:00,0.0,0.0
2000-04-07 11:30:00,0.0,0.0
2000-04-07 11:45:00,0.0,0.0
2000-04-07 12:00:00,0.0,0.0
2000-04-07 12:15:00,0.0,0.0
2000-04-07 12:30:00,0.0,0.0
2000-04-07 12:45:00,0.0,0.0
2000-04-07 13:00:00,0.0,0.0
2000-04-07 13:15:00,0.0,0.0
2000-04-07 13:30:00,0.0,0.0
2000-04-07 13:45:00,0.0,0.0
2000-04-07 14:00:00,0.0,0.0
2000-04-07 14:15:00,0.0,0.0
2000-04-07 14:30:00,0.0,0.0
2000-04-07 14:45:00,0.0,0.0
2000-04-07 15:00:00,0.0,0.0
2000-04-07 15:15:00,0.0,0.0
2000-04-07 15:30:00,0.0,0.0
2000-04-07 15:45:00,0.0,0.0
2000-04-07 16:00:00,0.0,0.0
2000-04-07 16:15:00,-0.0,0.0
2000-04-07 16:30:00,0.0,0.0
2000-04-07 16:45:00,0.0,0.0
2000-04-07 17:00:00,0.0,0.0
2000-04-07 17:15:00,0.0,2.167219606789331
2000-04-07 17:30:00,0.0,2.9671737247094256
2000-04-07 17:45:00,5.689078483655146,0.0
2000-04-07 18:00:00,0.0,191.89999999999998
2000-04-07 18:15:00,0.0,125.51637259369653
2000-04-07 18:30:00,0.0,82.52708206422312
2000-04-07 18:45:00,0.0,37.16263260007719
2000-04-07 19:00:00,0.0,44.6969517511547
2000-04-07 19:15:00,0.0,191.89999999999998
2000-04-07 19:30:00,0.0,87.28547138390792
2000-04-07 19:45:00,0.0,72.06884035984586
2000-04-07 20:00:00,0.0,57.12147678213421
2000-04-07 20:15:00,0.0,29.03725157111461
2000-04-07 20:30:00,0.0,191.51008729805363
2000-04-07 20:45:00,0.0,34.27044443406061
2000-04-07 21:00:00,0.0,14.662922106055817
2000-04-07 21:15:00,0.0,0.0
2000-04-07 21:30:00,0.0,0.0
2000-04-07 21:45:00,0.0,0.0
2000-04-07 22:00:00,0.0,7.092467055675797
2000-04-07 22:15:00,0.0,0.0
2000-04-07 22:30:00,-0.0,0.0
2000-04-07 22:45:00,0.0,0.0
2000-04-07 23:00:00,0.0,0.0
2000-04-07 23:15:00,0.0,0.0
2000-04-07 23:30:00,0.0,-0.0
2000-04-07 23:45:00,0.0,-0.0
2000-04-08 00:00:00,0.0,0.0
2000-04-08 00:15:00,0.0,0.0
2000-04-08 00:30:00,0.0,0.0
2000-04-08 00:45:00,0.0,0.0
2000-04-08 01:00:00,0.0,0.0
2000-04-08 01:15:00,0.0,0.0
2000-04-08 01:30:00,0.0,0.0
2000-04-08 01:45:00,0.0,0.0
2000-04-08 02:00:00,0.0,0.0
2000-04-08 02:15:00,0.0,0.0
2000-04-08 02:30:00,0.0,0.0
2000-04-08 02:45:00,0.0,0.0
2000-04-08 03:00:00,141.40000000000006,0.0
2000-04-08 03:15:00,0.0,0.0
2000-04-08 03:30:00,0.0,0.0
2000-04-08 03:45:00,0.0,0.0
2000-04-08 04:00:00,191.89999999999998,0.0
2000-04-08 04:15:00,191.89999999999998,0.0
2000-04-08 04:30:00,191.89999999999998,0.0
2000-04-08 04:45:00,191.89999999999998,0.0
2000-04-08 05:00:00,0.0,0.0
2000-04-08 05:15:00,191.89999999999998,0.0
2000-04-08 05:30:00,0.0,0.0
2000-04-08 05:45:00,191.89999999999998,0.0
2000-04-08 06:00:00,0.0,-0.0
2000-04-08 06:15:00,0.0,0.0
2000-04-08 06:30:00,0.0,0.0
2000-04-08 06:45:00,0.0,0.0
2000-04-08 07:00:00,0.0,0.0
2000-04-08 07:15:00,0.0,0.0
2000-04-08 07:30:00,0.0,0.0
2000-04-08 07:45:00,0.0,0.0
2000-04-08 08:00:00,0.0,0.0
2000-04-08 08:15:00,0.0,0.0
2000-04-08 08:30:00,0.0,0.0
2000-04-08 08:45:00,0.0,0.0
2000-04-08 09:00:00,0.0,0.0
2000-04-08 09:15:00,0.0,0.0
2000-04-08 09:30:00,0.0,0.0
2000-04-08 09:45:00,0.0,0.0
2000-04-08 10:00:00,0.0,0.0
2000-04-08 10:15:00,0.0,0.0
2000-04-08 10:30:00,0.0,0.0
2000-04-08 10:45:00,0.0,0.0
2000-04-08 11:00:00,0.0,0.0
2000-04-08 11:15:00,0.0,0.0
2000-04-08 11:30:00,0.0,0.0
2000-04-08 11:45:00,0.0,0.0
2000-04-08 12:00:00,0.0,0.0
2000-04-08 12:15:00,0.0,0.0
2000-04-08 12:30:00,0.0,0.0
2000-04-08 12:45:00,0.0,0.0
2000-04-08 13:00:00,0.0,0.0
2000-04-08 13:15:00,0.0,0.0
2000-04-08 13:30:00,0.0,0.0
2000-04-08 13:45:00,0.0,0.0
2000-04-08 14:00:00,0.0,0.0
2000-04-08 14:15:00,0.0,0.0
2000-04-08 14:30:00,0.0,0.0
2000-04-08 14:45:00,0.0,0.0
2000-04-08 15:00:00,0.0,0.0
2000-04-08 15:15:00,0.0,0.0
2000-04-08 15:30:00,0.0,0.0
2000-04-08 15:45:00,0.0,0.0
2000-04-08 16:00:00,0.0,0.0
2000-04-08 16:15:00,0.0,0.0
2000-04-08 16:30:00,0.0,0.0
2000-04-08 16:45:00,0.0,0.0
2000-04-08 17:00:00,-0.0,0.0
2000-04-08 17:15:00,0.0,16.468179818973965
2000-04-08 17:30:00,0.0,9.78324946721608
2000-04-08 17:45:00,29.087456272786724,0.0
2000-04-08 18:00:00,0.0,191.89999999999998
2000-04-08 18:15:00,0.0,0.0
2000-04-08 18:30:00,0.0,191.89999999999998
2000-04-08 18:45:00,0.0,66.03856624277178
2000-04-08 19:00:00,0.0,58.709445225359616
2000-04-08 19:15:00,0.0,55.382701288984606
2000-04-08 19:30:00,0.0,21.562019926722712
2000-04-08 19:45:00,0.0,77.38384110326149
2000-04-08 20:00:00,0.0,191.89999999999998
2000-04-08 20:15:00,0.0,0.0
2000-04-08 20:30:00,0.0,73.96850063696326
2000-04-08 20:45:00,0.0,108.4973321548294
2000-04-08 21:00:00,0.0,80.64508873383642
2000-04-08 21:15:00,0.0,48.741286182928604
2000-04-08 21:30:00,0.0,0.1232185043421623
2000-04-08 21:45:00,0.0,0.0
2000-04-08 22:00:00,-0.0,0.0
2000-04-08 22:15:00,0.0,0.0
2000-04-08 22:30:00,0.0,-0.0
2000-04-08 22:45:00,0.0,0.0
2000-04-08 23:00:00,0.0,-0.0
2000-04-08 23:15:00,0.0,0.0
2000-04-08 23:30:00,0.0,0.0
2000-04-08 23:45:00,0.0,-0.0
2000-04-09 00:00:00,52.49274224988075,0.0
2000-04-09 00:15:00,35.36401121195294,0.0
2000-04-09 00:30:00,75.81385676647002,0.0
2000-04-09 00:45:00,0.0,0.0
2000-04-09 01:00:00,0.0,0.0
2000-04-09 01:15:00,0.0,0.0
2000-04-09 01:30:00,0.0,0.0
2000-04-09 01:45:00,62.88421111363071,0.0
2000-04-09 02:00:00,0.0,0.0
2000-04-09 02:15:00,0.0,0.0
2000-04-09 02:30:00,87.62917062994015,0.0
2000-04-09 02:45:00,104.39808076778671,0.0
2000-04-09 03:00:00,97.41777053470615,0.0
2000-04-09 03:15:00,103.7526458290034,0.0
2000-04-09 03:30:00,90.84877415593579,0.0
2000-04-09 03:45:00,106.8620032864922,0.0
2000-04-09 04:00:00,105.56364215959083,0.0
2000-04-09 04:15:00,88.55846223025185,0.0
2000-04-09 04:30:00,76.33868733214953,0.0
2000-04-09 04:45:00,73.71551583972064,0.0
2000-04-09 05:00:00,41.15029918486695,0.0
2000-04-09 05:15:00,50.966175526976286,0.0
2000-04-09 05:30:00,39.043951180645294,0.0
2000-04-09 05:45:00,0.0,40.372261518208916
2000-04-09 06:00:00,0.0,0.0
2000-04-09 06:15:00,0.0,0.0
2000-04-09 06:30:00,0.0,31.806538109199664
2000-04-09 06:45:00,0.0,43.440581507148664
2000-04-09 07:00:00,0.0,6.9997014554544705
2000-04-09 07:15:00,0.0,0.0
2000-04-09 07:30:00,0.0,0.0
2000-04-09 07:45:00,0.0,0.0
2000-04-09 08:00:00,0.0,0.0
2000-04-09 08:15:00,0.0,0.0
2000-04-09 08:30:00,0.0,0.0
2000-04-09 08:45:00,0.0,0.0
2000-04-09 09:00:00,0.0,0.0
2000-04-09 09:15:00,0.0,0.0
2000-04-09 09:30:00,0.0,0.0
2000-04-09 09:45:00,0.0,0.0
2000-04-09 10:00:00,0.0,0.0
2000-04-09 10:15:00,0.0,0.0
2000-04-09 10:30:00,0.0,0.0
2000-04-09 10:45:00,0.0,0.0
2000-04-09 11:00:00,0.0,0.0
2000-04-09 11:15:00,0.0,0.0
2000-04-09 11:30:00,0.0,0.0
2000-04-09 11:45:00,0.0,0.0
2000-04-09 12:00:00,0.0,0.0
2000-04-09 12:15:00,0.0,0.0
2000-04-09 12:30:00,0.0,0.0
2000-04-09 12:45:00,0.0,0.0
2000-04-09 13:00:00,0.0,0.0
2000-04-09 13:15:00,0.0,0.0
2000-04-09 13:30:00,0.0,0.0
2000-04-09 13:45:00,0.0,0.0
2000-04-09 14:00:00,0.0,0.0
2000-04-09 14:15:00,0.0,0.0
2000-04-09 14:30:00,0.0,0.0
2000-04-09 14:45:00,0.0,0.0
2000-04-09 15:00:00,0.0,0.0
2000-04-09 15:15:00,0.0,0.0
2000-04-09 15:30:00,0.0,0.0
2000-04-09 15:45:00,0.0,0.0
2000-04-09 16:00:00,26.766275612851707,0.0
2000-04-09 16:15:00,0.0,0.0
2000-04-09 16:30:00,54.5629073269902,0.0
2000-04-09 16:45:00,0.0,0.0
2000-04-09 17:00:00,0.0,0.0
2000-04-09 17:15:00,0.0,0.0
2000-04-09 17:30:00,36.87920344830408,0.0
2000-04-09 17:45:00,17.657633102171644,0.0
2000-04-09 18:00:00,0.0,28.990785432838692
2000-04-09 18:15:00,0.0,164.98018972107747
2000-04-09 18:30:00,0.0,191.89999999999998
2000-04-09 18:45:00,0.0,133.10842014390457
2000-04-09 19:00:00,0.0,0.16726421681812553
2000-04-09 19:15:00,0.0,142.91057961157603
2000-04-09 19:30:00,0.0,25.63631707486698
2000-04-09 19:45:00,0.0,55.694536199139094
2000-04-09 20:00:00,0.0,24.939647469224383
2000-04-09 20:15:00,0.0,140.4263127529466
2000-04-09 20:30:00,0.0,118.28299996093156
2000-04-09 20:45:00,0.0,35.606413372015965
2000-04-09 21:00:00,0.0,17.71285676773789
2000-04-09 21:15:00,0.0,22.050699057208135
2000-04-09 21:30:00,0.0,64.34497821971465
2000-04-09 21:45:00,0.0,0.0
2000-04-09 22:00:00,0.0,0.0
2000-04-09 22:15:00,0.0,-0.0
2000-04-09 22:30:00,0.0,0.0
2000-04-09 22:45:00,0.0,0.0
2000-04-09 23:00:00,0.0,0.0
2000-04-09 23:15:00,0.0,0.0
2000-04-09 23:30:00,0.0,0.0
2000-04-09 23:45:00,0.0,-0.0
